SOURCE,SOURCE_RECORD_ID,LOCATION_TEXT,geo_lat,geo_lon,geo_radius_km,geo_precision,geo_matched,geo_country,geo_state
BLUEBOOK_UNK,BerlinerBBU_0,"Harborside, Maine",,,,unresolved,,US,ME
BLUEBOOK_UNK,BerlinerBBU_1,"over Emmet, Idaho",43.869228,-116.491336,7.5,place_fuzzy,Emmett city,US,ID
BLUEBOOK_UNK,BerlinerBBU_2,"Fairfield-Suisan Air Base, California",,,,unresolved,,US,CA
BLUEBOOK_UNK,BerlinerBBU_3,"Muroc Air Base, California",,,,unresolved,,US,CA
BLUEBOOK_UNK,BerlinerBBU_4,"Meridian, Idaho",43.611493,-116.397763,6.354618862598204,place_exact,Meridian city,US,ID
BLUEBOOK_UNK,BerlinerBBU_5,"Harmon Field, Newfoundland, Canada",,,,unresolved,,CA,
BLUEBOOK_UNK,BerlinerBBU_6,"Hamilton Air Base, California",,,,unresolved,,US,CA
BLUEBOOK_UNK,BerlinerBBU_7,"Oswego, Oregon",,,,unresolved,,US,OR
BLUEBOOK_UNK,BerlinerBBU_8,"Dodgeville, Wisconsin",42.966003,-90.129703,5.0,place_exact,Dodgeville city,US,WI
BLUEBOOK_UNK,BerlinerBBU_9,"11 mi. NNE of Cave Creek, Arizona",33.98325199510719,-111.90862531262674,10.0,place_exact+offset,Cave Creek town,US,AZ
BLUEBOOK_UNK,BerlinerBBU_10,"Holloman AFB, New Mexico",32.918017352,-106.133633242,10.0,dod_site,Holloman Air Force Base,US,NM
BLUEBOOK_UNK,BerlinerBBU_11,"Indianapolis, Indiana",39.76838,-86.15804,29.79332139926665,geonames_exact,Indianapolis,US,IN
BLUEBOOK_UNK,BerlinerBBU_12,"Indianapolis, Indiana",39.76838,-86.15804,29.79332139926665,geonames_exact,Indianapolis,US,IN
BLUEBOOK_UNK,BerlinerBBU_13,"vicinity of Marion, Virginia",36.837393,-81.515664,5.0,place_exact,Marion town,US,VA
BLUEBOOK_UNK,BerlinerBBU_14,"San Pablo, California",37.962861,-122.342581,5.0,place_exact,San Pablo city,US,CA
BLUEBOOK_UNK,BerlinerBBU_15,"Fusuoka, Japan",,,,unresolved,,JP,
BLUEBOOK_UNK,BerlinerBBU_16,"Fairfield-Suisan AFB, California",,,,unresolved,,US,CA
BLUEBOOK_UNK,BerlinerBBU_17,"Hickam Field, Hawaii",,,,unresolved,,US,HI
BLUEBOOK_UNK,BerlinerBBU_18,"Cortez-Bradenton, Florida",,,,unresolved,,US,FL
BLUEBOOK_UNK,BerlinerBBU_19,"Camp Hood, Texas",,,,unresolved,,US,TX
BLUEBOOK_UNK,BerlinerBBU_20,"Dillon, Montana",45.217876,-112.63458,5.0,place_exact,Dillon city,US,MT
BLUEBOOK_UNK,BerlinerBBU_21,"Merced, California",37.305712,-120.477905,5.173785590197311,place_exact,Merced city,US,CA
BLUEBOOK_UNK,BerlinerBBU_22,"Arrey, New Mexico",32.847176,-107.320347,5.0,place_exact,Arrey CDP,US,NM
BLUEBOOK_UNK,BerlinerBBU_23,"Tucson, Arizona",32.153036,-110.870773,16.65558603658911,place_exact,Tucson city,US,AZ
BLUEBOOK_UNK,BerlinerBBU_24,"Ft. Bliss, Texas",31.83965,-106.374712,5.0,place_exact,Fort Bliss CDP,US,TX
BLUEBOOK_UNK,BerlinerBBU_25,"Livermore, California",37.686977,-121.759781,5.5174193242855845,place_exact,Livermore city,US,CA
BLUEBOOK_UNK,BerlinerBBU_26,"Tucson, Arizona",32.153036,-110.870773,16.65558603658911,place_exact,Tucson city,US,AZ
BLUEBOOK_UNK,BerlinerBBU_27,South-central Oregon,,,,region,,US,OR
BLUEBOOK_UNK,BerlinerBBU_28,"Mountain Home, Idaho",43.131833,-115.696716,5.0,place_exact,Mountain Home city,US,ID
BLUEBOOK_UNK,BerlinerBBU_29,"Mt. Hood, Oregon",45.533898,-121.566214,5.0,place_exact,Mount Hood CDP,US,OR
BLUEBOOK_UNK,BerlinerBBU_30,"Teaticket, Massachusetts",41.562579,-70.587349,5.0,place_exact,Teaticket CDP,US,MA
BLUEBOOK_UNK,BerlinerBBU_31,"Albuquerque, New Mexico",35.10478,-106.646809,14.682227578493212,place_exact,Albuquerque city,US,NM
BLUEBOOK_UNK,BerlinerBBU_32,"Los Alamos, New Mexico",35.893959,-106.290025,5.0,place_exact,Los Alamos CDP,US,NM
BLUEBOOK_UNK,BerlinerBBU_33,"Selfridge AFB, Michigan",,,,unresolved,,US,MI
BLUEBOOK_UNK,BerlinerBBU_34,"Stuggart, Arkansas",,,,unresolved,,US,AR
BLUEBOOK_UNK,BerlinerBBU_35,"Motobo, Okinawa",,,,unresolved,,JP,
BLUEBOOK_UNK,BerlinerBBU_36,"Santiago, Chile",-33.45694,-70.64827,40.0,geonames_exact,Santiago,CL,
BLUEBOOK_UNK,BerlinerBBU_37,"Marrowbore Lake, Tennessee",,,,unresolved,,US,TN
BLUEBOOK_UNK,BerlinerBBU_38,"Kokomo, Indiana",40.464011,-86.127349,6.4977546207217705,place_exact,Kokomo city,US,IN
BLUEBOOK_UNK,BerlinerBBU_39,"Ft. Monmouth, New Jersey",,,,unresolved,,US,NJ
BLUEBOOK_UNK,BerlinerBBU_40,"Nine miles sough of Ely, Nevada",,,,unresolved,,US,NV
BLUEBOOK_UNK,BerlinerBBU_41,"Texarkana, Texas",33.451136,-94.090087,6.009400672649847,place_exact,Texarkana city,US,TX
BLUEBOOK_UNK,BerlinerBBU_42,"Redstone Arsenal, Alabama",34.6327674880001,-86.657213231,10.0,dod_site,Redstone Arsenal,US,AL
BLUEBOOK_UNK,BerlinerBBU_43,"approx. 100 mi. SE of New York City (39' 35' N, 72' 24.5' W)",,,,region,,US,NY
BLUEBOOK_UNK,BerlinerBBU_44,"Nicosia, Cyprus",,,,unresolved,,US,
BLUEBOOK_UNK,BerlinerBBU_45,"approx. 250 mi. SW of Bermuda (29' 40' N, 67' 28' W)",,,,region,,BM,
BLUEBOOK_UNK,BerlinerBBU_46,"Sandy Point, Newfoundland, Canada",,,,unresolved,,CA,
BLUEBOOK_UNK,BerlinerBBU_47,"Spokane, Washington",47.666935,-117.433322,8.896614861844926,place_exact,Spokane city,US,WA
BLUEBOOK_UNK,BerlinerBBU_48,"Kit Carson, Colorado",38.762823,-102.795366,5.0,place_exact,Kit Carson town,US,CO
BLUEBOOK_UNK,BerlinerBBU_49,"Provincetown, Massachusetts",42.056519,-70.178454,5.0,place_exact,Provincetown CDP,US,MA
BLUEBOOK_UNK,BerlinerBBU_50,"Oak Ridge, Tennessee",35.966483,-84.290549,9.90612605074927,place_exact,Oak Ridge city,US,TN
BLUEBOOK_UNK,BerlinerBBU_51,"Pope AFB, North Carolina",,,,unresolved,,US,NC
BLUEBOOK_UNK,BerlinerBBU_52,"Pope AFB, North Carolina",,,,unresolved,,US,NC
BLUEBOOK_UNK,BerlinerBBU_53,"Bonlee, North Carolina",,,,unresolved,,US,NC
BLUEBOOK_UNK,BerlinerBBU_54,"Oak Ridge, Tennessee",35.966483,-84.290549,9.90612605074927,place_exact,Oak Ridge city,US,TN
BLUEBOOK_UNK,BerlinerBBU_55,"Nanyika, Kenya",,,,unresolved,,US,
BLUEBOOK_UNK,BerlinerBBU_56,"Ft. Myers, Florida",26.620074,-81.829547,6.77169222244747,place_exact,Fort Myers city,US,FL
BLUEBOOK_UNK,BerlinerBBU_57,"l0 mi. NW of Gulcana, Alaska",62.317578911614916,-145.6652095488441,10.0,place_fuzzy+offset,Gulkana CDP,US,AK
BLUEBOOK_UNK,BerlinerBBU_58,"South of Ft. Worth, Texas",32.781518,-97.346746,19.99345544032958,place_exact,Fort Worth city,US,TX
BLUEBOOK_UNK,BerlinerBBU_59,"Ft. Benning, Georgia",32.3999651170001,-84.800503604,10.0,dod_site,Fort Benning,US,GA
BLUEBOOK_UNK,BerlinerBBU_60,"Artesia, New Mexico",32.852173,-104.42457,5.0,place_exact,Artesia city,US,NM
BLUEBOOK_UNK,BerlinerBBU_61,"Johnson Air Base, Japan",,,,unresolved,,JP,
BLUEBOOK_UNK,BerlinerBBU_62,"Durban, South Africa",-29.8579,31.0292,40.0,geonames_exact,Durban,ZA,
BLUEBOOK_UNK,BerlinerBBU_63,"Ladd AFB, Alaska",,,,unresolved,,US,AK
BLUEBOOK_UNK,BerlinerBBU_64,"Chinnampo, Korea",,,,unresolved,,KR,
BLUEBOOK_UNK,BerlinerBBU_65,"McClellan AFB, California",38.664486518,-121.394469926,10.0,dod_site,McClellan AFB,US,CA
BLUEBOOK_UNK,BerlinerBBU_66,"New Delhi, India",28.62137,77.2148,17.826861754105796,geonames_exact,New Delhi,IN,
BLUEBOOK_UNK,BerlinerBBU_67,"Niagara Falls, New York",43.092841,-79.014743,5.0,place_exact,Niagara Falls city,US,NY
BLUEBOOK_UNK,BerlinerBBU_68,"Portsmouth, New Hampshire",43.060594,-70.780349,5.0,place_exact,Portsmouth city,US,NH
BLUEBOOK_UNK,BerlinerBBU_69,"Albuquerque, New Mexico",35.10478,-106.646809,14.682227578493212,place_exact,Albuquerque city,US,NM
BLUEBOOK_UNK,BerlinerBBU_70,"Matador, Texas",34.015084,-100.821094,5.0,place_exact,Matador town,US,TX
BLUEBOOK_UNK,BerlinerBBU_71,"Claremont, California",34.124925,-117.713923,5.0,place_exact,Claremont city,US,CA
BLUEBOOK_UNK,BerlinerBBU_72,"Goose Bay, Labrador, Canada",,,,unresolved,,CA,
BLUEBOOK_UNK,BerlinerBBU_73,"Columbus, Ohio",39.985531,-82.985594,15.914945428747155,place_exact,Columbus city,US,OH
BLUEBOOK_UNK,BerlinerBBU_74,"Kadena, Okinawa",26.36519,127.75857,5.0,geonames_exact,Kadena,JP,
BLUEBOOK_UNK,BerlinerBBU_75,"Terre Haute, Indiana",39.468645,-87.37255,6.276622906556607,place_exact,Terre Haute city,US,IN
BLUEBOOK_UNK,BerlinerBBU_76,"Minneapolis, Minnesota",44.963324,-93.26832,7.884118748753372,place_exact,Minneapolis city,US,MN
BLUEBOOK_UNK,BerlinerBBU_77,"Washington, DC",38.904247,-77.016517,8.388249029313434,place_exact,Washington city,US,DC
BLUEBOOK_UNK,BerlinerBBU_78,"Mankato, Minnesota",44.171109,-93.977499,5.0,place_exact,Mankato city,US,MN
BLUEBOOK_UNK,BerlinerBBU_79,"Sunbury, Ohio",40.249405,-82.880199,5.0,place_exact,Sunbury village,US,OH
BLUEBOOK_UNK,BerlinerBBU_80,"Oak Ridge, Tennessee",35.966483,-84.290549,9.90612605074927,place_exact,Oak Ridge city,US,TN
BLUEBOOK_UNK,BerlinerBBU_81,"Pittsburgh, Pennsylvania",40.439775,-79.976333,7.983918475424346,place_exact,Pittsburgh city,US,PA
BLUEBOOK_UNK,BerlinerBBU_82,over North Korea,,,,region,,KR,
BLUEBOOK_UNK,BerlinerBBU_83,"Centreville, Maryland",39.042265,-76.062538,5.0,place_exact,Centreville town,US,MD
BLUEBOOK_UNK,BerlinerBBU_84,"Yakima, Washington",46.590938,-120.5494,5.657469752460017,place_exact,Yakima city,US,WA
BLUEBOOK_UNK,BerlinerBBU_85,"60 miles west of Pt. Concepcion, California",,,,unresolved,,US,CA
BLUEBOOK_UNK,BerlinerBBU_86,"20 miles north of Misawa AFB, Japan",40.97622169278464,141.38969,10.0,geonames_exact+offset,Misawa,JP,
BLUEBOOK_UNK,BerlinerBBU_87,"Duncanville, Texas",32.64595,-96.91387,5.0,place_exact,Duncanville city,US,TX
BLUEBOOK_UNK,BerlinerBBU_88,"Phoenix, Arizona",33.572154,-112.090132,24.418586909701933,place_exact,Phoenix city,US,AZ
BLUEBOOK_UNK,BerlinerBBU_89,"Miami, Florida",25.775163,-80.208615,6.4369903595460585,place_exact,Miami city,US,FL
BLUEBOOK_UNK,BerlinerBBU_90,"Temple, Texas",31.106309,-97.390145,9.05122184508196,place_exact,Temple city,US,TX
BLUEBOOK_UNK,BerlinerBBU_91,"North Bay, Ontario, Canada",,,,unresolved,,CA,
BLUEBOOK_UNK,BerlinerBBU_92,"LaCrosse, Wisconsin",43.824685,-91.224616,7.5,place_fuzzy,La Crosse city,US,WI
BLUEBOOK_UNK,BerlinerBBU_93,"Memphis, Tennessee",35.109018,-89.966565,18.489415566750615,place_exact,Memphis city,US,TN
BLUEBOOK_UNK,BerlinerBBU_94,"Santa Cruz, California",36.974385,-122.035268,5.0,place_exact,Santa Cruz city,US,CA
BLUEBOOK_UNK,BerlinerBBU_95,"Longmeadow, Massachusetts",42.048054,-72.569275,5.0,place_exact,Longmeadow CDP,US,MA
BLUEBOOK_UNK,BerlinerBBU_96,"Yuma, Arizona",32.516286,-114.521782,11.785785977655928,place_exact,Yuma city,US,AZ
BLUEBOOK_UNK,BerlinerBBU_97,"Yuma, Arizona",32.516286,-114.521782,11.785785977655928,place_exact,Yuma city,US,AZ
BLUEBOOK_UNK,BerlinerBBU_98,"Bethesda, Maryland",38.987292,-77.118612,5.0,place_exact,Bethesda CDP,US,MD
BLUEBOOK_UNK,BerlinerBBU_99,"Corner Brook, Newfoundland, Canada",,,,unresolved,,CA,
BLUEBOOK_UNK,BerlinerBBU_100,"50 miles northwest of Kyushu, Japan (129' 51' E, 34' 19' N)",,,,unresolved,,JP,
BLUEBOOK_UNK,BerlinerBBU_101,"Corner Brook, Newfoundland, Canada",,,,unresolved,,CA,
BLUEBOOK_UNK,BerlinerBBU_102,"Naha AFB, Okinawa",26.213,127.67851,17.822036920621617,geonames_exact,Naha,JP,
BLUEBOOK_UNK,BerlinerBBU_103,"Bellevue Hill, Vermont",,,,unresolved,,US,VT
BLUEBOOK_UNK,BerlinerBBU_104,"Milton, Massachusetts",42.241559,-71.082437,5.0,place_exact,Milton CDP,US,MA
BLUEBOOK_UNK,BerlinerBBU_105,"Clovis, New Mexico",34.438569,-103.194194,5.214826597735005,place_exact,Clovis city,US,NM
BLUEBOOK_UNK,BerlinerBBU_106,"Roseville, Michigan",42.507586,-82.936582,5.0,place_exact,Roseville city,US,MI
BLUEBOOK_UNK,BerlinerBBU_107,"Yuma, Arizona",32.516286,-114.521782,11.785785977655928,place_exact,Yuma city,US,AZ
BLUEBOOK_UNK,BerlinerBBU_108,"Marshall, Texas",32.539159,-94.353173,5.836628745355585,place_exact,Marshall city,US,TX
BLUEBOOK_UNK,BerlinerBBU_109,"Goodland, Kansas",39.348512,-101.713819,5.0,place_exact,Goodland city,US,KS
BLUEBOOK_UNK,BerlinerBBU_110,"Moses Lake, Washington",47.12785,-119.276384,5.0,place_exact,Moses Lake city,US,WA
BLUEBOOK_UNK,BerlinerBBU_111,"George AFB, California",,,,unresolved,,US,CA
BLUEBOOK_UNK,BerlinerBBU_112,"Tenafly, New Jersey",40.918309,-73.950523,5.0,place_exact,Tenafly borough,US,NJ
BLUEBOOK_UNK,BerlinerBBU_113,"Keesler AFB, Mississippi",30.40888346,-88.924669922,10.0,dod_site,Keesler AFB,US,MS
BLUEBOOK_UNK,BerlinerBBU_114,"George AFB, California",,,,unresolved,,US,CA
BLUEBOOK_UNK,BerlinerBBU_115,"Ellenton, South Carolina",,,,unresolved,,US,SC
BLUEBOOK_UNK,BerlinerBBU_116,"Mayaquez, Puerto Rico",18.201221,-67.14178,7.5,place_fuzzy,Mayagüez zona urbana,US,PR
BLUEBOOK_UNK,BerlinerBBU_117,"Houston, Texas",29.785743,-95.388806,27.15177795692618,place_exact,Houston city,US,TX
BLUEBOOK_UNK,BerlinerBBU_118,"Walnut Lake, Michigan",,,,unresolved,,US,MI
BLUEBOOK_UNK,BerlinerBBU_119,"Saigon, French Indo China",,,,unresolved,,CN,
BLUEBOOK_UNK,BerlinerBBU_120,"Albuquerque, New Mexico",35.10478,-106.646809,14.682227578493212,place_exact,Albuquerque city,US,NM
BLUEBOOK_UNK,BerlinerBBU_121,"San Antonio, Texas",29.463408,-98.524287,23.962933858589,place_exact,San Antonio city,US,TX
BLUEBOOK_UNK,BerlinerBBU_122,"Rapid City, South Dakota",44.071071,-103.217924,7.935058047816804,place_exact,Rapid City city,US,SD
BLUEBOOK_UNK,BerlinerBBU_123,"Walla, Washington",,,,unresolved,,US,WA
BLUEBOOK_UNK,BerlinerBBU_124,"Soap Lake, Washington",47.391092,-119.484608,5.0,place_exact,Soap Lake city,US,WA
BLUEBOOK_UNK,BerlinerBBU_125,"Bayview, Washington",48.487,-122.462553,7.5,place_fuzzy,Bay View CDP,US,WA
BLUEBOOK_UNK,BerlinerBBU_126,"Fulda, West Germany",50.55162,9.67518,7.984985911070851,geonames_exact,Fulda,DE,
BLUEBOOK_UNK,BerlinerBBU_127,"Lubbock, Texas",33.566831,-101.887847,12.447654486778712,place_exact,Lubbock city,US,TX
BLUEBOOK_UNK,BerlinerBBU_128,"Albuquerque, New Mexico",35.10478,-106.646809,14.682227578493212,place_exact,Albuquerque city,US,NM
BLUEBOOK_UNK,BerlinerBBU_129,"Offutt AFB, Omaha, Nebraska",,,,unresolved,,US,NE
BLUEBOOK_UNK,BerlinerBBU_130,"Kimpo AFB, Korea",,,,unresolved,,KR,
BLUEBOOK_UNK,BerlinerBBU_131,"Albuquerque, New Mexico",35.10478,-106.646809,14.682227578493212,place_exact,Albuquerque city,US,NM
BLUEBOOK_UNK,BerlinerBBU_132,"Albuquerque, New Mexico",35.10478,-106.646809,14.682227578493212,place_exact,Albuquerque city,US,NM
BLUEBOOK_UNK,BerlinerBBU_133,"Minneapolis, Minnesota",44.963324,-93.26832,7.884118748753372,place_exact,Minneapolis city,US,MN
BLUEBOOK_UNK,BerlinerBBU_134,"Ft. Smith, Arkansas",35.349276,-94.370883,8.582758712157245,place_exact,Fort Smith city,US,AR
BLUEBOOK_UNK,BerlinerBBU_135,"Marakesch, Morocco",,,,unresolved,,MA,
BLUEBOOK_UNK,BerlinerBBU_136,"Middletown, Pennsylvania",40.644006,-75.324584,5.0,place_exact,Middletown CDP,US,PA
BLUEBOOK_UNK,BerlinerBBU_137,"Louisville, Kentucky",38.224728,-85.740614,8.412667802519932,place_exact,Louisville city,US,KY
BLUEBOOK_UNK,BerlinerBBU_138,"Walker AFB, New Mexico",,,,unresolved,,US,NM
BLUEBOOK_UNK,BerlinerBBU_139,"McChord AFB, Washington",,,,unresolved,,US,WA
BLUEBOOK_UNK,BerlinerBBU_140,"Cape Cod, Massachusetts",,,,unresolved,,US,MA
BLUEBOOK_UNK,BerlinerBBU_141,"Columbus, Wisconsin",43.336805,-89.029988,5.0,place_exact,Columbus city,US,WI
BLUEBOOK_UNK,BerlinerBBU_142,"Walnut Lake, Michigan",,,,unresolved,,US,MI
BLUEBOOK_UNK,BerlinerBBU_143,"Goose Bay, Labrador, Canada",,,,unresolved,,CA,
BLUEBOOK_UNK,BerlinerBBU_144,"Yuma, Arizona",32.516286,-114.521782,11.785785977655928,place_exact,Yuma city,US,AZ
BLUEBOOK_UNK,BerlinerBBU_145,Central Korea,,,,region,,KR,
BLUEBOOK_UNK,BerlinerBBU_146,"Kelly AFB, Texas",,,,unresolved,,US,TX
BLUEBOOK_UNK,BerlinerBBU_147,"Pyungthek, Korea",,,,unresolved,,KR,
BLUEBOOK_UNK,BerlinerBBU_148,"Spokane, Washington",47.666935,-117.433322,8.896614861844926,place_exact,Spokane city,US,WA
BLUEBOOK_UNK,BerlinerBBU_149,"McChord AFB, Washington",,,,unresolved,,US,WA
BLUEBOOK_UNK,BerlinerBBU_150,"Kirksville, Missouri",40.198171,-92.574562,5.0,place_exact,Kirksville city,US,MO
BLUEBOOK_UNK,BerlinerBBU_151,"Oak Ridge, Tennessee",35.966483,-84.290549,9.90612605074927,place_exact,Oak Ridge city,US,TN
BLUEBOOK_UNK,BerlinerBBU_152,"Owensboro, Kentucky",37.757172,-87.117398,5.0,place_exact,Owensboro city,US,KY
BLUEBOOK_UNK,BerlinerBBU_153,"Location unknown, but information came via Japan Hq. ""CV 4359""",,,,unresolved,,JP,
BLUEBOOK_UNK,BerlinerBBU_154,"Chicago, Illinois",41.837045,-87.684939,16.190785623653692,place_exact,Chicago city,US,IL
BLUEBOOK_UNK,BerlinerBBU_155,Japan-Korea area,,,,region,,KR,
BLUEBOOK_UNK,BerlinerBBU_156,"Terre Haute, Indiana",39.468645,-87.37255,6.276622906556607,place_exact,Terre Haute city,US,IN
BLUEBOOK_UNK,BerlinerBBU_157,"Pottstown, Pennsylvania",40.250924,-75.644754,5.0,place_exact,Pottstown borough,US,PA
BLUEBOOK_UNK,BerlinerBBU_158,"Topeka, Kansas",39.03468,-95.694825,8.41026386162897,place_exact,Topeka city,US,KS
BLUEBOOK_UNK,BerlinerBBU_159,"Lake Kishkanoug, Wisconsin",,,,unresolved,,US,WI
BLUEBOOK_UNK,BerlinerBBU_160,"Nagoya, Japan",35.18147,136.90641,40.0,geonames_exact,Nagoya,JP,
BLUEBOOK_UNK,BerlinerBBU_161,"O'Hare Airport, Chicago, Illinois",,,,unresolved,,US,IL
BLUEBOOK_UNK,BerlinerBBU_162,"Selfridge AFB, Michigan",,,,unresolved,,US,MI
BLUEBOOK_UNK,BerlinerBBU_163,"Chicago, Illinois",41.837045,-87.684939,16.190785623653692,place_exact,Chicago city,US,IL
BLUEBOOK_UNK,BerlinerBBU_164,"Norman, Oklahoma",35.240569,-97.345299,14.345395591152815,place_exact,Norman city,US,OK
BLUEBOOK_UNK,BerlinerBBU_165,"Elizabeth, New Jersey",40.666367,-74.193503,5.0,place_exact,Elizabeth city,US,NJ
BLUEBOOK_UNK,BerlinerBBU_166,"Colorado Springs, Colorado",38.867255,-104.760749,14.997511808444907,place_exact,Colorado Springs city,US,CO
BLUEBOOK_UNK,BerlinerBBU_167,"Kutztown, Pennsylvania",40.521313,-75.777288,5.0,place_exact,Kutztown borough,US,PA
BLUEBOOK_UNK,BerlinerBBU_168,"Rapid City AFB, South Dakota",44.071071,-103.217924,15.0,place_exact_basename,Rapid City city,US,SD
BLUEBOOK_UNK,BerlinerBBU_169,"Annapolis, Maryland",38.972152,-76.505332,5.0,place_exact,Annapolis city,US,MD
BLUEBOOK_UNK,BerlinerBBU_170,"Kirksville, Missouri",40.198171,-92.574562,5.0,place_exact,Kirksville city,US,MO
BLUEBOOK_UNK,BerlinerBBU_171,"Norfolk, Virginia",36.923015,-76.244641,7.8310331658373435,place_exact,Norfolk city,US,VA
BLUEBOOK_UNK,BerlinerBBU_172,"West Palm Beach, Florida",26.745114,-80.127038,7.87089307371011,place_exact,West Palm Beach city,US,FL
BLUEBOOK_UNK,BerlinerBBU_173,"Beverly, Massachusetts",42.556659,-70.84496,5.0,place_exact,Beverly city,US,MA
BLUEBOOK_UNK,BerlinerBBU_174,"White Plains, New York",41.0238,-73.751048,5.0,place_exact,White Plains city,US,NY
BLUEBOOK_UNK,BerlinerBBU_175,"Lockbourne, Ohio",39.8089,-82.987294,5.0,place_exact,Lockbourne village,US,OH
BLUEBOOK_UNK,BerlinerBBU_176,"Lockbourne, Ohio",39.8089,-82.987294,5.0,place_exact,Lockbourne village,US,OH
BLUEBOOK_UNK,BerlinerBBU_177,"Miami, Florida",25.775163,-80.208615,6.4369903595460585,place_exact,Miami city,US,FL
BLUEBOOK_UNK,BerlinerBBU_178,"Patrick AFB, Florida",,,,unresolved,,US,FL
BLUEBOOK_UNK,BerlinerBBU_179,"Williston, North Dakota",48.180571,-103.638126,5.16407874972229,place_exact,Williston city,US,ND
BLUEBOOK_UNK,BerlinerBBU_180,"Elkins Park, Pennsylvania",40.077476,-75.128013,5.0,place_exact,Elkins Park CDP,US,PA
BLUEBOOK_UNK,BerlinerBBU_181,"Lavalette, New Jersey",39.969474,-74.07188,7.5,place_fuzzy,Lavallette borough,US,NJ
BLUEBOOK_UNK,BerlinerBBU_182,"Weisbaden, West Germany",,,,unresolved,,DE,
BLUEBOOK_UNK,BerlinerBBU_183,"San Marcos AFB, Texas",29.873187,-97.936139,15.0,place_exact_basename,San Marcos city,US,TX
BLUEBOOK_UNK,BerlinerBBU_184,"Converse, Texas",29.507593,-98.307832,5.0,place_exact,Converse city,US,TX
BLUEBOOK_UNK,BerlinerBBU_185,"Rockville, Indiana",39.766458,-87.229465,5.0,place_exact,Rockville town,US,IN
BLUEBOOK_UNK,BerlinerBBU_186,"Holyoke, Massachusetts",42.211658,-72.642448,5.0,place_exact,Holyoke city,US,MA
BLUEBOOK_UNK,BerlinerBBU_187,"Los Alamos, New Mexico",35.893959,-106.290025,5.0,place_exact,Los Alamos CDP,US,NM
BLUEBOOK_UNK,BerlinerBBU_188,"Uvalde, Texas",29.215184,-99.777215,5.0,place_exact,Uvalde city,US,TX
BLUEBOOK_UNK,BerlinerBBU_189,"between Boston and Provincetown, Massachusetts",,,,unresolved,,US,MA
BLUEBOOK_UNK,BerlinerBBU_190,"Trenton, New Jersey",40.223841,-74.763624,5.0,place_exact,Trenton city,US,NJ
BLUEBOOK_UNK,BerlinerBBU_191,"Pottstown, Pennsylvania",40.250924,-75.644754,5.0,place_exact,Pottstown borough,US,PA
BLUEBOOK_UNK,BerlinerBBU_192,"Altoona, Pennsylvania",40.508052,-78.401114,5.0,place_exact,Altoona city,US,PA
BLUEBOOK_UNK,BerlinerBBU_193,"South Bend, Indiana",41.676643,-86.268809,6.951156194795542,place_exact,South Bend city,US,IN
BLUEBOOK_UNK,BerlinerBBU_194,"Carson Sink, Nevada",,,,unresolved,,US,NV
BLUEBOOK_UNK,BerlinerBBU_195,"Washington, DC",38.904247,-77.016517,8.388249029313434,place_exact,Washington city,US,DC
BLUEBOOK_UNK,BerlinerBBU_196,"Kansas City, Missouri",39.122361,-94.555117,19.032852813549056,place_exact,Kansas City city,US,MO
BLUEBOOK_UNK,BerlinerBBU_197,"Andrews AFB, Maryland",,,,unresolved,,US,MD
BLUEBOOK_UNK,BerlinerBBU_198,"Kirtland AFB, New Mexico",35.042127072,-106.540306077,10.0,dod_site,Kirtland Air Force Base,US,NM
BLUEBOOK_UNK,BerlinerBBU_199,"Williams, California",39.149768,-122.138948,5.0,place_exact,Williams city,US,CA
BLUEBOOK_UNK,BerlinerBBU_200,"Selfridge AFB, Michigan",,,,unresolved,,US,MI
BLUEBOOK_UNK,BerlinerBBU_201,"Wichita Falls, Texas",33.906654,-98.525848,9.104481826734201,place_exact,Wichita Falls city,US,TX
BLUEBOOK_UNK,BerlinerBBU_202,"Heidelberg, West Germany",49.40768,8.69079,11.972677227754868,geonames_exact,Heidelberg,DE,
BLUEBOOK_UNK,BerlinerBBU_203,"McGuire AFB, New Jersey",,,,unresolved,,US,NJ
BLUEBOOK_UNK,BerlinerBBU_204,"McChord AFB, Washington",,,,unresolved,,US,WA
BLUEBOOK_UNK,BerlinerBBU_205,"Osceola, Wisconsin",45.319283,-92.695892,5.0,place_exact,Osceola village,US,WI
BLUEBOOK_UNK,BerlinerBBU_206,"Langley AFB, Virginia",,,,unresolved,,US,VA
BLUEBOOK_UNK,BerlinerBBU_207,"Langley AFB, Virginia",,,,unresolved,,US,VA
BLUEBOOK_UNK,BerlinerBBU_208,"Merced, California",37.305712,-120.477905,5.173785590197311,place_exact,Merced city,US,CA
BLUEBOOK_UNK,BerlinerBBU_209,"Wichita, Kansas",37.690638,-97.345836,13.65536947707954,place_exact,Wichita city,US,KS
BLUEBOOK_UNK,BerlinerBBU_210,"Ennis, Montana",45.346119,-111.731302,5.0,place_exact,Ennis town,US,MT
BLUEBOOK_UNK,BerlinerBBU_211,"Albuquerque, New Mexico",35.10478,-106.646809,14.682227578493212,place_exact,Albuquerque city,US,NM
BLUEBOOK_UNK,BerlinerBBU_212,"San Antonio, Texas",29.463408,-98.524287,23.962933858589,place_exact,San Antonio city,US,TX
BLUEBOOK_UNK,BerlinerBBU_213,"Lancaster, California",34.693558,-118.175305,10.417083063677449,place_exact,Lancaster city,US,CA
BLUEBOOK_UNK,BerlinerBBU_214,"Lake Charles, Louisiana",30.200602,-93.210843,7.248971513256208,place_exact,Lake Charles city,US,LA
BLUEBOOK_UNK,BerlinerBBU_215,"Phoenix, Arizona",33.572154,-112.090132,24.418586909701933,place_exact,Phoenix city,US,AZ
BLUEBOOK_UNK,BerlinerBBU_216,"Mt. Vernon, New York",40.913105,-73.829317,5.0,place_exact,Mount Vernon city,US,NY
BLUEBOOK_UNK,BerlinerBBU_217,"Haneda AFB, Japan",35.54913,139.7456,5.0,geonames_exact,Haneda,JP,
BLUEBOOK_UNK,BerlinerBBU_218,"Tokyo, Japan",35.6895,139.69171,40.0,geonames_exact,Tokyo,JP,
BLUEBOOK_UNK,BerlinerBBU_219,"Port Austin, Michigan",44.042552,-82.995086,5.0,place_exact,Port Austin village,US,MI
BLUEBOOK_UNK,BerlinerBBU_220,"San Antonio, Texas",29.463408,-98.524287,23.962933858589,place_exact,San Antonio city,US,TX
BLUEBOOK_UNK,BerlinerBBU_221,"Lake Charles, Louisiana",30.200602,-93.210843,7.248971513256208,place_exact,Lake Charles city,US,LA
BLUEBOOK_UNK,BerlinerBBU_222,"Tokyo, Japan",35.6895,139.69171,40.0,geonames_exact,Tokyo,JP,
BLUEBOOK_UNK,BerlinerBBU_223,"Fairfield, California",38.26206,-122.032386,6.919196870543093,place_exact,Fairfield city,US,CA
BLUEBOOK_UNK,BerlinerBBU_224,"Red Bluff, California",40.173515,-122.241525,5.0,place_exact,Red Bluff city,US,CA
BLUEBOOK_UNK,BerlinerBBU_225,"Neffesville, Pennsylvania",,,,unresolved,,US,PA
BLUEBOOK_UNK,BerlinerBBU_226,"Dallas, Texas",32.793333,-96.766513,19.771028658676872,place_exact,Dallas city,US,TX
BLUEBOOK_UNK,BerlinerBBU_227,"Akron, Ohio",41.080456,-81.521429,8.443410737900228,place_exact,Akron city,US,OH
BLUEBOOK_UNK,BerlinerBBU_228,"Hermanas, Mexico",,,,unresolved,,MX,
BLUEBOOK_UNK,BerlinerBBU_229,"Tucson, Arizona",32.153036,-110.870773,16.65558603658911,place_exact,Tucson city,US,AZ
BLUEBOOK_UNK,BerlinerBBU_230,"Levelland, Texas",33.581547,-102.364117,5.0,place_exact,Levelland city,US,TX
BLUEBOOK_UNK,BerlinerBBU_231,"Pittsburg, Kansas",37.412576,-94.69834,5.0,place_exact,Pittsburg city,US,KS
BLUEBOOK_UNK,BerlinerBBU_232,"Holloman AFB, New Mexico",32.918017352,-106.133633242,10.0,dod_site,Holloman Air Force Base,US,NM
BLUEBOOK_UNK,BerlinerBBU_233,"Lathrop Wells, Nevada",,,,unresolved,,US,NV
BLUEBOOK_UNK,BerlinerBBU_234,"Chickasaw and Brookley AFB, Alabama",30.77145,-88.079697,5.0,place_exact,Chickasaw city,US,AL
BLUEBOOK_UNK,BerlinerBBU_235,"Colorado Springs, Colorado",38.867255,-104.760749,14.997511808444907,place_exact,Colorado Springs city,US,CO
BLUEBOOK_UNK,BerlinerBBU_236,"west of Thule, Greenland (77' N, 75' 15' W)",,,,unresolved,,GL,
BLUEBOOK_UNK,BerlinerBBU_237,"Marietta, Georgia",33.953561,-84.542463,5.193646588755235,place_exact,Marietta city,US,GA
BLUEBOOK_UNK,BerlinerBBU_238,"Marietta, Georgia",33.953561,-84.542463,5.193646588755235,place_exact,Marietta city,US,GA
BLUEBOOK_UNK,BerlinerBBU_239,"Atlanta, Georgia",33.762909,-84.422675,12.480315594300222,place_exact,Atlanta city,US,GA
BLUEBOOK_UNK,BerlinerBBU_240,"Marietta, Georgia",33.953561,-84.542463,5.193646588755235,place_exact,Marietta city,US,GA
BLUEBOOK_UNK,BerlinerBBU_241,"Yaak, Montana",48.829879,-115.686413,5.661575242123187,place_exact,Yaak CDP,US,MT
BLUEBOOK_UNK,BerlinerBBU_242,"Chicago, Illinois",41.837045,-87.684939,16.190785623653692,place_exact,Chicago city,US,IL
BLUEBOOK_UNK,BerlinerBBU_243,"Tucson, Arizona",32.153036,-110.870773,16.65558603658911,place_exact,Tucson city,US,AZ
BLUEBOOK_UNK,BerlinerBBU_244,"Lake Charles AFB, Louisiana",30.200602,-93.210843,15.0,place_exact_basename,Lake Charles city,US,LA
BLUEBOOK_UNK,BerlinerBBU_245,"Tucson, Arizona",32.153036,-110.870773,16.65558603658911,place_exact,Tucson city,US,AZ
BLUEBOOK_UNK,BerlinerBBU_246,"San Antonio, Texas",29.463408,-98.524287,23.962933858589,place_exact,San Antonio city,US,TX
BLUEBOOK_UNK,BerlinerBBU_247,"Rabat, French Morocco",34.01325,-6.83255,40.0,geonames_exact,Rabat,MA,
BLUEBOOK_UNK,BerlinerBBU_248,"Allen, Maryland",38.288387,-75.693051,5.0,place_exact,Allen CDP,US,MD
BLUEBOOK_UNK,BerlinerBBU_249,"Allentown, Pennsylvania",40.593648,-75.478393,5.0,place_exact,Allentown city,US,PA
BLUEBOOK_UNK,BerlinerBBU_250,"Santa Barbara, California",34.400601,-119.712955,5.0,place_exact,Santa Barbara city,US,CA
BLUEBOOK_UNK,BerlinerBBU_251,"North Atlantic, between Ireland and Iceland",,,,unresolved,,IS,
BLUEBOOK_UNK,BerlinerBBU_252,"White Lake, South Dakota",43.72828,-98.71202,5.0,place_exact,White Lake city,US,SD
BLUEBOOK_UNK,BerlinerBBU_253,"Ciudad Jaurez, Mexico",31.72024,-106.46084,58.335345203401346,geonames_fuzzy,Ciudad Juárez,MX,
BLUEBOOK_UNK,BerlinerBBU_254,"Olmstead AFB, Pennsylvania",,,,unresolved,,US,PA
BLUEBOOK_UNK,BerlinerBBU_255,"Portland, Maine",43.633157,-70.185305,5.0,place_exact,Portland city,US,ME
BLUEBOOK_UNK,BerlinerBBU_256,"Warner-Robbins AFB, Georgia",,,,unresolved,,US,GA
BLUEBOOK_UNK,BerlinerBBU_257,"Tucson, Arizona",32.153036,-110.870773,16.65558603658911,place_exact,Tucson city,US,AZ
BLUEBOOK_UNK,BerlinerBBU_258,"Gander Lake, Newfoundland, Canada",,,,unresolved,,CA,
BLUEBOOK_UNK,BerlinerBBU_259,"Charleston, West Virginia",38.348692,-81.632324,6.021695848254783,place_exact,Charleston city,US,WV
BLUEBOOK_UNK,BerlinerBBU_260,400 miles NNW of Azores Islands,,,,region,,PT,
BLUEBOOK_UNK,BerlinerBBU_261,"Inyokern, California",35.654387,-117.819476,5.0,place_exact,Inyokern CDP,US,CA
BLUEBOOK_UNK,BerlinerBBU_262,"Rochester, England",51.38764,0.50546,5.35453079176878,geonames_exact,Rochester,GB,
BLUEBOOK_UNK,BerlinerBBU_263,"Southern Pines, North Carolina",35.190383,-79.395864,5.0,place_exact,Southern Pines town,US,NC
BLUEBOOK_UNK,BerlinerBBU_264,"Aurora, Colorado",39.703633,-104.720088,13.576679941068884,place_exact,Aurora city,US,CO
BLUEBOOK_UNK,BerlinerBBU_265,"Shaw AFB, South Carolina",33.9771011820001,-80.474101102,10.0,dod_site,Shaw Air Force Base,US,SC
BLUEBOOK_UNK,BerlinerBBU_266,"Pascagoula, Mississippi",30.360067,-88.556327,5.0,place_exact,Pascagoula city,US,MS
BLUEBOOK_UNK,BerlinerBBU_267,"Alamagordo, New Mexico",32.883616,-105.96361,7.5,place_fuzzy,Alamogordo city,US,NM
BLUEBOOK_UNK,BerlinerBBU_268,"Otis AFB, Massachusetts",42.19315,-73.09177,5.0,geonames_exact,Otis,US,MA
BLUEBOOK_UNK,BerlinerBBU_269,"Taos, New Mexico",36.387106,-105.580351,5.0,place_exact,Taos town,US,NM
BLUEBOOK_UNK,BerlinerBBU_270,"Killeen, Texas",31.075273,-97.731617,7.945877337756144,place_exact,Killeen city,US,TX
BLUEBOOK_UNK,BerlinerBBU_271,"Tierra Amarilla, New Mexico",36.705901,-106.565132,5.0,place_exact,Tierra Amarilla CDP,US,NM
BLUEBOOK_UNK,BerlinerBBU_272,"San Antonio, Texas",29.463408,-98.524287,23.962933858589,place_exact,San Antonio city,US,TX
BLUEBOOK_UNK,BerlinerBBU_273,500 miles south of Hawaii,,,,region,,US,HI
BLUEBOOK_UNK,BerlinerBBU_274,"Knoxville, Tennessee",35.97068,-83.94927,10.660167978664001,place_exact,Knoxville city,US,TN
BLUEBOOK_UNK,BerlinerBBU_275,"Elberton, Alabama",,,,unresolved,,US,AL
BLUEBOOK_UNK,BerlinerBBU_276,"Erding Air Depot, West Germany",,,,unresolved,,DE,
BLUEBOOK_UNK,BerlinerBBU_277,"Fayetteville, Georgia",33.449099,-84.472824,5.0,place_exact,Fayetteville city,US,GA
BLUEBOOK_UNK,BerlinerBBU_278,"Laredo AFB, Texas",27.561661,-99.488203,15.0,place_exact_basename,Laredo city,US,TX
BLUEBOOK_UNK,BerlinerBBU_279,"Vineland, New Jersey",39.465007,-74.997115,8.872881881828976,place_exact,Vineland city,US,NJ
BLUEBOOK_UNK,BerlinerBBU_280,"Los Alamos, New Mexico",35.893959,-106.290025,5.0,place_exact,Los Alamos CDP,US,NM
BLUEBOOK_UNK,BerlinerBBU_281,"Opheim, Montana",48.857055,-106.40836,5.0,place_exact,Opheim town,US,MT
BLUEBOOK_UNK,BerlinerBBU_282,"Glasgow, Montana",48.199027,-106.632077,5.0,place_exact,Glasgow city,US,MT
BLUEBOOK_UNK,BerlinerBBU_283,"Wichita, Kansas",37.690638,-97.345836,13.65536947707954,place_exact,Wichita city,US,KS
BLUEBOOK_UNK,BerlinerBBU_284,"Annandale, Virginia",38.832801,-77.196229,5.0,place_exact,Annandale CDP,US,VA
BLUEBOOK_UNK,BerlinerBBU_285,"Albuquerque, New Mexico",35.10478,-106.646809,14.682227578493212,place_exact,Albuquerque city,US,NM
BLUEBOOK_UNK,BerlinerBBU_286,"Washington, DC",38.904247,-77.016517,8.388249029313434,place_exact,Washington city,US,DC
BLUEBOOK_UNK,BerlinerBBU_287,"Ladd AFB, Alaska",,,,unresolved,,US,AK
BLUEBOOK_UNK,BerlinerBBU_288,"Madison, Wisconsin",43.087815,-89.429856,9.570485997180196,place_exact,Madison city,US,WI
BLUEBOOK_UNK,BerlinerBBU_289,"Marysville, California",39.151535,-121.583374,5.0,place_exact,Marysville city,US,CA
BLUEBOOK_UNK,BerlinerBBU_290,"Craig, Montana",47.070565,-111.967987,5.0,place_exact,Craig CDP,US,MT
BLUEBOOK_UNK,BerlinerBBU_291,"Larson AFB, Washington",,,,unresolved,,US,WA
BLUEBOOK_UNK,BerlinerBBU_292,"Sonoma, California",38.290331,-122.459831,5.0,place_exact,Sonoma city,US,CA
BLUEBOOK_UNK,BerlinerBBU_293,"near Guatemala City, Guatemala",,,,unresolved,,US,
BLUEBOOK_UNK,BerlinerBBU_294,"Pt. Mugu, California",,,,unresolved,,US,CA
BLUEBOOK_UNK,BerlinerBBU_295,"Corona, California",33.861969,-117.565495,6.780555368928943,place_exact,Corona city,US,CA
BLUEBOOK_UNK,BerlinerBBU_296,"Albany, Georgia",31.578117,-84.176224,7.961457125147103,place_exact,Albany city,US,GA
BLUEBOOK_UNK,BerlinerBBU_297,"Keflavik, Iceland",64.00492,-22.56242,5.0,geonames_exact,Keflavík,IS,
BLUEBOOK_UNK,BerlinerBBU_298,"Yuma, Arizona",32.516286,-114.521782,11.785785977655928,place_exact,Yuma city,US,AZ
BLUEBOOK_UNK,BerlinerBBU_299,Port Austin. Michigan,,,,region,,US,MI
BLUEBOOK_UNK,BerlinerBBU_300,"Pittsburg-Stockton, California",,,,unresolved,,US,CA
BLUEBOOK_UNK,BerlinerBBU_301,"Sherman, Texas",33.628596,-96.626722,7.288195661478909,place_exact,Sherman city,US,TX
BLUEBOOK_UNK,BerlinerBBU_302,"Shreveport, Louisiana",32.466879,-93.792193,11.139438046867534,place_exact,Shreveport city,US,LA
BLUEBOOK_UNK,BerlinerBBU_303,"Hackettstown, New Jersey",40.853704,-74.824877,5.0,place_exact,Hackettstown town,US,NJ
BLUEBOOK_UNK,BerlinerBBU_304,"north of Hiroshima, Japan",34.4,132.45,34.65189749494247,geonames_exact,Hiroshima,JP,
BLUEBOOK_UNK,BerlinerBBU_305,"Elmira, New York",42.093388,-76.80961,5.0,place_exact,Elmira city,US,NY
BLUEBOOK_UNK,BerlinerBBU_306,"San Antonio, Texas",29.463408,-98.524287,23.962933858589,place_exact,San Antonio city,US,TX
BLUEBOOK_UNK,BerlinerBBU_307,"Mt. Taylor, New Mexico",35.124147,-107.807469,5.0,place_exact,Mount Taylor CDP,US,NM
BLUEBOOK_UNK,BerlinerBBU_308,"Spooner, Wisconsin",45.825917,-91.886125,5.0,place_exact,Spooner city,US,WI
BLUEBOOK_UNK,BerlinerBBU_309,"Fukuoka, Japan",33.6,130.41667,40.0,geonames_exact,Fukuoka,JP,
BLUEBOOK_UNK,BerlinerBBU_310,"Tucson, Arizona",32.153036,-110.870773,16.65558603658911,place_exact,Tucson city,US,AZ
BLUEBOOK_UNK,BerlinerBBU_311,"Goose AFB, Labrador, Canada",,,,unresolved,,CA,
BLUEBOOK_UNK,BerlinerBBU_312,"San Antonio, Texas",29.463408,-98.524287,23.962933858589,place_exact,San Antonio city,US,TX
BLUEBOOK_UNK,BerlinerBBU_313,"Naha, Okinawa",26.213,127.67851,17.822036920621617,geonames_exact,Naha,JP,
BLUEBOOK_UNK,BerlinerBBU_314,"Goose AFB, Labrador, Canada",,,,unresolved,,CA,
BLUEBOOK_UNK,BerlinerBBU_315,"Iwo Jima, Bonin Islands",,,,unresolved,,US,
BLUEBOOK_UNK,BerlinerBBU_316,"Simiutak, Greenland",,,,unresolved,,GL,
BLUEBOOK_UNK,BerlinerBBU_317,"Amarillo, Texas",35.198921,-101.831647,10.851844881555087,place_exact,Amarillo city,US,TX
BLUEBOOK_UNK,BerlinerBBU_318,"near Castle AFB, California",,,,unresolved,,US,CA
BLUEBOOK_UNK,BerlinerBBU_319,"Greenville, Mississippi",33.383461,-91.052314,5.564034068112012,place_exact,Greenville city,US,MS
BLUEBOOK_UNK,BerlinerBBU_320,"Sidi Slimane AFB, French Morocco",34.26479,-5.92598,10.076755430196764,geonames_exact,Sidi Slimane,MA,
BLUEBOOK_UNK,BerlinerBBU_321,"Portland, Oregon",45.536951,-122.649971,12.39414584031958,place_exact,Portland city,US,OR
BLUEBOOK_UNK,BerlinerBBU_322,"Hayward, California",37.626826,-122.104015,7.262355969120642,place_exact,Hayward city,US,CA
BLUEBOOK_UNK,BerlinerBBU_323,"Palmdale, California",34.591038,-118.105403,11.04949137089828,place_exact,Palmdale city,US,CA
BLUEBOOK_UNK,BerlinerBBU_324,"Newhall, California",,,,unresolved,,US,CA
BLUEBOOK_UNK,BerlinerBBU_325,"Minneapolis, Minnesota",44.963324,-93.26832,7.884118748753372,place_exact,Minneapolis city,US,MN
BLUEBOOK_UNK,BerlinerBBU_326,"Nicosia, Cyprus",,,,unresolved,,US,
BLUEBOOK_UNK,BerlinerBBU_327,"Washington, DC",38.904247,-77.016517,8.388249029313434,place_exact,Washington city,US,DC
BLUEBOOK_UNK,BerlinerBBU_328,"Mapleton, Maine",46.68076,-68.151187,5.0,place_exact,Mapleton CDP,US,ME
BLUEBOOK_UNK,BerlinerBBU_329,"Manitowoc, Wisconsin",44.097981,-87.678945,5.0,place_exact,Manitowoc city,US,WI
BLUEBOOK_UNK,BerlinerBBU_330,"Hasslehom, Sweden",,,,unresolved,,SE,
BLUEBOOK_UNK,BerlinerBBU_331,"El Cajon, California",32.801673,-116.960468,5.0,place_exact,El Cajon city,US,CA
BLUEBOOK_UNK,BerlinerBBU_332,"Marysville, California",39.151535,-121.583374,5.0,place_exact,Marysville city,US,CA
BLUEBOOK_UNK,BerlinerBBU_333,"Rangeley, Maine",44.965902,-70.652146,5.0,place_exact,Rangeley CDP,US,ME
BLUEBOOK_UNK,BerlinerBBU_334,"Newburyport, Massachusetts",42.812141,-70.886646,5.0,place_exact,Newburyport city,US,MA
BLUEBOOK_UNK,BerlinerBBU_335,"vicinity of Harrisburg, Pennsylvania",40.275891,-76.88502,5.0,place_exact,Harrisburg city,US,PA
BLUEBOOK_UNK,BerlinerBBU_336,"Nouasseur, French Morocco",,,,unresolved,,MA,
BLUEBOOK_UNK,BerlinerBBU_337,"Nouasseur, French Morocco",,,,unresolved,,MA,
BLUEBOOK_UNK,BerlinerBBU_338,"Chicago, Illinois",41.837045,-87.684939,16.190785623653692,place_exact,Chicago city,US,IL
BLUEBOOK_UNK,BerlinerBBU_339,"Pittsfield, Maine",44.763273,-69.372732,5.0,place_exact,Pittsfield CDP,US,ME
BLUEBOOK_UNK,BerlinerBBU_340,"Hartland, Maine",44.885558,-69.469166,5.0,place_exact,Hartland CDP,US,ME
BLUEBOOK_UNK,BerlinerBBU_341,"Athens, Georgia",33.96095,-83.37794,11.283394879201916,geonames_exact,Athens,US,GA
BLUEBOOK_UNK,BerlinerBBU_342,"Elsinore, California",,,,unresolved,,US,CA
BLUEBOOK_UNK,BerlinerBBU_343,"Washington, DC",38.904247,-77.016517,8.388249029313434,place_exact,Washington city,US,DC
BLUEBOOK_UNK,BerlinerBBU_344,"LaPorte, Indiana",41.606978,-86.713639,7.5,place_fuzzy,La Porte city,US,IN
BLUEBOOK_UNK,BerlinerBBU_345,"Concord, New Hampshire",43.232493,-71.561252,8.58066389557876,place_exact,Concord city,US,NH
BLUEBOOK_UNK,BerlinerBBU_346,"from 400 miles south to Minneapolis, Minnesota",,,,unresolved,,US,MN
BLUEBOOK_UNK,BerlinerBBU_347,"Texarkana, Texas",33.451136,-94.090087,6.009400672649847,place_exact,Texarkana city,US,TX
BLUEBOOK_UNK,BerlinerBBU_348,"Estacado, Texas",,,,unresolved,,US,TX
BLUEBOOK_UNK,BerlinerBBU_349,"Miami Beach, Florida",25.810596,-80.148852,5.0,place_exact,Miami Beach city,US,FL
BLUEBOOK_UNK,BerlinerBBU_350,"Danvers, Massachusetts",42.574174,-70.950516,5.0,place_exact,Danvers CDP,US,MA
BLUEBOOK_UNK,BerlinerBBU_351,"Indian Lake, Ohio",,,,unresolved,,US,OH
BLUEBOOK_UNK,BerlinerBBU_352,"Normandy, Missouri",38.707105,-90.300898,5.0,place_exact,Normandy city,US,MO
BLUEBOOK_UNK,BerlinerBBU_353,"Middle Sister Island, on U.S.-Canadian border in western Lake Erie",,,,unresolved,,US,
BLUEBOOK_UNK,BerlinerBBU_354,"Los Angeles, California",34.019394,-118.410825,23.2472560101187,place_exact,Los Angeles city,US,CA
BLUEBOOK_UNK,BerlinerBBU_355,"Westlake, Ohio",41.449531,-81.930162,5.0,place_exact,Westlake city,US,OH
BLUEBOOK_UNK,BerlinerBBU_356,"San Antonio, Texas",29.463408,-98.524287,23.962933858589,place_exact,San Antonio city,US,TX
BLUEBOOK_UNK,BerlinerBBU_357,"Yoron Jima, near Okinawa",,,,unresolved,,JP,
BLUEBOOK_UNK,BerlinerBBU_358,"San Marcos, Texas",29.873187,-97.936139,6.4007153419667775,place_exact,San Marcos city,US,TX
BLUEBOOK_UNK,BerlinerBBU_359,"Egilstadir, Iceland",65.26687,-14.39485,7.5,geonames_fuzzy,Egilsstaðir,IS,
BLUEBOOK_UNK,BerlinerBBU_360,"Danville, Virginia",36.583334,-79.408071,7.018848370241691,place_exact,Danville city,US,VA
BLUEBOOK_UNK,BerlinerBBU_361,"Dorchester, Massachusetts",42.29732,-71.0745,9.890702705066005,geonames_exact,Dorchester,US,MA
BLUEBOOK_UNK,BerlinerBBU_362,"Prince Christian, Greenland",,,,unresolved,,GL,
BLUEBOOK_UNK,BerlinerBBU_363,"Butler, Missouri",38.259362,-94.339531,5.0,place_exact,Butler city,US,MO
BLUEBOOK_UNK,BerlinerBBU_364,"Butler, Missouri",38.259362,-94.339531,5.0,place_exact,Butler city,US,MO
BLUEBOOK_UNK,BerlinerBBU_365,"Kimpo Air Base, Japan",,,,unresolved,,JP,
BLUEBOOK_UNK,BerlinerBBU_366,"Barstow, California",34.866987,-117.043035,6.894901562426802,place_exact,Barstow city,US,CA
BLUEBOOK_UNK,BerlinerBBU_367,"Santa Maria, Azores Islands",,,,unresolved,,PT,
BLUEBOOK_UNK,BerlinerBBU_368,"Marshfield, Missouri",37.342202,-92.911043,5.0,place_exact,Marshfield city,US,MO
BLUEBOOK_UNK,BerlinerBBU_369,"Gatlinburg, Tennessee",35.724979,-83.493805,5.0,place_exact,Gatlinburg city,US,TN
BLUEBOOK_UNK,BerlinerBBU_370,"Nouasseur, French Morocco",,,,unresolved,,MA,
BLUEBOOK_UNK,BerlinerBBU_371,"Kingfisher, Oklahoma",35.844726,-97.939308,5.0,place_exact,Kingfisher city,US,OK
BLUEBOOK_UNK,BerlinerBBU_372,"Miho Air Base, Japan",,,,unresolved,,JP,
BLUEBOOK_UNK,BerlinerBBU_373,"Terciera Islands, Azores",,,,unresolved,,PT,
BLUEBOOK_UNK,BerlinerBBU_374,"Augusta, Maine",44.334904,-69.734199,7.96745516321101,place_exact,Augusta city,US,ME
BLUEBOOK_UNK,BerlinerBBU_375,"Corvallis, Oregon",44.569949,-123.278285,5.0,place_exact,Corvallis city,US,OR
BLUEBOOK_UNK,BerlinerBBU_376,"Manilla, Phillipine Islands",,,,unresolved,,US,
BLUEBOOK_UNK,BerlinerBBU_377,"Gulfport, Mississippi",30.419487,-89.069022,8.002191449846723,place_exact,Gulfport city,US,MS
BLUEBOOK_UNK,BerlinerBBU_378,"Cape Province, South Africa",,,,unresolved,,ZA,
BLUEBOOK_UNK,BerlinerBBU_379,"Cochise, New Mexico",,,,unresolved,,US,NM
BLUEBOOK_UNK,BerlinerBBU_380,"Lakeland, Florida",28.055496,-81.954772,8.726386753850518,place_exact,Lakeland city,US,FL
BLUEBOOK_UNK,BerlinerBBU_381,"20 miles east of Cochise, New Mexico",,,,unresolved,,US,NM
BLUEBOOK_UNK,BerlinerBBU_382,"Miramar Naval Air Station, California",,,,unresolved,,US,CA
BLUEBOOK_UNK,BerlinerBBU_383,"Bethesda, Maryland",38.987292,-77.118612,5.0,place_exact,Bethesda CDP,US,MD
BLUEBOOK_UNK,BerlinerBBU_384,"Travis County, Texas",,,,unresolved,,US,TX
BLUEBOOK_UNK,BerlinerBBU_385,"Keflavik, Iceland",64.00492,-22.56242,5.0,geonames_exact,Keflavík,IS,
BLUEBOOK_UNK,BerlinerBBU_386,"Cheyenne, Wyoming",41.135259,-104.790749,6.093695758732955,place_exact,Cheyenne city,US,WY
BLUEBOOK_UNK,BerlinerBBU_387,"Columbus, Nebraska",41.436409,-97.356067,5.0,place_exact,Columbus city,US,NE
BLUEBOOK_UNK,BerlinerBBU_388,Iceland,,,,region,,IS,
BLUEBOOK_UNK,BerlinerBBU_389,"Arlington, Virginia",38.878337,-77.100703,5.470445441948336,place_exact,Arlington CDP,US,VA
BLUEBOOK_UNK,BerlinerBBU_390,"Bellingham, Washington",48.753442,-122.470179,5.6915034530039215,place_exact,Bellingham city,US,WA
BLUEBOOK_UNK,BerlinerBBU_391,"Washington, DC",38.904247,-77.016517,8.388249029313434,place_exact,Washington city,US,DC
BLUEBOOK_UNK,BerlinerBBU_392,"near Alcoa, Tennessee",35.80957,-83.975857,5.0,place_exact,Alcoa city,US,TN
BLUEBOOK_UNK,BerlinerBBU_393,"Loogootee, Indiana",38.675652,-86.914124,5.0,place_exact,Loogootee city,US,IN
BLUEBOOK_UNK,BerlinerBBU_394,"Pt. Lookout, Maryland",,,,unresolved,,US,MD
BLUEBOOK_UNK,BerlinerBBU_395,"St. Louis, Missouri",38.635699,-90.244582,8.429990114664035,place_exact,St. Louis city,US,MO
BLUEBOOK_UNK,BerlinerBBU_396,"Lake City, Tennessee",,,,unresolved,,US,TN
BLUEBOOK_UNK,BerlinerBBU_397,"La Veta, Colorado",37.508562,-105.008487,5.0,place_exact,La Veta town,US,CO
BLUEBOOK_UNK,BerlinerBBU_398,"Caribou, Maine",46.836549,-67.936056,9.55364933182894,place_exact,Caribou city,US,ME
BLUEBOOK_UNK,BerlinerBBU_399,"Goose Bay, Labrador, Canada",,,,unresolved,,CA,
BLUEBOOK_UNK,BerlinerBBU_400,"Houston, Texas",29.785743,-95.388806,27.15177795692618,place_exact,Houston city,US,TX
BLUEBOOK_UNK,BerlinerBBU_401,"McKinney, Texas",33.201125,-96.664161,8.77958925893208,place_exact,McKinney city,US,TX
BLUEBOOK_UNK,BerlinerBBU_402,"Banning, California",33.94603,-116.899233,5.1718813254409115,place_exact,Banning city,US,CA
BLUEBOOK_UNK,BerlinerBBU_403,"20 miles south of Quartsite, Arizona",33.37810530721535,-114.217041,10.0,place_fuzzy+offset,Quartzsite town,US,AZ
BLUEBOOK_UNK,BerlinerBBU_404,"Juniata, Pennsylvania",,,,unresolved,,US,PA
BLUEBOOK_UNK,BerlinerBBU_405,"Dallas, Texas",32.793333,-96.766513,19.771028658676872,place_exact,Dallas city,US,TX
BLUEBOOK_UNK,BerlinerBBU_406,"Highland, North Carolina",35.053845,-83.197579,7.5,place_fuzzy,Highlands town,US,NC
BLUEBOOK_UNK,BerlinerBBU_407,"60 miles east of St. Louis, Missouri, in Illinois",,,,unresolved,,US,IL
BLUEBOOK_UNK,BerlinerBBU_408,"Charleston AFB, South Carolina",32.828017,-79.972896,15.0,place_exact_basename,Charleston city,US,SC
BLUEBOOK_UNK,BerlinerBBU_409,Guam,,,,region,,US,GU
BLUEBOOK_UNK,BerlinerBBU_410,"Ringgold, Louisiana",32.326545,-93.283599,5.0,place_exact,Ringgold town,US,LA
BLUEBOOK_UNK,BerlinerBBU_411,"Milan, Italy",45.46427,9.18951,37.033741371889505,geonames_exact,Milan,IT,
BLUEBOOK_UNK,BerlinerBBU_412,"Longmont, Colorado",40.168199,-105.100522,5.755599283403172,place_exact,Longmont city,US,CO
BLUEBOOK_UNK,BerlinerBBU_413,"Cleveland, Ohio",41.478462,-81.679435,9.459480840816676,place_exact,Cleveland city,US,OH
BLUEBOOK_UNK,BerlinerBBU_414,"Oldsmar, Florida",28.048381,-82.671254,5.0,place_exact,Oldsmar city,US,FL
BLUEBOOK_UNK,BerlinerBBU_415,"Kadena AFB, Okinawa",26.36519,127.75857,5.0,geonames_exact,Kadena,JP,
BLUEBOOK_UNK,BerlinerBBU_416,"Seattle, Washington",47.619339,-122.351565,9.823320461477824,place_exact,Seattle city,US,WA
BLUEBOOK_UNK,BerlinerBBU_417,"Radium Springs, New Mexico",32.478231,-106.903074,5.0,place_exact,Radium Springs CDP,US,NM
BLUEBOOK_UNK,BerlinerBBU_418,"Merrick, Long Island, New York",,,,unresolved,,US,NY
BLUEBOOK_UNK,BerlinerBBU_419,"Robins AFB, Georgia",32.617547255,-83.581579146,10.0,dod_site,Robins AFB,US,GA
BLUEBOOK_UNK,BerlinerBBU_420,"New Orleans, Louisiana",30.05342,-89.934502,13.9678246934398,place_exact,New Orleans city,US,LA
BLUEBOOK_UNK,BerlinerBBU_421,"Col Anahuac, Mexico",,,,unresolved,,MX,
BLUEBOOK_UNK,BerlinerBBU_422,"near Grand Junction, Colorado",39.089062,-108.567452,6.754484370483887,place_exact,Grand Junction city,US,CO
BLUEBOOK_UNK,BerlinerBBU_423,"Healdsburg, California",38.622526,-122.865133,5.0,place_exact,Healdsburg city,US,CA
BLUEBOOK_UNK,BerlinerBBU_424,"Lynchburg, Virginia",37.399016,-79.195458,7.508467250008117,place_exact,Lynchburg city,US,VA
BLUEBOOK_UNK,BerlinerBBU_425,"Bohol Island, Phillipine Islands",,,,unresolved,,US,
BLUEBOOK_UNK,BerlinerBBU_426,"Pueblo, Colorado",38.269926,-104.610815,7.984407248575884,place_exact,Pueblo city,US,CO
BLUEBOOK_UNK,BerlinerBBU_427,"Ft. Bragg, North Carolina",35.108711557,-79.141254681,10.0,dod_site,Fort Bragg,US,NC
BLUEBOOK_UNK,BerlinerBBU_428,"Warren, Michigan",42.492904,-83.025001,6.29058294419347,place_exact,Warren city,US,MI
BLUEBOOK_UNK,BerlinerBBU_429,"Wheelus AFB, Libya",,,,unresolved,,LY,
BLUEBOOK_UNK,BerlinerBBU_430,"Stroudsburg, Pennsylvania",40.983226,-75.194263,5.0,place_exact,Stroudsburg borough,US,PA
BLUEBOOK_UNK,BerlinerBBU_431,"Lock Raven Dam, Maryland",,,,unresolved,,US,MD
BLUEBOOK_UNK,BerlinerBBU_432,"Minot, North Dakota",48.236125,-101.277533,5.601255097446167,place_exact,Minot city,US,ND
BLUEBOOK_UNK,BerlinerBBU_433,"Corsica, Pennsylvania",41.181294,-79.202565,5.0,place_exact,Corsica borough,US,PA
BLUEBOOK_UNK,BerlinerBBU_434,"Edmonton, Alberta, Canada",,,,unresolved,,CA,
BLUEBOOK_UNK,BerlinerBBU_435,"Patuxent River NAS, Maryland",38.2819912050001,-76.420255728,10.0,dod_site,Naval Air Station Patuxent River,US,MD
BLUEBOOK_UNK,BerlinerBBU_436,"Irondequoit, New York",43.209811,-77.572056,5.0,place_exact,Irondequoit CDP,US,NY
BLUEBOOK_UNK,BerlinerBBU_437,"Goose AFB, Labrador, Canada",,,,unresolved,,CA,
BLUEBOOK_UNK,BerlinerBBU_438,"Gills Rock, Wisconsin",,,,unresolved,,US,WI
BLUEBOOK_UNK,BerlinerBBU_439,"Bunker Hill AFB, Indiana",40.660075,-86.101424,15.0,place_exact_basename,Bunker Hill town,US,IN
BLUEBOOK_UNK,BerlinerBBU_440,"3rd or 4th week. Telephone Ridge, Oregon",,,,unresolved,,US,OR
BLUEBOOK_UNK,BerlinerBBU_441,"Quezon, Phillipine Islands",,,,unresolved,,US,
BLUEBOOK_UNK,BerlinerBBU_442,"Lincoln, Nebraska",40.808955,-96.678944,10.604248268186357,place_exact,Lincoln city,US,NE
BLUEBOOK_UNK,BerlinerBBU_443,Plainville  Kansas,,,,region,,US,KS
BLUEBOOK_UNK,BerlinerBBU_444,"Crystal Springs, Mississippi",31.98995,-90.355332,5.0,place_exact,Crystal Springs city,US,MS
BLUEBOOK_UNK,BerlinerBBU_445,"Rome AFB, New York",43.226002,-75.489523,15.0,place_exact_basename,Rome city,US,NY
BLUEBOOK_UNK,BerlinerBBU_446,"Dubuque, Iowa",42.498901,-90.707258,5.964783389938724,place_exact,Dubuque city,US,IA
BLUEBOOK_UNK,BerlinerBBU_447,"Indianapolis, Indiana",39.76838,-86.15804,29.79332139926665,geonames_exact,Indianapolis,US,IN
BLUEBOOK_UNK,BerlinerBBU_448,"LaCamp, Louisiana",,,,unresolved,,US,LA
BLUEBOOK_UNK,BerlinerBBU_449,"Richards-Gebauer AFB, Missouri",,,,unresolved,,US,MO
BLUEBOOK_UNK,BerlinerBBU_450,"Shelby, Montana",48.502129,-111.862036,5.0,place_exact,Shelby city,US,MT
BLUEBOOK_UNK,BerlinerBBU_451,"St. Louis, Missouri",38.635699,-90.244582,8.429990114664035,place_exact,St. Louis city,US,MO
BLUEBOOK_UNK,BerlinerBBU_452,"Wichita, Kansas",37.690638,-97.345836,13.65536947707954,place_exact,Wichita city,US,KS
BLUEBOOK_UNK,BerlinerBBU_453,"Crete, Illinois",41.440524,-87.624471,5.0,place_exact,Crete village,US,IL
BLUEBOOK_UNK,BerlinerBBU_454,"Ridgecrest, California",35.628542,-117.663992,5.0,place_exact,Ridgecrest city,US,CA
BLUEBOOK_UNK,BerlinerBBU_455,"Mt. Kisko, New York",41.201696,-73.728258,7.5,place_fuzzy,Mount Kisco village,US,NY
BLUEBOOK_UNK,BerlinerBBU_456,"Chula Vista, California",32.62767,-117.01517,7.5589749158055675,place_exact,Chula Vista city,US,CA
BLUEBOOK_UNK,BerlinerBBU_457,"south of Kyushu, Japan",,,,unresolved,,JP,
BLUEBOOK_UNK,BerlinerBBU_458,"Bark River, Michigan",,,,unresolved,,US,MI
BLUEBOOK_UNK,BerlinerBBU_459,"Kemah, Texas",29.528537,-95.020004,5.0,place_exact,Kemah city,US,TX
BLUEBOOK_UNK,BerlinerBBU_460,"200 miles SW of San Francisco, California (35' 50' N, 125' 40 W)",35.653767507616955,-125.55042142690301,96.54,place_exact+offset,San Francisco city,US,CA
BLUEBOOK_UNK,BerlinerBBU_461,"Tyndall AFB, Florida",30.0467400800001,-85.5588489799999,10.0,dod_site,Tyndall Air Force Base,US,FL
BLUEBOOK_UNK,BerlinerBBU_462,"Miyako Jima, Japan",24.79016,125.31109,11.114989878537902,geonames_fuzzy,Miyakojima,JP,
BLUEBOOK_UNK,BerlinerBBU_463,"Copemish, Michigan",44.481667,-85.92515,5.0,place_exact,Copemish village,US,MI
BLUEBOOK_UNK,BerlinerBBU_464,"Springfield, Ohio",39.928182,-83.800885,5.467399178565415,place_exact,Springfield city,US,OH
BLUEBOOK_UNK,BerlinerBBU_465,"Houston, Texas",29.785743,-95.388806,27.15177795692618,place_exact,Houston city,US,TX
BLUEBOOK_UNK,BerlinerBBU_466,"Kansas City, Kansas",39.122539,-94.741781,11.982738807690557,place_exact,Kansas City city,US,KS
BLUEBOOK_UNK,BerlinerBBU_467,"Oldtown, Florida",,,,unresolved,,US,FL
BLUEBOOK_UNK,BerlinerBBU_468,"Sioux City, Iowa",42.495668,-96.390525,8.203296871109538,place_exact,Sioux City city,US,IA
BLUEBOOK_UNK,BerlinerBBU_469,"Washington, DC",38.904247,-77.016517,8.388249029313434,place_exact,Washington city,US,DC
BLUEBOOK_UNK,BerlinerBBU_470,"Kotzbue, Alaska",66.877089,-162.503478,8.007568107734082,place_fuzzy,Kotzebue city,US,AK
BLUEBOOK_UNK,BerlinerBBU_471,"Salem, New York",43.172667,-73.326617,5.0,place_exact,Salem CDP,US,NY
BLUEBOOK_UNK,BerlinerBBU_472,"Ramstein Air Base, West Germany",,,,unresolved,,DE,
BLUEBOOK_UNK,BerlinerBBU_473,"Naperville, Illinois",41.749173,-88.162019,6.706875178998537,place_exact,Naperville city,US,IL
BLUEBOOK_UNK,BerlinerBBU_474,"Westfield, Massachusette",,,,unresolved,,US,
BLUEBOOK_UNK,BerlinerBBU_475,"Wurtland, Kentucky",38.549598,-82.779018,5.0,place_exact,Wurtland city,US,KY
BLUEBOOK_UNK,BerlinerBBU_476,"Indianapolis, Indiana",39.76838,-86.15804,29.79332139926665,geonames_exact,Indianapolis,US,IN
BLUEBOOK_UNK,BerlinerBBU_477,"Richmond, Virginia",37.531399,-77.476009,8.30542170980967,place_exact,Richmond city,US,VA
BLUEBOOK_UNK,BerlinerBBU_478,"Bayhead, New Jersey",40.070315,-74.048162,7.5,place_fuzzy,Bay Head borough,US,NJ
BLUEBOOK_UNK,BerlinerBBU_479,"Ocean Springs, Mississippi",30.402704,-88.788647,5.0,place_exact,Ocean Springs city,US,MS
BLUEBOOK_UNK,BerlinerBBU_480,Bermuda,,,,region,,BM,
BLUEBOOK_UNK,BerlinerBBU_481,"WSW of Biloxi, Mississippi, in the Gulf of Mexico",,,,unresolved,,MX,
BLUEBOOK_UNK,BerlinerBBU_482,"Farmington, Utah",40.984669,-111.906306,5.0,place_exact,Farmington city,US,UT
BLUEBOOK_UNK,BerlinerBBU_483,"Tampa, Florida",27.967876,-82.474586,11.456178614374187,place_exact,Tampa city,US,FL
BLUEBOOK_UNK,BerlinerBBU_484,"New Plymouth, New Zealand",-39.06667,174.08333,9.492101980067428,geonames_exact,New Plymouth,NZ,
BLUEBOOK_UNK,BerlinerBBU_485,"Pequannock, New Jersey",,,,unresolved,,US,NJ
BLUEBOOK_UNK,BerlinerBBU_486,"200 miles north of Venezuela (14' 27' N, 69' 57' E)",,,,region,,VE,
BLUEBOOK_UNK,BerlinerBBU_487,"Middletown, New York",41.444922,-74.423573,5.0,place_exact,Middletown city,US,NY
BLUEBOOK_UNK,BerlinerBBU_488,"Glen Ellyn, Illinois",41.866715,-88.062711,5.0,place_exact,Glen Ellyn village,US,IL
BLUEBOOK_UNK,BerlinerBBU_489,"Warrenville, Illinois",41.820977,-88.187454,5.0,place_exact,Warrenville city,US,IL
BLUEBOOK_UNK,BerlinerBBU_490,"St. Gallen, Switzerland",,,,unresolved,,CH,
BLUEBOOK_UNK,BerlinerBBU_491,"Susanville, California",40.433674,-120.628306,5.0,place_exact,Susanville city,US,CA
BLUEBOOK_UNK,BerlinerBBU_492,"Vandalia, Ohio",39.878977,-84.192224,5.0,place_exact,Vandalia city,US,OH
BLUEBOOK_UNK,BerlinerBBU_493,"Bedford, Ohio",41.392123,-81.53468,5.0,place_exact,Bedford city,US,OH
BLUEBOOK_UNK,BerlinerBBU_494,"Meridian, Idaho",43.611493,-116.397763,6.354618862598204,place_exact,Meridian city,US,ID
BLUEBOOK_UNK,BerlinerBBU_495,"Cupar Fife, Scotland",,,,unresolved,,GB,
BLUEBOOK_UNK,BerlinerBBU_496,"McMinnville, Oregon",45.211047,-123.191822,5.0,place_exact,McMinnville city,US,OR
BLUEBOOK_UNK,BerlinerBBU_497,"800 miles north of Midway Island (40' N, 175' 54' W)",,,,unresolved,,US,
BLUEBOOK_UNK,BerlinerBBU_498,"Monticello, Wisconsin",42.744662,-89.590257,5.0,place_exact,Monticello village,US,WI
BLUEBOOK_UNK,BerlinerBBU_499,"Homer, New York",42.637233,-76.185377,5.0,place_exact,Homer village,US,NY
BLUEBOOK_UNK,BerlinerBBU_500,"Socorro, New Mexico",34.054535,-106.906199,5.0,place_exact,Socorro city,US,NM
BLUEBOOK_UNK,BerlinerBBU_501,"Chicago, Illinois",41.837045,-87.684939,16.190785623653692,place_exact,Chicago city,US,IL
BLUEBOOK_UNK,BerlinerBBU_502,"Mt. Vernon, Virginia",38.713363,-77.105219,5.0,place_exact,Mount Vernon CDP,US,VA
BLUEBOOK_UNK,BerlinerBBU_503,"Cambridge, Massachusetts",42.376043,-71.11868,5.0,place_exact,Cambridge city,US,MA
BLUEBOOK_UNK,BerlinerBBU_504,"Pleasantview, Pennsylvania",40.609262,-79.575054,7.5,place_fuzzy,Pleasant View CDP,US,PA
BLUEBOOK_UNK,BerlinerBBU_505,"Toledo, Ohio",41.664071,-83.581861,9.625487116100786,place_exact,Toledo city,US,OH
BLUEBOOK_UNK,BerlinerBBU_506,"15 miles south of Houghton Lake, Michigan",44.084015730411515,-84.749865,10.0,place_exact+offset,Houghton Lake CDP,US,MI
BLUEBOOK_UNK,BerlinerBBU_507,"Littleton, Illinois",40.234,-90.622315,5.0,place_exact,Littleton village,US,IL
BLUEBOOK_UNK,BerlinerBBU_508,"Norwich, New York",42.533322,-75.522758,5.0,place_exact,Norwich city,US,NY
BLUEBOOK_UNK,BerlinerBBU_509,"Denver, Colorado",39.76185,-104.881105,13.274259669668128,place_exact,Denver city,US,CO
BLUEBOOK_UNK,BerlinerBBU_510,Wake Island,,,,unresolved,,US,
BLUEBOOK_UNK,BerlinerBBU_511,"New York, New York",40.662712,-73.938677,18.59707603062613,place_exact,New York city,US,NY
BLUEBOOK_UNK,BerlinerBBU_512,"Yosemite National Park, California",,,,unresolved,,US,CA
BLUEBOOK_UNK,BerlinerBBU_513,"Atlantic Ocean, 200 miles east of Dover, Delaware",,,,unresolved,,US,DE
BLUEBOOK_UNK,BerlinerBBU_514,"Cedar Grove, New Jersey",40.85177,-74.22903,5.0,geonames_exact,Cedar Grove,US,NJ
BLUEBOOK_UNK,BerlinerBBU_515,"Menominee Falls, Wisconsin",43.159411,-88.121548,9.232204178851331,place_fuzzy,Menomonee Falls village,US,WI
BLUEBOOK_UNK,BerlinerBBU_516,"1,400 miles east of Tokyo, Japan (34' 55' N, 164' 05' E)",,,,unresolved,,JP,
BLUEBOOK_UNK,BerlinerBBU_517,"Williamsburg, Virginia",37.269481,-76.708193,5.0,place_exact,Williamsburg city,US,VA
BLUEBOOK_UNK,BerlinerBBU_518,"Corvallis, Oregon",44.569949,-123.278285,5.0,place_exact,Corvallis city,US,OR
BLUEBOOK_UNK,BerlinerBBU_519,"Mt. Airy, Maryland",39.374693,-77.153807,5.0,place_exact,Mount Airy town,US,MD
BLUEBOOK_UNK,BerlinerBBU_520,"Keesler AFB, Mississippi",30.40888346,-88.924669922,10.0,dod_site,Keesler AFB,US,MS
BLUEBOOK_UNK,BerlinerBBU_521,"Oxford, Michigan",42.82143,-83.253464,5.0,place_exact,Oxford village,US,MI
BLUEBOOK_UNK,BerlinerBBU_522,"Kiel, Wisconsin",43.91602,-88.026497,5.0,place_exact,Kiel city,US,WI
BLUEBOOK_UNK,BerlinerBBU_523,"Castalia, Ohio",41.404238,-82.80163,5.0,place_exact,Castalia village,US,OH
BLUEBOOK_UNK,BerlinerBBU_524,"Dallas, Texas",32.793333,-96.766513,19.771028658676872,place_exact,Dallas city,US,TX
BLUEBOOK_UNK,BerlinerBBU_525,"Tinley Park, Illinois",41.568579,-87.804217,5.0,place_exact,Tinley Park village,US,IL
BLUEBOOK_UNK,BerlinerBBU_526,Cherry Creek New York,,,,region,,US,NY
BLUEBOOK_UNK,BerlinerBBU_527,"Urbana, Ohio",40.108536,-83.754072,5.0,place_exact,Urbana city,US,OH
BLUEBOOK_UNK,BerlinerBBU_528,"Exeter, New Hampshire",42.976981,-70.945458,5.0,place_exact,Exeter CDP,US,NH
BLUEBOOK_UNK,BerlinerBBU_529,"Damon, Texas",29.283237,-95.740772,5.0,place_exact,Damon CDP,US,TX
BLUEBOOK_UNK,BerlinerBBU_530,"Chisholm, Minnesota",47.48753,-92.879401,5.0,place_exact,Chisholm city,US,MN
BLUEBOOK_UNK,BerlinerBBU_531,"Rodeo, New Mexico",31.839654,-109.026644,5.0,place_exact,Rodeo CDP,US,NM
BLUEBOOK_UNK,BerlinerBBU_532,"Middletown, Ohio",39.502952,-84.364893,5.4847785734704,place_exact,Middletown city,US,OH
BLUEBOOK_UNK,BerlinerBBU_533,"Salisbury, North Carolina",35.665499,-80.48893,5.011315063600239,place_exact,Salisbury city,US,NC
BLUEBOOK_UNK,BerlinerBBU_534,"Nederland, Texas",29.970149,-94.000902,5.0,place_exact,Nederland city,US,TX
BLUEBOOK_UNK,BerlinerBBU_535,"Miami, Florida",25.775163,-80.208615,6.4369903595460585,place_exact,Miami city,US,FL
BLUEBOOK_UNK,BerlinerBBU_536,"Houston, Texas",29.785743,-95.388806,27.15177795692618,place_exact,Houston city,US,TX
BLUEBOOK_UNK,BerlinerBBU_537,"Temple, Oklahoma",34.272116,-98.234568,5.0,place_exact,Temple town,US,OK
BLUEBOOK_UNK,BerlinerBBU_538,"Texhoma, Oklahoma",36.505405,-101.787387,5.0,place_exact,Texhoma town,US,OK
BLUEBOOK_UNK,BerlinerBBU_539,"Alto, Tennessee",,,,unresolved,,US,TN
BLUEBOOK_UNK,BerlinerBBU_540,"Lycoming, New York",,,,unresolved,,US,NY
BLUEBOOK_UNK,BerlinerBBU_541,"Sacramento, California",38.567694,-121.468161,10.65415918784772,place_exact,Sacramento city,US,CA
BLUEBOOK_UNK,BerlinerBBU_542,"Goodfellow AFB, Texas",31.4321182210001,-100.404486027,10.0,dod_site,Goodfellow Air Force Base,US,TX
BLUEBOOK_UNK,BerlinerBBU_543,"Spooner, Wisconsin",45.825917,-91.886125,5.0,place_exact,Spooner city,US,WI
BLUEBOOK_UNK,BerlinerBBU_544,"Kansas, Ohio",41.24515,-83.283916,5.0,place_exact,Kansas CDP,US,OH
BLUEBOOK_UNK,BerlinerBBU_545,"Burnsville, North Carolina",35.916312,-82.297697,5.0,place_exact,Burnsville town,US,NC
BLUEBOOK_UNK,BerlinerBBU_546,"400 miles east of Wake Island (19' N, 172' E)",,,,unresolved,,US,
BLUEBOOK_UNK,BerlinerBBU_547,"Union, Pennsylvania",,,,unresolved,,US,PA
BLUEBOOK_UNK,BerlinerBBU_548,"Vanceboro, North Carolina",35.303057,-77.1567,5.0,place_exact,Vanceboro town,US,NC
BLUEBOOK_UNK,BerlinerBBU_549,"Presque Isle State Park, Pennsylvania",,,,unresolved,,US,PA
BLUEBOOK_UNK,BerlinerBBU_550,"Donnybrook, North Dakota",48.507731,-101.887054,5.0,place_exact,Donnybrook city,US,ND
BLUEBOOK_UNK,BerlinerBBU_551,"Columbus, Ohio",39.985531,-82.985594,15.914945428747155,place_exact,Columbus city,US,OH
BLUEBOOK_UNK,BerlinerBBU_552,"Gaylesville, Alabama",34.267444,-85.561248,5.0,place_exact,Gaylesville town,US,AL
BLUEBOOK_UNK,BerlinerBBU_553,"Willsboro, New York",44.363503,-73.393164,5.0,place_exact,Willsboro CDP,US,NY
BLUEBOOK_UNK,BerlinerBBU_554,"Suffolk County AFB, New York",,,,unresolved,,US,NY
BLUEBOOK_UNK,BerlinerBBU_555,"Franklin Springs, New York",,,,unresolved,,US,NY
BLUEBOOK_UNK,BerlinerBBU_556,"Gwinner, North Dakota",46.231045,-97.656093,5.0,place_exact,Gwinner city,US,ND
BLUEBOOK_UNK,BerlinerBBU_557,"Wilmington, Ohio",39.429125,-83.816172,5.0,place_exact,Wilmington city,US,OH
BLUEBOOK_UNK,BerlinerBBU_558,"Osceola, Wisconsin",45.319283,-92.695892,5.0,place_exact,Osceola village,US,WI
BLUEBOOK_UNK,BerlinerBBU_559,"Southhampton, Long Island, New York",,,,unresolved,,US,NY
BLUEBOOK_UNK,BerlinerBBU_560,"Cold Bay Air Force Station, Alaska",,,,unresolved,,US,AK
BLUEBOOK_UNK,BerlinerBBU_561,"Saginaw, Michigan",43.419945,-83.950172,5.0,place_exact,Saginaw city,US,MI
BLUEBOOK_UNK,BerlinerBBU_562,"Monroe, Oregon",44.316853,-123.298864,5.0,place_exact,Monroe city,US,OR
BLUEBOOK_UNK,BerlinerBBU_563,"Odessa, Delaware",39.456455,-75.659626,5.0,place_exact,Odessa town,US,DE
BLUEBOOK_UNK,BerlinerBBU_564,"Grand Rapids, Michigan",42.961156,-85.65557,7.1792540002426435,place_exact,Grand Rapids city,US,MI
BLUEBOOK_UNK,BerlinerBBU_565,"Stoughton, Wisconsin",42.923769,-89.222515,5.0,place_exact,Stoughton city,US,WI
BLUEBOOK_UNK,BerlinerBBU_566,"Oxford, Wisconsin",43.780372,-89.563582,5.0,place_exact,Oxford village,US,WI
BLUEBOOK_UNK,BerlinerBBU_567,"Grand Haven, Michigan",43.054969,-86.219349,5.0,place_exact,Grand Haven city,US,MI
BLUEBOOK_UNK,BerlinerBBU_568,"Benton Harbor, Michigan",42.113495,-86.44725,5.0,place_exact,Benton Harbor city,US,MI
BLUEBOOK_UNK,BerlinerBBU_569,"Galesburg-Moline, Illinois",,,,unresolved,,US,IL
BLUEBOOK_UNK,BerlinerBBU_570,"Galesburg, Illinois",40.950217,-90.376564,5.0,place_exact,Galesburg city,US,IL
BLUEBOOK_UNK,BerlinerBBU_571,"Onawa, Iowa",42.026476,-96.090917,5.0,place_exact,Onawa city,US,IA
BLUEBOOK_UNK,BerlinerBBU_572,"Wapello, Iowa",41.177248,-91.187372,5.0,place_exact,Wapello city,US,IA
BLUEBOOK_UNK,BerlinerBBU_573,"Belt, Montana",47.387201,-110.927737,5.0,place_exact,Belt town,US,MT
BLUEBOOK_UNK,BerlinerBBU_574,"New Winchester, Ohio",,,,unresolved,,US,OH
BLUEBOOK_UNK,BerlinerBBU_575,"Rural Hall, North Carolina",36.224504,-80.296908,5.0,place_exact,Rural Hall town,US,NC
BLUEBOOK_UNK,BerlinerBBU_576,"Austin, Texas",30.301157,-97.752695,19.19066469811704,place_exact,Austin city,US,TX
BLUEBOOK_UNK,BerlinerBBU_577,"Scotch Plains, New Jersey",40.65538,-74.38987,5.0,geonames_exact,Scotch Plains,US,NJ
BLUEBOOK_UNK,BerlinerBBU_578,"Lizelia, Mississippi",,,,unresolved,,US,MS
BLUEBOOK_UNK,BerlinerBBU_579,"Lake Charles, Louisiana",30.200602,-93.210843,7.248971513256208,place_exact,Lake Charles city,US,LA
BLUEBOOK_UNK,BerlinerBBU_580,"Groveton, Missouri",,,,unresolved,,US,MO
BLUEBOOK_UNK,BerlinerBBU_581,"near Ocala, Florida",29.17751,-82.151025,7.375474764379579,place_exact,Ocala city,US,FL
BLUEBOOK_UNK,BerlinerBBU_582,"Newton, Georgia",31.316751,-84.339469,5.0,place_exact,Newton city,US,GA
BLUEBOOK_UNK,BerlinerBBU_583,"Crittenden, Virginia",,,,unresolved,,US,VA
NICAP,NICAP_DB_0,"Norfolk, VA",36.923015,-76.244641,7.8310331658373435,place_exact,Norfolk city,US,VA
NICAP,NICAP_DB_1,"Copiago, Chile",,,,unresolved,,CL,
NICAP,NICAP_DB_2,"Banbury, UK",52.0632,-1.34222,6.975026881668629,geonames_exact,Banbury,GB,
NICAP,NICAP_DB_3,"Unknown City, UK",,,,unresolved,,GB,
NICAP,NICAP_DB_4,"At sea, Persian Gulf",,,,unresolved,,US,
NICAP,NICAP_DB_5,"Aldershot, UK",51.24827,-0.76389,6.337191807101944,geonames_exact,Aldershot,GB,
NICAP,NICAP_DB_6,"Eastern area, Venezuela",,,,unresolved,,VE,
NICAP,NICAP_DB_7,"Lamy, NM",35.485476,-105.886293,5.0,place_exact,Lamy CDP,US,NM
NICAP,NICAP_DB_8,"Between Melbourne and Sydney at sea, AU",,,,unresolved,,US,
NICAP,NICAP_DB_9,"Norwood, NY",44.7483,-74.996674,5.0,place_exact,Norwood village,US,NY
NICAP,NICAP_DB_10,"Scutari, Turkey",,,,unresolved,,TR,
NICAP,NICAP_DB_11,"Maracaibo, Venezuela",10.64232,-71.61089,40.0,geonames_exact,Maracaibo,VE,
NICAP,NICAP_DB_12,"Cape Race, Atlantic Ocean",,,,unresolved,,US,
NICAP,NICAP_DB_13,"Arolla (near Zermatt), Swiss Alps",,,,unresolved,,US,
NICAP,NICAP_DB_14,"Sioux City, IA",42.495668,-96.390525,8.203296871109538,place_exact,Sioux City city,US,IA
NICAP,NICAP_DB_15,"Omaha, NE",41.262705,-96.053475,12.765417902372889,place_exact,Omaha city,US,NE
NICAP,NICAP_DB_16,"Everest, KS",39.676974,-95.424757,5.0,place_exact,Everest city,US,KS
NICAP,NICAP_DB_17,"Nilwood, IL",39.399506,-89.807736,5.0,place_exact,Nilwood town,US,IL
NICAP,NICAP_DB_18,"Girard (near Green Ridge), IL",39.44658,-89.782047,5.0,place_exact,Girard city,US,IL
NICAP,NICAP_DB_20,"Gas City, IN",40.48865,-85.594335,5.0,place_exact,Gas City city,US,IN
NICAP,NICAP_DB_23,"Cleveland, OH",41.478462,-81.679435,9.459480840816676,place_exact,Cleveland city,US,OH
NICAP,NICAP_DB_24,"Linn Grove, IA",42.89389,-95.243647,5.0,place_exact,Linn Grove city,US,IA
NICAP,NICAP_DB_26,"Howard-Artesian, SD",,,,unresolved,,US,SD
NICAP,NICAP_DB_27,"St. Louis, MO",38.635699,-90.244582,8.429990114664035,place_exact,St. Louis city,US,MO
NICAP,NICAP_DB_28,"Perry Springs, MO",,,,unresolved,,US,MO
NICAP,NICAP_DB_29,"Springfield, IL",39.791063,-89.644572,8.38903474781217,place_exact,Springfield city,US,IL
NICAP,NICAP_DB_30,"Downs Township, IL",,,,unresolved,,US,IL
NICAP,NICAP_DB_31,"Vincennes, IN",38.676102,-87.511119,5.0,place_exact,Vincennes city,US,IN
NICAP,NICAP_DB_32,"Williamston, MI",42.683348,-84.283557,5.0,place_exact,Williamston city,US,MI
NICAP,NICAP_DB_34,"Leroy, KS",38.085957,-95.63297,5.0,place_exact,LeRoy city,US,KS
NICAP,NICAP_DB_37,"Homan, AR",,,,unresolved,,US,AR
NICAP,NICAP_DB_39,"Rockland, TX",,,,unresolved,,US,TX
NICAP,NICAP_DB_41,"Josserand, TX",,,,unresolved,,US,TX
NICAP,NICAP_DB_43,"McKinney Bayou, AR",,,,unresolved,,US,AR
NICAP,NICAP_DB_45,"Merkel, TX",32.469731,-100.011096,5.0,place_exact,Merkel town,US,TX
NICAP,NICAP_DB_46,"Aquila-Hillsboro, TX",,,,unresolved,,US,TX
NICAP,NICAP_DB_48,"Hot Springs, AR",34.489442,-93.050254,6.567776488279729,place_exact,Hot Springs city,US,AR
NICAP,NICAP_DB_50,"At sea, Gulf of Guinea",,,,unresolved,,US,
NICAP,NICAP_DB_51,"Helmer, IN",,,,unresolved,,US,IN
NICAP,NICAP_DB_52,"Rolling Prairie, IN",41.674467,-86.619898,5.0,place_exact,Rolling Prairie CDP,US,IN
NICAP,NICAP_DB_53,"San Francisco (North Pacific off), CA",37.727239,-123.032229,7.348683600936066,place_exact,San Francisco city,US,CA
NICAP,NICAP_DB_54,"At sea, DE",,,,unresolved,,US,DE
NICAP,NICAP_DB_55,"Podkamennaia Tunguska, Russia",,,,unresolved,,RU,
NICAP,NICAP_DB_56,"King's Lynn, UK",52.75172,0.39516,6.789182572298377,geonames_exact,King's Lynn,GB,
NICAP,NICAP_DB_58,"Caerphilly, Wales, UK",,,,unresolved,,GB,
NICAP,NICAP_DB_61,"Donghoi, Annam",,,,unresolved,,US,
NICAP,NICAP_DB_62,"Worcester, MA",42.269478,-71.807783,6.557979905767053,place_exact,Worcester city,US,MA
NICAP,NICAP_DB_63,"Invercargill, New Zealand, AU",,,,unresolved,,US,
NICAP,NICAP_DB_64,"Vernal, UT",40.451698,-109.538011,5.0,place_exact,Vernal city,US,UT
NICAP,NICAP_DB_65,"Hamburg, Germany",53.55073,9.99302,40.0,geonames_exact,Hamburg,DE,
NICAP,NICAP_DB_67,"Georgian Bay, CAN",,,,unresolved,,US,
NICAP,NICAP_DB_69,"Gallipoli, Turkey",,,,unresolved,,TR,
NICAP,NICAP_DB_70,"Rochford, Essex, UK",,,,unresolved,,GB,
NICAP,NICAP_DB_71,"Huntington, WV",38.410651,-82.434689,5.0,place_exact,Huntington city,US,WV
NICAP,NICAP_DB_72,"Youngstown, PA",40.279783,-79.365884,5.0,place_exact,Youngstown borough,US,PA
NICAP,NICAP_DB_73,"Waco (near), TX",31.560111,-97.186027,10.106480297314194,place_exact,Waco city,US,TX
NICAP,NICAP_DB_74,"Marseilles, France",43.29695,5.38107,44.42672337681455,geonames_fuzzy,Marseille,FR,
NICAP,NICAP_DB_75,"Hubbell, NE",40.008741,-97.497006,5.0,place_exact,Hubbell village,US,NE
NICAP,NICAP_DB_77,"Barmouth, Wales, UK",,,,unresolved,,GB,
NICAP,NICAP_DB_78,"Greencastle, IN",39.641841,-86.846339,5.0,place_exact,Greencastle city,US,IN
NICAP,NICAP_DB_79,"Northern Wayne County, IL",,,,unresolved,,US,IL
NICAP,NICAP_DB_80,"Unknown City, OK",,,,unresolved,,US,OK
NICAP,NICAP_DB_81,"Witicha, KS",,,,unresolved,,US,KS
NICAP,NICAP_DB_82,"Salt Lake City (near), UT",40.776928,-111.930991,11.269894310852154,place_exact,Salt Lake City city,US,UT
NICAP,NICAP_DB_84,"Himalayan Mts., Nepal",,,,unresolved,,US,
NICAP,NICAP_DB_85,"Milton, ND",48.626006,-98.045964,5.0,place_exact,Milton city,US,ND
NICAP,NICAP_DB_87,"Ward, CO",40.07304,-105.514775,5.0,place_exact,Ward town,US,CO
NICAP,NICAP_DB_88,"Fermeneuve, CAN",,,,unresolved,,US,
NICAP,NICAP_DB_91,"Robsart, CAN",,,,unresolved,,US,
NICAP,NICAP_DB_92,"Cobden, Ont, CAN",,,,unresolved,,US,
NICAP,NICAP_DB_93,"Unknown City, WV",,,,unresolved,,US,WV
NICAP,NICAP_DB_94,"Oakland, CA",37.769846,-122.22569,8.023888943509736,place_exact,Oakland city,US,CA
NICAP,NICAP_DB_95,"Hawthorne, CT",,,,unresolved,,US,CT
NICAP,NICAP_DB_96,"Unknown City, NJ",,,,unresolved,,US,NJ
NICAP,NICAP_DB_97,"Durham, NY",42.39953,-74.17236,5.0,geonames_exact,Durham,US,NY
NICAP,NICAP_DB_98,"Paris, OH",,,,unresolved,,US,OH
NICAP,NICAP_DB_99,"Cherryville, PA",40.756581,-75.532524,5.0,place_exact,Cherryville CDP,US,PA
NICAP,NICAP_DB_100,"Sussex, UK",,,,unresolved,,GB,
NICAP,NICAP_DB_101,"East Coast United States, East Coast",,,,unresolved,,US,
NICAP,NICAP_DB_102,"Kalix, Sweden",65.85298,23.15645,5.0,geonames_exact,Kalix,SE,
NICAP,NICAP_DB_103,"Unknown City, Sweden",,,,unresolved,,SE,
NICAP,NICAP_DB_104,"Sweden, Northern Finland, Norway, Various",,,,unresolved,,US,
NICAP,NICAP_DB_105,"Oslo, Norway",59.91273,10.74609,32.90250750322838,geonames_exact,Oslo,NO,
NICAP,NICAP_DB_106,"Palestine, TX",31.754512,-95.646953,5.0,place_exact,Palestine city,US,TX
NICAP,NICAP_DB_107,"Unknown City, Brazil",,,,unresolved,,BR,
NICAP,NICAP_DB_108,"Unknown City, NC",,,,unresolved,,US,NC
NICAP,NICAP_DB_109,"Kvalsik, Norway",,,,unresolved,,NO,
NICAP,NICAP_DB_110,"London, UK",51.50853,-0.12574,40.0,geonames_exact,London,GB,
NICAP,NICAP_DB_111,"500 miles off US coast, In Air Space",,,,unresolved,,US,
NICAP,NICAP_DB_112,"German-Polish border, In Air Space",,,,unresolved,,US,
NICAP,NICAP_DB_113,"Unknown City, UK",,,,unresolved,,GB,
NICAP,NICAP_DB_114,"Guadalaraja, Spain",,,,unresolved,,ES,
NICAP,NICAP_DB_116,"Unknown City, MA",,,,unresolved,,US,MA
NICAP,NICAP_DB_117,"Juminda, Estonia",,,,unresolved,,US,
NICAP,NICAP_DB_118,"Unknown City, PA",,,,unresolved,,US,PA
NICAP,NICAP_DB_119,"Wisconsin Rapids, WI",44.392923,-89.826749,5.0,place_exact,Wisconsin Rapids city,US,WI
NICAP,NICAP_DB_120,"Brockworth, UK",,,,unresolved,,GB,
NICAP,NICAP_DB_121,"Hinsdale, IL",41.800683,-87.928172,5.0,place_exact,Hinsdale village,US,IL
NICAP,NICAP_DB_122,"Toledo, OH",41.664071,-83.581861,9.625487116100786,place_exact,Toledo city,US,OH
NICAP,NICAP_DB_123,"Hoy Island, The Orkneys, Scotland",,,,unresolved,,GB,
NICAP,NICAP_DB_124,"Cape Girardeau, MO",37.310088,-89.558028,5.785530341579182,place_exact,Cape Girardeau city,US,MO
NICAP,NICAP_DB_125,"Charleston, MS",34.007653,-90.055166,5.0,place_exact,Charleston city,US,MS
NICAP,NICAP_DB_126,"Mozambique, Africa",,,,unresolved,,US,
NICAP,NICAP_DB_127,"Unknown City, GA",,,,unresolved,,US,GA
NICAP,NICAP_DB_128,"Unknown City, NY",,,,unresolved,,US,NY
NICAP,NICAP_DB_129,"Tientsien, Hopeh Province, N. China",,,,unresolved,,CN,
NICAP,NICAP_DB_130,"Los Angeles, CA",34.019394,-118.410825,23.2472560101187,place_exact,Los Angeles city,US,CA
NICAP,NICAP_DB_131,"Timor Sea, At Sea",,,,unresolved,,US,
NICAP,NICAP_DB_132,"Zuider Zee, Holland",,,,unresolved,,NL,
NICAP,NICAP_DB_133,"Unknown City, KY",,,,unresolved,,US,KY
NICAP,NICAP_DB_134,"Unknown City, IL",,,,unresolved,,US,IL
NICAP,NICAP_DB_135,"Unknown City, Holland",,,,unresolved,,NL,
NICAP,NICAP_DB_136,"Cussey-sur-l'Ognon, Doubs, France",,,,unresolved,,FR,
NICAP,NICAP_DB_137,"Unknown City, Solomon Isl",,,,unresolved,,US,
NICAP,NICAP_DB_138,"Aachen (near), Germany",50.77664,6.08342,16.28520801218087,geonames_exact,Aachen,DE,
NICAP,NICAP_DB_139,"Unknown City, Solomon Isl",,,,unresolved,,US,
NICAP,NICAP_DB_140,"Osnabruk, Germany",,,,unresolved,,DE,
NICAP,NICAP_DB_141,"Tula Region, near Moscow, Russia",,,,unresolved,,RU,
NICAP,NICAP_DB_142,"Columbus, MS",33.508208,-88.407128,5.36971044118975,place_exact,Columbus city,US,MS
NICAP,NICAP_DB_143,"Bass Strait, Tasman Peninsula",,,,unresolved,,US,
NICAP,NICAP_DB_144,"Long Branch, NJ",40.295372,-73.989899,5.0,place_exact,Long Branch city,US,NJ
NICAP,NICAP_DB_145,"Radway Green, Cheshire, UK",,,,unresolved,,GB,
NICAP,NICAP_DB_146,"Unknown City, Guadalcanal",,,,unresolved,,US,
NICAP,NICAP_DB_147,"Turin, Italy",45.07049,7.68682,29.108194722448868,geonames_exact,Turin,IT,
NICAP,NICAP_DB_148,"Bay of Biscay, UK",,,,unresolved,,GB,
NICAP,NICAP_DB_149,"French coast (mouth of Somme River), At Sea",,,,unresolved,,US,
NICAP,NICAP_DB_150,"Washington, DC",38.904247,-77.016517,8.388249029313434,place_exact,Washington city,US,DC
NICAP,NICAP_DB_151,"Naples, Italy",40.85216,14.26811,30.15042288260647,geonames_exact,Naples,IT,
NICAP,NICAP_DB_152,"Long Beach, CA",33.780791,-118.16818,7.640413252348767,place_exact,Long Beach city,US,CA
NICAP,NICAP_DB_153,"Norwich, UK",52.62783,1.29834,11.963904045084949,geonames_exact,Norwich,GB,
NICAP,NICAP_DB_154,"Duisburg, Germany",51.43247,6.76516,22.45791619897091,geonames_exact,Duisburg,DE,
NICAP,NICAP_DB_155,"Dortmund, Germany",51.51494,7.466,24.258235714907215,geonames_exact,Dortmund,DE,
NICAP,NICAP_DB_156,"Essen, Germany",51.45657,7.01228,24.35333652705518,geonames_exact,Essen,DE,
NICAP,NICAP_DB_157,"English Channel, UK",,,,unresolved,,GB,
NICAP,NICAP_DB_158,"Oncativo, Argentina",-31.9134,-63.68214,5.0,geonames_exact,Oncativo,AR,
NICAP,NICAP_DB_160,"Stuttgart, Germany",48.78232,9.17702,24.75203021976177,geonames_exact,Stuttgart,DE,
NICAP,NICAP_DB_161,"Schweinfurt, Germany",50.04937,10.22175,7.349285679574581,geonames_exact,Schweinfurt,DE,
NICAP,NICAP_DB_162,"Schweinfurt, Germany",50.04937,10.22175,7.349285679574581,geonames_exact,Schweinfurt,DE,
NICAP,NICAP_DB_163,"Escondido, CA",33.133053,-117.074043,6.556527570122601,place_exact,Escondido city,US,CA
NICAP,NICAP_DB_165,"Oslo, Norway",59.91273,10.74609,32.90250750322838,geonames_exact,Oslo,NO,
NICAP,NICAP_DB_167,"Edmen, Germany",,,,unresolved,,DE,
NICAP,NICAP_DB_168,"Naples, Italy",40.85216,14.26811,30.15042288260647,geonames_exact,Naples,IT,
NICAP,NICAP_DB_169,"Unknown City, CA",,,,unresolved,,US,CA
NICAP,NICAP_DB_170,"Halberstadt, Germany",51.89562,11.05622,6.303094478111525,geonames_exact,Halberstadt,DE,
NICAP,NICAP_DB_171,"Kiel, Germany",54.32133,10.13489,15.895533963978687,geonames_exact,Kiel,DE,
NICAP,NICAP_DB_172,"Somewhere over France, In Air",,,,unresolved,,US,
NICAP,NICAP_DB_173,"Location Unknown, Unknown",,,,unresolved,,US,
NICAP,NICAP_DB_174,"Bass Strait, AU",,,,unresolved,,US,
NICAP,NICAP_DB_176,"Leipzig-Berlin area, Germany",,,,unresolved,,DE,
NICAP,NICAP_DB_177,"Coblence and Aachen, Germany",,,,unresolved,,DE,
NICAP,NICAP_DB_178,"St. Quentin, France",49.84889,3.28757,7.443587844581402,geonames_exact,Saint-Quentin,FR,
NICAP,NICAP_DB_179,"Carlsbad, NM",32.40079,-104.241012,6.023184060131503,place_exact,Carlsbad city,US,NM
NICAP,NICAP_DB_180,"Location unknown, probably, Germany",,,,unresolved,,DE,
NICAP,NICAP_DB_181,"Unknown City, France",,,,unresolved,,FR,
NICAP,NICAP_DB_182,"Essen, Germany",51.45657,7.01228,24.35333652705518,geonames_exact,Essen,DE,
NICAP,NICAP_DB_183,"Normandy, France",,,,unresolved,,FR,
NICAP,NICAP_DB_184,"Adriatic Sea, At Sea",,,,unresolved,,US,
NICAP,NICAP_DB_185,"Normandy Coast, France",,,,unresolved,,FR,
NICAP,NICAP_DB_186,"Normandy, France",,,,unresolved,,FR,
NICAP,NICAP_DB_187,"Brest, France",48.39029,-4.48628,12.03740005150614,geonames_exact,Brest,FR,
NICAP,NICAP_DB_188,"Normandy, France",,,,unresolved,,FR,
NICAP,NICAP_DB_189,"Normandy, France",,,,unresolved,,FR,
NICAP,NICAP_DB_190,"Unknown City, Italy",,,,unresolved,,IT,
NICAP,NICAP_DB_191,"Bt. St. Lo and Vire, France",,,,unresolved,,FR,
NICAP,NICAP_DB_192,"Ploesti, Rumania",,,,unresolved,,US,
NICAP,NICAP_DB_193,"Unknown City, Sumatra",,,,unresolved,,US,
NICAP,NICAP_DB_194,"Palembang, Sumatra",,,,unresolved,,US,
NICAP,NICAP_DB_195,"Pelice, France",,,,unresolved,,FR,
NICAP,NICAP_DB_196,"Kaoe Bay, Indonesia",,,,unresolved,,US,
NICAP,NICAP_DB_197,"Mattoon, IL",39.477833,-88.362225,5.0,place_exact,Mattoon city,US,IL
NICAP,NICAP_DB_198,"Oak Ridge, TN",35.966483,-84.290549,9.90612605074927,place_exact,Oak Ridge city,US,TN
NICAP,NICAP_DB_199,"Unknown Island, Japan",,,,unresolved,,JP,
NICAP,NICAP_DB_200,"Antwerp, Belgium",51.22047,4.40026,23.005368938576055,geonames_exact,Antwerp,BE,
NICAP,NICAP_DB_201,"Unknown City, UK",,,,unresolved,,GB,
NICAP,NICAP_DB_202,"Antwerp, Belgium",51.22047,4.40026,23.005368938576055,geonames_exact,Antwerp,BE,
NICAP,NICAP_DB_203,"Dover, UK",51.12598,1.31257,6.458250537103682,geonames_exact,Dover,GB,
NICAP,NICAP_DB_204,"Unknown City, Holland",,,,unresolved,,NL,
NICAP,NICAP_DB_205,"Southeast, Holland",,,,unresolved,,NL,
NICAP,NICAP_DB_206,"Alghut, Sweden",,,,unresolved,,SE,
NICAP,NICAP_DB_207,"Formosa, Taiwan",,,,unresolved,,TW,
NICAP,NICAP_DB_208,"Po Valley, Italy",,,,unresolved,,IT,
NICAP,NICAP_DB_209,"N. Florence, Italy",,,,unresolved,,IT,
NICAP,NICAP_DB_210,"Omura, Japan",32.92139,129.95389,9.767138782673255,geonames_exact,Ōmura,JP,
NICAP,NICAP_DB_211,"Munich, Germany",48.13743,11.57549,38.7943939248959,geonames_exact,Munich,DE,
NICAP,NICAP_DB_212,"Cologne, Germany",,,,unresolved,,DE,
NICAP,NICAP_DB_213,"Unknown City, France",,,,unresolved,,FR,
NICAP,NICAP_DB_214,"Singapore, Malaya",,,,unresolved,,US,
NICAP,NICAP_DB_215,"Aachen/Bonn/Cologne, Germany",50.77664,6.08342,16.28520801218087,geonames_exact,Aachen,DE,
NICAP,NICAP_DB_216,"Unknown City, Germany",,,,unresolved,,DE,
NICAP,NICAP_DB_217,"Unknown City, Italy",,,,unresolved,,IT,
NICAP,NICAP_DB_218,"Mannheim, Germany",49.4891,8.46694,17.548789132017056,geonames_exact,Mannheim,DE,
NICAP,NICAP_DB_219,"Strasbourg, Germany",53.5069,13.74446,7.5,geonames_fuzzy,Strasburg,DE,
NICAP,NICAP_DB_220,"Lingayen Gulf, Philippines",,,,unresolved,,PH,
NICAP,NICAP_DB_221,"Austria, Austria",,,,unresolved,,AT,
NICAP,NICAP_DB_222,"Ardennes offensive, Germany",,,,unresolved,,DE,
NICAP,NICAP_DB_223,"Villafranca, Italy",44.03297,8.10525,5.0,geonames_exact,Villafranca,IT,
NICAP,NICAP_DB_224,"Rhine River area, Germany",,,,unresolved,,DE,
NICAP,NICAP_DB_225,"Erstein, Germany",,,,unresolved,,DE,
NICAP,NICAP_DB_226,"Unknown City, Germany",,,,unresolved,,DE,
NICAP,NICAP_DB_227,"Breisach, Germany",,,,unresolved,,DE,
NICAP,NICAP_DB_228,"Hagenau, Germany",47.67666,9.31787,7.5,geonames_fuzzy,Hagnau,DE,
NICAP,NICAP_DB_229,"Unknown City, Germany",,,,unresolved,,DE,
NICAP,NICAP_DB_230,"Unknown City, Germany",,,,unresolved,,DE,
NICAP,NICAP_DB_231,"Unknown City, Germany",,,,unresolved,,DE,
NICAP,NICAP_DB_232,"Worms, Germany",49.63278,8.35916,9.005498320470666,geonames_exact,Worms,DE,
NICAP,NICAP_DB_233,"Luneville, France",48.59273,6.49383,5.0,geonames_exact,Lunéville,FR,
NICAP,NICAP_DB_234,"Unknown City, France",,,,unresolved,,FR,
NICAP,NICAP_DB_235,"Neuwied / Koblenz, Germany",50.4336,7.47057,8.173432571447567,geonames_exact,Neuwied,DE,
NICAP,NICAP_DB_236,"Ardennes, Belgium",,,,unresolved,,BE,
NICAP,NICAP_DB_237,"Strasbourg and Manheim Btn., Germany",53.5069,13.74446,7.5,geonames_fuzzy,Strasburg,DE,
NICAP,NICAP_DB_238,"Frankfurt and Karlsrhue btn., Germany",,,,unresolved,,DE,
NICAP,NICAP_DB_239,"Somewhere bt. eastern France and Western Germany, Europe",,,,unresolved,,US,
NICAP,NICAP_DB_240,"Habbebishopsheim, Germany",,,,unresolved,,DE,
NICAP,NICAP_DB_241,"Hanford Nuclear Plant, WA",,,,unresolved,,US,WA
NICAP,NICAP_DB_242,"Okinawa (near), Guam",,,,unresolved,,US,GU
NICAP,NICAP_DB_243,"Unknown City, Germany",,,,unresolved,,DE,
NICAP,NICAP_DB_244,"Ardennes, Belgium",,,,unresolved,,BE,
NICAP,NICAP_DB_245,"Strasbourg (north of), France",48.58392,7.74553,16.578449867222208,geonames_exact,Strasbourg,FR,
NICAP,NICAP_DB_246,"Iwo Jima, Japan",,,,unresolved,,JP,
NICAP,NICAP_DB_247,"Ingweiller, Germany",,,,unresolved,,DE,
NICAP,NICAP_DB_248,"Vancouver Island, CAN",,,,unresolved,,US,
NICAP,NICAP_DB_249,"Wissembourg and Landau bt., Germany",,,,unresolved,,DE,
NICAP,NICAP_DB_250,"Chemnitz, Germany",50.8357,12.92922,15.723231220076869,geonames_exact,Chemnitz,DE,
NICAP,NICAP_DB_251,"Colmar, France",48.08078,7.35584,8.087335778858202,geonames_exact,Colmar,FR,
NICAP,NICAP_DB_252,"Frankfurt, Germany",,,,unresolved,,DE,
NICAP,NICAP_DB_253,"Dutch Coast, Holland",,,,unresolved,,NL,
NICAP,NICAP_DB_254,"Frankfurt, Germany",,,,unresolved,,DE,
NICAP,NICAP_DB_255,"Strasbourg (near), France",48.58392,7.74553,16.578449867222208,geonames_exact,Strasbourg,FR,
NICAP,NICAP_DB_256,"Riegel, Germany",48.15111,7.74915,5.0,geonames_exact,Riegel,DE,
NICAP,NICAP_DB_257,"Rastatt and Bishwiller bt., Germany",48.85851,8.20965,6.921416040088907,geonames_exact,Rastatt,DE,
NICAP,NICAP_DB_258,"Freiburg, Germany",47.9959,7.85222,15.409737181405788,geonames_exact,Freiburg,DE,
NICAP,NICAP_DB_259,"Pisa, Italy",43.70853,10.4036,10.486181383134664,geonames_exact,Pisa,IT,
NICAP,NICAP_DB_260,"Viareggio, Italy",43.86693,10.2502,7.884732081688001,geonames_exact,Viareggio,IT,
NICAP,NICAP_DB_261,"La Spezia, Italy",44.103,9.82375,9.658571322923489,geonames_exact,La Spezia,IT,
NICAP,NICAP_DB_262,"Po Valley (Central), Italy",,,,unresolved,,IT,
NICAP,NICAP_DB_263,"Massa and Po Valley (Central), Italy",44.03541,10.13927,8.048788728746706,geonames_exact,Massa,IT,
NICAP,NICAP_DB_264,"La Spezia, Italy",44.103,9.82375,9.658571322923489,geonames_exact,La Spezia,IT,
NICAP,NICAP_DB_265,"Po Valley, Italy",,,,unresolved,,IT,
NICAP,NICAP_DB_266,"Piacenza, Italy",45.05242,9.69342,10.178752379343944,geonames_exact,Piacenza,IT,
NICAP,NICAP_DB_267,"Leghorn (near), Italy",,,,unresolved,,IT,
NICAP,NICAP_DB_268,"Bologna, Italy",44.49381,11.33875,19.87065675814466,geonames_exact,Bologna,IT,
NICAP,NICAP_DB_269,"Admiralty Islands (near), At Sea",,,,unresolved,,US,
NICAP,NICAP_DB_270,"Belfast, ME",44.425874,-69.026418,6.2597151159883735,place_exact,Belfast city,US,ME
NICAP,NICAP_DB_271,"Unknown City, NM",,,,unresolved,,US,NM
NICAP,NICAP_DB_272,"Aleutian Islands, At Sea",,,,unresolved,,US,
NICAP,NICAP_DB_273,"Misburg, Germany",52.39006,9.85199,5.110185906598702,geonames_exact,Misburg,DE,
NICAP,NICAP_DB_274,"Either Holland or North Germany, Germany",,,,unresolved,,DE,
NICAP,NICAP_DB_275,"North Fresian Islands, Germany",,,,unresolved,,DE,
NICAP,NICAP_DB_276,"Bologna, Italy",44.49381,11.33875,19.87065675814466,geonames_exact,Bologna,IT,
NICAP,NICAP_DB_277,"Florence, Italy",43.77925,11.24626,19.161158628851233,geonames_exact,Florence,IT,
NICAP,NICAP_DB_278,"Speyer, Germany",49.32083,8.43111,7.095280121320088,geonames_exact,Speyer,DE,
NICAP,NICAP_DB_279,"Bergamo/Ghedi, Italy",45.69601,9.66721,11.009087155618307,geonames_exact,Bergamo,IT,
NICAP,NICAP_DB_280,"Germersheim, Germany",49.2144,8.36687,5.0,geonames_exact,Germersheim,DE,
NICAP,NICAP_DB_281,"Unknown City, New Guinea",,,,unresolved,,US,
NICAP,NICAP_DB_282,"Nagoya, Japan",35.18147,136.90641,40.0,geonames_exact,Nagoya,JP,
NICAP,NICAP_DB_283,"Mannheim and Darmstadt bt., Germany",49.4891,8.46694,17.548789132017056,geonames_exact,Mannheim,DE,
NICAP,NICAP_DB_284,"Kawasaki, Japan",35.52056,139.71722,39.22068331888163,geonames_exact,Kawasaki,JP,
NICAP,NICAP_DB_285,"Honshu, Japan",,,,unresolved,,JP,
NICAP,NICAP_DB_286,"North Sea, At Sea",,,,unresolved,,US,
NICAP,NICAP_DB_287,"Nagoya, Japan",35.18147,136.90641,40.0,geonames_exact,Nagoya,JP,
NICAP,NICAP_DB_288,"Fala Island, Truk Atoll",,,,unresolved,,GB,
NICAP,NICAP_DB_289,"Nagoya, Japan",35.18147,136.90641,40.0,geonames_exact,Nagoya,JP,
NICAP,NICAP_DB_290,"Atlantic Ocean, At Sea",,,,unresolved,,US,
NICAP,NICAP_DB_291,"Tokyo, Japan",35.6895,139.69171,40.0,geonames_exact,Tokyo,JP,
NICAP,NICAP_DB_292,"Unknown City, Japan",,,,unresolved,,JP,
NICAP,NICAP_DB_293,"Unknown City, Japan",,,,unresolved,,JP,
NICAP,NICAP_DB_294,"Fukuoka, Japan",33.6,130.41667,40.0,geonames_exact,Fukuoka,JP,
NICAP,NICAP_DB_295,"Aleutian Islands, At Sea",,,,unresolved,,US,
NICAP,NICAP_DB_296,"Hanford AEC Plant, WA",,,,unresolved,,US,WA
NICAP,NICAP_DB_297,"Unknown City, Japan",,,,unresolved,,JP,
NICAP,NICAP_DB_298,"Yokohama (near), Japan",35.43333,139.65,40.0,geonames_exact,Yokohama,JP,
NICAP,NICAP_DB_299,"Sasebo, Japan",33.16834,129.72502,15.595608356200794,geonames_exact,Sasebo,JP,
NICAP,NICAP_DB_300,"Honshu, Japan",,,,unresolved,,JP,
NICAP,NICAP_DB_301,"Unknown City, WA",,,,unresolved,,US,WA
NICAP,NICAP_DB_302,"Okinawa, Japan",26.33583,127.80139,11.947886842450426,geonames_exact,Okinawa,JP,
NICAP,NICAP_DB_303,"Iwo Jima (near), At Sea",,,,unresolved,,US,
NICAP,NICAP_DB_304,"Buckner Bay, Okinawa, Japan",,,,unresolved,,JP,
NICAP,NICAP_DB_305,"Angelholm, Sweden",56.2428,12.86219,7.5,geonames_fuzzy,Ängelholm,SE,
NICAP,NICAP_DB_308,"LaGrange, FL",,,,unresolved,,US,FL
NICAP,NICAP_DB_309,"Unknown City, FL",,,,unresolved,,US,FL
NICAP,NICAP_DB_310,"Unknown City, Sweden",,,,unresolved,,SE,
NICAP,NICAP_DB_311,"Oklahoma City, OK",35.467079,-97.513657,26.41579724331636,place_exact,Oklahoma City city,US,OK
NICAP,NICAP_DB_313,"Tampa (near), FL",27.967876,-82.474586,11.456178614374187,place_exact,Tampa city,US,FL
NICAP,NICAP_DB_314,"Bt. Malingsbo and Krylbo, Sweden",,,,unresolved,,SE,
NICAP,NICAP_DB_315,"Paterson, NJ",40.914766,-74.162829,5.0,place_exact,Paterson city,US,NJ
NICAP,NICAP_DB_316,"North Sea, 50 miles from Holland, At Sea",,,,unresolved,,US,
NICAP,NICAP_DB_317,"North Sea, 50 miles from Holland, At Sea",,,,unresolved,,US,
NICAP,NICAP_DB_318,"Lima, Peru",-12.04318,-77.02824,40.0,geonames_exact,Lima,PE,
NICAP,NICAP_DB_319,"Richmond, VA",37.531399,-77.476009,8.30542170980967,place_exact,Richmond city,US,VA
NICAP,NICAP_DB_320,"Oklahoma City, OK",35.467079,-97.513657,26.41579724331636,place_exact,Oklahoma City city,US,OK
NICAP,NICAP_DB_321,"Manitou Springs, CO",38.85754,-104.91286,5.0,place_exact,Manitou Springs city,US,CO
NICAP,NICAP_DB_322,"Beaufort (near), SC",32.458085,-80.722543,5.30296721971137,place_exact,Beaufort city,US,SC
NICAP,NICAP_DB_323,"Rehoboth Beach, DE",38.717446,-75.080611,5.0,place_exact,Rehoboth Beach city,US,DE
NICAP,NICAP_DB_324,"Weiser, ID",44.25468,-116.968859,5.0,place_exact,Weiser city,US,ID
NICAP,NICAP_DB_325,"Bakersfield, CA",35.353593,-119.036921,13.13039857226987,place_exact,Bakersfield city,US,CA
NICAP,NICAP_DB_326,"Webster, MA",42.046314,-71.874522,5.0,place_exact,Webster CDP,US,MA
NICAP,NICAP_DB_327,"Hot Springs, NM",,,,unresolved,,US,NM
NICAP,NICAP_DB_328,"Spokane, WA",47.666935,-117.433322,8.896614861844926,place_exact,Spokane city,US,WA
NICAP,NICAP_DB_329,"Maury Island, WA",,,,unresolved,,US,WA
NICAP,NICAP_DB_330,"Richland, WA",46.281588,-119.292247,6.719625717090036,place_exact,Richland city,US,WA
NICAP,NICAP_DB_331,"Cedar Rapids, IA",41.96624,-91.677932,9.110351499500139,place_exact,Cedar Rapids city,US,IA
NICAP,NICAP_DB_332,"Mt. Adams, WA",,,,unresolved,,US,WA
NICAP,NICAP_DB_333,"Mt. Ranier, WA",,,,unresolved,,US,WA
NICAP,NICAP_DB_334,"Pendelton, OR",45.675675,-118.82017,7.5,place_fuzzy,Pendleton city,US,OR
NICAP,NICAP_DB_335,"Rockfield, WI",,,,unresolved,,US,WI
NICAP,NICAP_DB_336,"Fort Mead (30 miles NW of), NV",,,,unresolved,,US,NV
NICAP,NICAP_DB_337,"Maxwell AFB, Montgomery, AL",,,,unresolved,,US,AL
NICAP,NICAP_DB_338,"Des Moines, IA",41.57259,-93.610243,10.074814980379982,place_exact,Des Moines city,US,IA
NICAP,NICAP_DB_339,"Jacksonville, OR",42.312632,-122.969169,5.0,place_exact,Jacksonville city,US,OR
NICAP,NICAP_DB_340,"Las Cruces, NM",32.326444,-106.789695,9.410540355249415,place_exact,Las Cruces city,US,NM
NICAP,NICAP_DB_341,"Grand Canyon (Near S rim of), AZ",36.05443,-112.13934,5.0,geonames_exact,Grand Canyon,US,AZ
NICAP,NICAP_DB_342,"Nashville, TN",36.16589,-86.78444,26.257322788129027,geonames_exact,Nashville,US,TN
NICAP,NICAP_DB_343,"Near Malta, Mediterrian Sea, At Sea",,,,unresolved,,US,
NICAP,NICAP_DB_344,"White Sands, NM",32.38044,-106.479113,5.0,place_exact,White Sands CDP,US,NM
NICAP,NICAP_DB_345,"Chitose AAB, Hokkaido, Japan",,,,unresolved,,JP,
NICAP,NICAP_DB_346,"Roswell, NM",33.373442,-104.529393,5.848639271944658,place_exact,Roswell city,US,NM
NICAP,NICAP_DB_347,"Roswell, NM",33.373442,-104.529393,5.848639271944658,place_exact,Roswell city,US,NM
NICAP,NICAP_DB_348,"South Brooksville-Harborside, ME",,,,unresolved,,US,ME
NICAP,NICAP_DB_349,"St. Maries (near), ID",47.314589,-116.572235,5.0,place_exact,St. Maries city,US,ID
NICAP,NICAP_DB_350,"Redmond (near), OR",44.260694,-121.182425,5.0,place_exact,Redmond city,US,OR
NICAP,NICAP_DB_351,"Portland and Milwaukie, OR, Vancouver, WA, various",45.536951,-122.649971,12.39414584031958,place_exact,Portland city,US,
NICAP,NICAP_DB_352,"Portland, OR",45.536951,-122.649971,12.39414584031958,place_exact,Portland city,US,OR
NICAP,NICAP_DB_353,"Portland, OR",45.536951,-122.649971,12.39414584031958,place_exact,Portland city,US,OR
NICAP,NICAP_DB_354,"Portland and Milwaukie, OR, Vancouver, WA, various",45.536951,-122.649971,12.39414584031958,place_exact,Portland city,US,
NICAP,NICAP_DB_355,"Seattle, WA",47.619339,-122.351565,9.823320461477824,place_exact,Seattle city,US,WA
NICAP,NICAP_DB_356,"Emmett, ID",43.869228,-116.491336,5.0,place_exact,Emmett city,US,ID
NICAP,NICAP_DB_357,"Albuquerque, NM",35.10478,-106.646809,14.682227578493212,place_exact,Albuquerque city,US,NM
NICAP,NICAP_DB_358,"Fairfield-Suisan AFB, CA",,,,unresolved,,US,CA
NICAP,NICAP_DB_359,"Clay Center, KS",39.381182,-97.127372,5.0,place_exact,Clay Center city,US,KS
NICAP,NICAP_DB_360,"S. Central, WY",,,,unresolved,,US,WY
NICAP,NICAP_DB_361,"Willow Springs, IL",41.734137,-87.88401,5.0,place_exact,Willow Springs village,US,IL
NICAP,NICAP_DB_362,"Tacoma, WA",47.252199,-122.459832,7.564826325391306,place_exact,Tacoma city,US,WA
NICAP,NICAP_DB_363,"Shreveport (7 miles N of ), LA",32.466879,-93.792193,11.139438046867534,place_exact,Shreveport city,US,LA
NICAP,NICAP_DB_364,"Lakeland, FL",28.055496,-81.954772,8.726386753850518,place_exact,Lakeland city,US,FL
NICAP,NICAP_DB_365,"Hickam Field, HI",,,,unresolved,,US,HI
NICAP,NICAP_DB_366,"Muroc Army Air Field, CA",,,,unresolved,,US,CA
NICAP,NICAP_DB_367,"Arlington, VA",38.878337,-77.100703,5.470445441948336,place_exact,Arlington CDP,US,VA
NICAP,NICAP_DB_368,"Phoenix, AZ",33.572154,-112.090132,24.418586909701933,place_exact,Phoenix city,US,AZ
NICAP,NICAP_DB_369,"Houston, TX",29.785743,-95.388806,27.15177795692618,place_exact,Houston city,US,TX
NICAP,NICAP_DB_370,"Los Angeles (near), CA",34.019394,-118.410825,23.2472560101187,place_exact,Los Angeles city,US,CA
NICAP,NICAP_DB_371,"Muroc AFB, CA",,,,unresolved,,US,CA
NICAP,NICAP_DB_372,"Muroc AFB, CA",,,,unresolved,,US,CA
NICAP,NICAP_DB_373,"Muroc AFB, CA",,,,unresolved,,US,CA
NICAP,NICAP_DB_374,"Muroc AFB (40 miles S of), CA",,,,unresolved,,US,CA
NICAP,NICAP_DB_375,"Boise (Bet. Meridian and), ID",43.6135,-116.20345,15.352003126628134,geonames_exact,Boise,US,ID
NICAP,NICAP_DB_376,"Harmon Field, Newfoundland, CAN",,,,unresolved,,US,
NICAP,NICAP_DB_377,"Morristown, NJ",40.796562,-74.477318,5.0,place_exact,Morristown town,US,NJ
NICAP,NICAP_DB_378,"Ft. Sumner (near), NM",34.486944,-104.217668,5.0,place_exact,Fort Sumner village,US,NM
NICAP,NICAP_DB_379,"Elmendorf AFB, Anchorage, AK",,,,unresolved,,US,AK
NICAP,NICAP_DB_380,"Bt. Mountain Home & Boise, ID",,,,unresolved,,US,ID
NICAP,NICAP_DB_381,"Canyon Ferry (Helena?), MT",,,,unresolved,,US,MT
NICAP,NICAP_DB_382,"Hamilton Field, CA",,,,unresolved,,US,CA
NICAP,NICAP_DB_383,"Danforth, IL",40.821975,-87.977847,5.0,place_exact,Danforth village,US,IL
NICAP,NICAP_DB_384,"Media, PA",39.92004,-75.388333,5.0,place_exact,Media borough,US,PA
NICAP,NICAP_DB_385,"Bethel, AK",60.793905,-161.796322,7.157689602409736,place_exact,Bethel city,US,AK
NICAP,NICAP_DB_386,"Everett, MA",42.405938,-71.054649,5.0,place_exact,Everett city,US,MA
NICAP,NICAP_DB_387,"Twin Falls, ID",42.564089,-114.461214,5.0,place_exact,Twin Falls city,US,ID
NICAP,NICAP_DB_388,"Snake River, ID",,,,unresolved,,US,ID
NICAP,NICAP_DB_389,"Harmon Field, Newfoundland, CAN",,,,unresolved,,US,
NICAP,NICAP_DB_390,"Friuli, Italy",,,,unresolved,,IT,
NICAP,NICAP_DB_391,"Placerville, CA",38.731116,-120.797677,5.0,place_exact,Placerville city,US,CA
NICAP,NICAP_DB_392,"Rapid City AFB, SD",44.071071,-103.217924,15.0,place_exact_basename,Rapid City city,US,SD
NICAP,NICAP_DB_393,"Mountain Home (near), ID",43.131833,-115.696716,5.0,place_exact,Mountain Home city,US,ID
NICAP,NICAP_DB_394,"Pacific Heights, Oahu, HI",,,,unresolved,,US,HI
NICAP,NICAP_DB_395,"Twin Falls, ID",42.564089,-114.461214,5.0,place_exact,Twin Falls city,US,ID
NICAP,NICAP_DB_396,"Holloman AFB, NM",32.918017352,-106.133633242,10.0,dod_site,Holloman Air Force Base,US,NM
NICAP,NICAP_DB_397,"Vaughn (near), NM",34.607206,-105.212594,5.0,place_exact,Vaughn town,US,NM
NICAP,NICAP_DB_398,"Fukuoka, Japan",33.6,130.41667,40.0,geonames_exact,Fukuoka,JP,
NICAP,NICAP_DB_399,"Lake Oswego, OR",45.413551,-122.700007,5.0,place_exact,Lake Oswego city,US,OR
NICAP,NICAP_DB_400,"Logan, UT",41.740256,-111.841764,5.0,place_exact,Logan city,US,UT
NICAP,NICAP_DB_401,"Meridian, ID",43.611493,-116.397763,6.354618862598204,place_exact,Meridian city,US,ID
NICAP,NICAP_DB_402,"Harmon Field, Newfoundland, CAN",,,,unresolved,,US,
NICAP,NICAP_DB_403,"Midway Island to Oahu, Hawaii, in airspace",,,,unresolved,,US,
NICAP,NICAP_DB_404,"Fukuoka, Japan",33.6,130.41667,40.0,geonames_exact,Fukuoka,JP,
NICAP,NICAP_DB_405,"Ft. Richardson, AK",,,,unresolved,,US,AK
NICAP,NICAP_DB_406,"Dodgeville, WI",42.966003,-90.129703,5.0,place_exact,Dodgeville city,US,WI
NICAP,NICAP_DB_407,"Las Vegas, NV",36.233499,-115.264037,12.777164439386036,place_exact,Las Vegas city,US,NV
NICAP,NICAP_DB_408,"Cave Creek (11 miles NNE of ), AZ",33.836219,-111.982084,6.588317944159445,place_exact,Cave Creek town,US,AZ
NICAP,NICAP_DB_409,"Xenia, OH",39.683133,-83.940808,5.0,place_exact,Xenia city,US,OH
NICAP,NICAP_DB_410,"Dayton, OH",39.784743,-84.199632,8.014899098276631,place_exact,Dayton city,US,OH
NICAP,NICAP_DB_411,"Houston, TX",29.785743,-95.388806,27.15177795692618,place_exact,Houston city,US,TX
NICAP,NICAP_DB_412,"Cape Blanco (40 miles from), OR",,,,unresolved,,US,OR
NICAP,NICAP_DB_413,"Wichita, KS",37.690638,-97.345836,13.65536947707954,place_exact,Wichita city,US,KS
NICAP,NICAP_DB_414,"Wichita, KS",37.690638,-97.345836,13.65536947707954,place_exact,Wichita city,US,KS
NICAP,NICAP_DB_415,"Las Vegas, NV",36.233499,-115.264037,12.777164439386036,place_exact,Las Vegas city,US,NV
NICAP,NICAP_DB_416,"Pilot Hill (1 mile W of), CA",,,,unresolved,,US,CA
NICAP,NICAP_DB_417,"Sawtooth National Forest, ID",,,,unresolved,,US,ID
NICAP,NICAP_DB_418,"Fort Knox, KY",37.891641,-85.967151,5.0,place_exact,Fort Knox CDP,US,KY
NICAP,NICAP_DB_419,"Wilmington, OH",39.429125,-83.816172,5.0,place_exact,Wilmington city,US,OH
NICAP,NICAP_DB_420,"Columbus (Lockbourne AFB), OH",39.985531,-82.985594,15.914945428747155,place_exact,Columbus city,US,OH
NICAP,NICAP_DB_421,"Cartersville (near), GA",34.164579,-84.801704,5.739611214088363,place_exact,Cartersville city,US,GA
NICAP,NICAP_DB_422,"Wildwood, NJ",38.98755,-74.818188,5.0,place_exact,Wildwood city,US,NJ
NICAP,NICAP_DB_423,"Hartford, CT",41.765933,-72.681579,5.0,place_exact,Hartford city,US,CT
NICAP,NICAP_DB_424,"Circleville, OH",39.601152,-82.932515,5.0,place_exact,Circleville city,US,OH
NICAP,NICAP_DB_425,"Coast of, Sweden",,,,unresolved,,SE,
NICAP,NICAP_DB_426,"Luzon Island, Philippines",,,,unresolved,,PH,
NICAP,NICAP_DB_427,"Holloman AFB, NM",32.918017352,-106.133633242,10.0,dod_site,Holloman Air Force Base,US,NM
NICAP,NICAP_DB_429,"Ashley, OH",40.409806,-82.951653,5.0,place_exact,Ashley village,US,OH
NICAP,NICAP_DB_430,"Holloman AFB, NM",32.918017352,-106.133633242,10.0,dod_site,Holloman Air Force Base,US,NM
NICAP,NICAP_DB_431,"Montgomery, AL",32.348503,-86.267307,13.565105938071811,place_exact,Montgomery city,US,AL
NICAP,NICAP_DB_432,"Alton, IL",38.903898,-90.151204,5.0,place_exact,Alton city,US,IL
NICAP,NICAP_DB_433,"North Atlantic, At Sea",,,,unresolved,,US,
NICAP,NICAP_DB_434,"Fairbanks, AK",64.836531,-147.651745,6.045071307363638,place_exact,Fairbanks city,US,AK
NICAP,NICAP_DB_435,"Greenville AFB, SC",34.836902,-82.362997,15.0,place_exact_basename,Greenville city,US,SC
NICAP,NICAP_DB_436,"Anacostia NAS, MD",,,,unresolved,,US,MD
NICAP,NICAP_DB_437,"Oxford/Bicester, England",51.75222,-1.25596,12.731849826321389,geonames_exact,Oxford,GB,
NICAP,NICAP_DB_438,"Adapasari, Turkey",,,,unresolved,,TR,
NICAP,NICAP_DB_439,"Wake Island (near), At Sea",,,,unresolved,,US,
NICAP,NICAP_DB_440,"Memphis, TN",35.109018,-89.966565,18.489415566750615,place_exact,Memphis city,US,TN
NICAP,NICAP_DB_441,"Monroe, MI",41.916586,-83.384324,5.0,place_exact,Monroe city,US,MI
NICAP,NICAP_DB_442,"Wilmington, NC",34.209225,-77.885767,7.692379750260788,place_exact,Wilmington city,US,NC
NICAP,NICAP_DB_443,"Erie, PA",42.116594,-80.073503,5.0,place_exact,Erie city,US,PA
NICAP,NICAP_DB_444,"Easton, PA",40.685971,-75.218548,5.0,place_exact,Easton city,US,PA
NICAP,NICAP_DB_445,"Goose Bay, Labrador, CAN",,,,unresolved,,US,
NICAP,NICAP_DB_446,"Belleville, IL",38.515973,-89.989779,5.170168447717906,place_exact,Belleville city,US,IL
NICAP,NICAP_DB_447,"W. Uniontown, PA",39.899302,-79.724529,7.5,place_fuzzy,Uniontown city,US,PA
NICAP,NICAP_DB_448,"Knoxville, TN",35.97068,-83.94927,10.660167978664001,place_exact,Knoxville city,US,TN
NICAP,NICAP_DB_449,"Hecla, SD",45.882139,-98.1519,5.0,place_exact,Hecla city,US,SD
NICAP,NICAP_DB_450,"Pasco, WA",46.250289,-119.12907,6.252171747125598,place_exact,Pasco city,US,WA
NICAP,NICAP_DB_451,"Dravesburg, PA",40.350648,-79.890176,7.5,place_fuzzy,Dravosburg borough,US,PA
NICAP,NICAP_DB_452,"Nr. Longmont, CO",,,,unresolved,,US,CO
NICAP,NICAP_DB_453,"McKeesport, PA",40.341877,-79.845007,5.0,place_exact,McKeesport city,US,PA
NICAP,NICAP_DB_454,"Fielding Lake, WA",,,,unresolved,,US,WA
NICAP,NICAP_DB_455,"Unknown City, AK",,,,unresolved,,US,AK
NICAP,NICAP_DB_456,"Osborn, OH",,,,unresolved,,US,OH
NICAP,NICAP_DB_457,"San Acacia Dam, NM",,,,unresolved,,US,NM
NICAP,NICAP_DB_458,"Arnhem, Netherlands",51.98,5.91111,12.744567470102702,geonames_exact,Arnhem,NL,
NICAP,NICAP_DB_459,"Van Nuys, CA",34.18667,-118.44897,11.680881816027417,geonames_exact,Van Nuys,US,CA
NICAP,NICAP_DB_460,"btn Blackstone, Va and Greensboro, N.C., Various",,,,unresolved,,US,
NICAP,NICAP_DB_461,"Altoona, PA",40.508052,-78.401114,5.0,place_exact,Altoona city,US,PA
NICAP,NICAP_DB_462,"Robbins AFB, GA",32.617547255,-83.581579146,10.0,dod_site,Robins AFB,US,GA
NICAP,NICAP_DB_463,"Montgomery (near), AL",32.348503,-86.267307,13.565105938071811,place_exact,Montgomery city,US,AL
NICAP,NICAP_DB_464,"Yakima, WA",46.590938,-120.5494,5.657469752460017,place_exact,Yakima city,US,WA
NICAP,NICAP_DB_465,"Chamblee, GA",33.881134,-84.301654,5.0,place_exact,Chamblee city,US,GA
NICAP,NICAP_DB_466,"Albuquerque, NM",35.10478,-106.646809,14.682227578493212,place_exact,Albuquerque city,US,NM
NICAP,NICAP_DB_467,"Indianapolis, IN",39.76838,-86.15804,29.79332139926665,geonames_exact,Indianapolis,US,IN
NICAP,NICAP_DB_468,"Indianapolis (central), IN",39.76838,-86.15804,29.79332139926665,geonames_exact,Indianapolis,US,IN
NICAP,NICAP_DB_469,"Marion, VA",36.837393,-81.515664,5.0,place_exact,Marion town,US,VA
NICAP,NICAP_DB_470,"Columbus, OH",39.985531,-82.985594,15.914945428747155,place_exact,Columbus city,US,OH
NICAP,NICAP_DB_471,"Moscow, USSR",55.75204,37.61781,40.0,geonames_exact,Moscow,RU,
NICAP,NICAP_DB_472,"North Powder, OR",45.030008,-117.9204,5.0,place_exact,North Powder city,US,OR
NICAP,NICAP_DB_473,"Hamel, MN",,,,unresolved,,US,MN
NICAP,NICAP_DB_474,"Maplewood, OH",,,,unresolved,,US,OH
NICAP,NICAP_DB_475,"Pittsburgh (8-12 miles SE of), PA",40.439775,-79.976333,7.983918475424346,place_exact,Pittsburgh city,US,PA
NICAP,NICAP_DB_476,"Shreveport, LA",32.466879,-93.792193,11.139438046867534,place_exact,Shreveport city,US,LA
NICAP,NICAP_DB_477,"Albany (near Turner AFB), GA",31.578117,-84.176224,7.961457125147103,place_exact,Albany city,US,GA
NICAP,NICAP_DB_478,"San Pablo, CA",37.962861,-122.342581,5.0,place_exact,San Pablo city,US,CA
NICAP,NICAP_DB_479,"Los Alamos, NM",35.893959,-106.290025,5.0,place_exact,Los Alamos CDP,US,NM
NICAP,NICAP_DB_480,"San Simeon, CA",35.618206,-121.137438,5.0,place_exact,San Simeon CDP,US,CA
NICAP,NICAP_DB_481,"Fargo, ND",46.8647,-96.82908,7.571602002805541,place_exact,Fargo city,US,ND
NICAP,NICAP_DB_482,"Munich, West Germany",48.13743,11.57549,38.7943939248959,geonames_exact,Munich,DE,
NICAP,NICAP_DB_483,"South Bend, IN",41.676643,-86.268809,6.951156194795542,place_exact,South Bend city,US,IN
NICAP,NICAP_DB_484,"Between Dayton, Ohio, and Indianapolis, Ind, various",,,,unresolved,,US,
NICAP,NICAP_DB_485,"Fukuoka, Japan",33.6,130.41667,40.0,geonames_exact,Fukuoka,JP,
NICAP,NICAP_DB_486,"50 miles E of Virginia coast, At Sea",,,,unresolved,,US,
NICAP,NICAP_DB_487,"Sterling, UT",39.19332,-111.690407,5.0,place_exact,Sterling town,US,UT
NICAP,NICAP_DB_488,"Crescent City, CA",41.764514,-124.200779,5.0,place_exact,Crescent City city,US,CA
NICAP,NICAP_DB_489,"Pacific Heights, Oahu, HI",,,,unresolved,,US,HI
NICAP,NICAP_DB_490,"Junction City (10 miles SW of), KS",39.02722,-96.852271,5.0,place_exact,Junction City city,US,KS
NICAP,NICAP_DB_491,"Phoenix, AZ",33.572154,-112.090132,24.418586909701933,place_exact,Phoenix city,US,AZ
NICAP,NICAP_DB_492,"Moorhead (4 miles SE of), MN",46.864704,-96.744552,5.06282692222877,place_exact,Moorhead city,US,MN
NICAP,NICAP_DB_493,"Goose Bay AFB, Labrador, CAN",,,,unresolved,,US,
NICAP,NICAP_DB_494,"Gray's Harbor, WA",,,,unresolved,,US,WA
NICAP,NICAP_DB_495,"Goose Bay AFB, Labrador, CAN",,,,unresolved,,US,
NICAP,NICAP_DB_496,"Unknown Location, Azores",,,,unresolved,,PT,
NICAP,NICAP_DB_497,"Goose Bay AFB, Labrador, CAN",,,,unresolved,,US,
NICAP,NICAP_DB_498,"Vaughn, NM",34.607206,-105.212594,5.0,place_exact,Vaughn town,US,NM
NICAP,NICAP_DB_499,"Wakkanai, Japan",45.40944,141.67389,5.819707896449787,geonames_exact,Wakkanai,JP,
NICAP,NICAP_DB_500,"Clark AFB, Manila, Philippines",,,,unresolved,,PH,
NICAP,NICAP_DB_501,"Peace River, Alberta, CAN",,,,unresolved,,US,
NICAP,NICAP_DB_502,"Camp Springs, MD",38.805072,-76.918565,5.0,place_exact,Camp Springs CDP,US,MD
NICAP,NICAP_DB_503,"Vaughn, NM",34.607206,-105.212594,5.0,place_exact,Vaughn town,US,NM
NICAP,NICAP_DB_504,"Munich, West Germany",48.13743,11.57549,38.7943939248959,geonames_exact,Munich,DE,
NICAP,NICAP_DB_505,"Washington and Oregon, various",38.904247,-77.016517,8.388249029313434,place_exact,Washington city,US,
NICAP,NICAP_DB_506,"Los Alamos, NM",35.893959,-106.290025,5.0,place_exact,Los Alamos CDP,US,NM
NICAP,NICAP_DB_507,"Fairfield-Suisan AFB, CA",,,,unresolved,,US,CA
NICAP,NICAP_DB_508,"Dayton, OH",39.784743,-84.199632,8.014899098276631,place_exact,Dayton city,US,OH
NICAP,NICAP_DB_509,"Las Vegas (W of), NM",35.601558,-105.221149,5.0,place_exact,Las Vegas city,US,NM
NICAP,NICAP_DB_510,"Albuquerque, NM",35.10478,-106.646809,14.682227578493212,place_exact,Albuquerque city,US,NM
NICAP,NICAP_DB_511,"Albuquerque, NM",35.10478,-106.646809,14.682227578493212,place_exact,Albuquerque city,US,NM
NICAP,NICAP_DB_512,"Las Vegas (20 miles E of), NM",35.601558,-105.221149,5.0,place_exact,Las Vegas city,US,NM
NICAP,NICAP_DB_513,"Chanute AFB, IL",,,,unresolved,,US,IL
NICAP,NICAP_DB_514,"Pittsburgh (near), PA",40.439775,-79.976333,7.983918475424346,place_exact,Pittsburgh city,US,PA
NICAP,NICAP_DB_515,"Starvation Peak (near Bernal), NM",,,,unresolved,,US,NM
NICAP,NICAP_DB_516,"North Ambridge, PA",,,,unresolved,,US,PA
NICAP,NICAP_DB_517,"Los Alamos (W of), NM",35.893959,-106.290025,5.0,place_exact,Los Alamos CDP,US,NM
NICAP,NICAP_DB_518,"Los Alamos, NM",35.893959,-106.290025,5.0,place_exact,Los Alamos CDP,US,NM
NICAP,NICAP_DB_519,"Unknown Location, Sweden",,,,unresolved,,SE,
NICAP,NICAP_DB_520,"Jackson, MS",32.315834,-90.21285,11.340040035202698,place_exact,Jackson city,US,MS
NICAP,NICAP_DB_521,"Hickam Field, HI",,,,unresolved,,US,HI
NICAP,NICAP_DB_522,"Sea of Japan, Japan",,,,unresolved,,JP,
NICAP,NICAP_DB_523,"Kirtland AFB, Albuquerque, NM",,,,unresolved,,US,NM
NICAP,NICAP_DB_524,"Los Alamos, NM",35.893959,-106.290025,5.0,place_exact,Los Alamos CDP,US,NM
NICAP,NICAP_DB_525,"Tillamook (4 miles S of), OR",45.456124,-123.833147,5.0,place_exact,Tillamook city,US,OR
NICAP,NICAP_DB_526,"Bermuda (About 250 miles SW of), At Sea",,,,unresolved,,US,
NICAP,NICAP_DB_527,"Cortez-Bradenton, FL",,,,unresolved,,US,FL
NICAP,NICAP_DB_528,"El Paso (Near Amarillo and Lamesa), TX",31.84778,-106.431106,17.247067538183604,place_exact,El Paso city,US,TX
NICAP,NICAP_DB_529,"Roswell, NM",33.373442,-104.529393,5.848639271944658,place_exact,Roswell city,US,NM
NICAP,NICAP_DB_530,"Dayton (North of), OH",39.784743,-84.199632,8.014899098276631,place_exact,Dayton city,US,OH
NICAP,NICAP_DB_531,"Canado, NM",,,,unresolved,,US,NM
NICAP,NICAP_DB_532,"Grants, NM",35.15422,-107.834531,5.0,place_exact,Grants city,US,NM
NICAP,NICAP_DB_533,"Albuquerque, NM",35.10478,-106.646809,14.682227578493212,place_exact,Albuquerque city,US,NM
NICAP,NICAP_DB_534,"Sanberg Pass, CA",,,,unresolved,,US,CA
NICAP,NICAP_DB_535,"Los Alamos, NM",35.893959,-106.290025,5.0,place_exact,Los Alamos CDP,US,NM
NICAP,NICAP_DB_536,"Los Alamos, NM",35.893959,-106.290025,5.0,place_exact,Los Alamos CDP,US,NM
NICAP,NICAP_DB_537,"Los Alamos, NM",35.893959,-106.290025,5.0,place_exact,Los Alamos CDP,US,NM
NICAP,NICAP_DB_538,"Killeen Base, Camp Hood, TX",,,,unresolved,,US,TX
NICAP,NICAP_DB_539,"Los Alamos, NM",35.893959,-106.290025,5.0,place_exact,Los Alamos CDP,US,NM
NICAP,NICAP_DB_540,"Los Alamos, NM",35.893959,-106.290025,5.0,place_exact,Los Alamos CDP,US,NM
NICAP,NICAP_DB_541,"Los Alamos, NM",35.893959,-106.290025,5.0,place_exact,Los Alamos CDP,US,NM
NICAP,NICAP_DB_542,"Killeen Base, Camp Hood, TX",,,,unresolved,,US,TX
NICAP,NICAP_DB_543,"Albuquerque, NM",35.10478,-106.646809,14.682227578493212,place_exact,Albuquerque city,US,NM
NICAP,NICAP_DB_544,"Killeen Base, Camp Hood, TX",,,,unresolved,,US,TX
NICAP,NICAP_DB_545,"Fort Chimo, Quebec, CAN",,,,unresolved,,US,
NICAP,NICAP_DB_546,"Tucumcari, NM",35.170291,-103.705046,5.0,place_exact,Tucumcari city,US,NM
NICAP,NICAP_DB_547,"Montoya, NM",,,,unresolved,,US,NM
NICAP,NICAP_DB_548,"Tucumcari, NM",35.170291,-103.705046,5.0,place_exact,Tucumcari city,US,NM
NICAP,NICAP_DB_549,"Tucumcari, NM",35.170291,-103.705046,5.0,place_exact,Tucumcari city,US,NM
NICAP,NICAP_DB_550,"Shemya AFB - Aleutian Islands, AK",,,,unresolved,,US,AK
NICAP,NICAP_DB_551,"Killeen Base, Camp Hood (east of), TX",,,,unresolved,,US,TX
NICAP,NICAP_DB_552,"Dillon (1 mile SE of), MT",45.217876,-112.63458,5.0,place_exact,Dillon city,US,MT
NICAP,NICAP_DB_553,"Merced, CA",37.305712,-120.477905,5.173785590197311,place_exact,Merced city,US,CA
NICAP,NICAP_DB_554,"Los Alamos, NM",35.893959,-106.290025,5.0,place_exact,Los Alamos CDP,US,NM
NICAP,NICAP_DB_555,"Los Alamos, NM",35.893959,-106.290025,5.0,place_exact,Los Alamos CDP,US,NM
NICAP,NICAP_DB_556,"Los Alamos, NM",35.893959,-106.290025,5.0,place_exact,Los Alamos CDP,US,NM
NICAP,NICAP_DB_557,"Los Alamos, NM",35.893959,-106.290025,5.0,place_exact,Los Alamos CDP,US,NM
NICAP,NICAP_DB_558,"Memphis, TN",35.109018,-89.966565,18.489415566750615,place_exact,Memphis city,US,TN
NICAP,NICAP_DB_559,"March AFB, Riverside, CA",,,,unresolved,,US,CA
NICAP,NICAP_DB_560,"Albuquerque, NM",35.10478,-106.646809,14.682227578493212,place_exact,Albuquerque city,US,NM
NICAP,NICAP_DB_561,"El Paso, TX",31.84778,-106.431106,17.247067538183604,place_exact,El Paso city,US,TX
NICAP,NICAP_DB_562,"Ludington, MI",43.957196,-86.442937,5.0,place_exact,Ludington city,US,MI
NICAP,NICAP_DB_563,"Cliff, NM",32.965957,-108.617594,5.0,place_exact,Cliff CDP,US,NM
NICAP,NICAP_DB_564,"Arrey (3 miles N of), NM",32.847176,-107.320347,5.0,place_exact,Arrey CDP,US,NM
NICAP,NICAP_DB_565,"Springer Lake, NM",,,,unresolved,,US,NM
NICAP,NICAP_DB_566,"Killeen Base, Camp Hood (SE of), TX",,,,unresolved,,US,TX
NICAP,NICAP_DB_567,"Homer, MI",42.146423,-84.809738,5.0,place_exact,Homer village,US,MI
NICAP,NICAP_DB_568,"Tucson, AZ",32.153036,-110.870773,16.65558603658911,place_exact,Tucson city,US,AZ
NICAP,NICAP_DB_569,"Killeen Base, Camp Hood (SE of), TX",,,,unresolved,,US,TX
NICAP,NICAP_DB_570,"Albuquerque, NM",35.10478,-106.646809,14.682227578493212,place_exact,Albuquerque city,US,NM
NICAP,NICAP_DB_571,"Los Alamos, NM",35.893959,-106.290025,5.0,place_exact,Los Alamos CDP,US,NM
NICAP,NICAP_DB_572,"Elko, NV",40.838111,-115.767809,5.0,place_exact,Elko city,US,NV
NICAP,NICAP_DB_573,"Los Alamos, NM",35.893959,-106.290025,5.0,place_exact,Los Alamos CDP,US,NM
NICAP,NICAP_DB_574,"Los Alamos, NM",35.893959,-106.290025,5.0,place_exact,Los Alamos CDP,US,NM
NICAP,NICAP_DB_575,"Los Alamos, NM",35.893959,-106.290025,5.0,place_exact,Los Alamos CDP,US,NM
NICAP,NICAP_DB_576,"Sidney, OH",40.289527,-84.166729,5.0,place_exact,Sidney city,US,OH
NICAP,NICAP_DB_577,"Maplewood (4.5 Miles W of), OH",,,,unresolved,,US,OH
NICAP,NICAP_DB_578,"Fort Bliss, TX",31.83965,-106.374712,5.0,place_exact,Fort Bliss CDP,US,TX
NICAP,NICAP_DB_579,"Sidney, OH",40.289527,-84.166729,5.0,place_exact,Sidney city,US,OH
NICAP,NICAP_DB_580,"Livermore, CA",37.686977,-121.759781,5.5174193242855845,place_exact,Livermore city,US,CA
NICAP,NICAP_DB_581,"Killeen Base, Camp Hood, TX",,,,unresolved,,US,TX
NICAP,NICAP_DB_582,"Los Alamos, NM",35.893959,-106.290025,5.0,place_exact,Los Alamos CDP,US,NM
NICAP,NICAP_DB_583,"St. Louis, MO",38.635699,-90.244582,8.429990114664035,place_exact,St. Louis city,US,MO
NICAP,NICAP_DB_584,"Killeen Base, Camp Hood, TX",,,,unresolved,,US,TX
NICAP,NICAP_DB_585,"Killeen Base, Camp Hood, TX",,,,unresolved,,US,TX
NICAP,NICAP_DB_586,"Killeen Base, Camp Hood, TX",,,,unresolved,,US,TX
NICAP,NICAP_DB_587,"Tucson, AZ",32.153036,-110.870773,16.65558603658911,place_exact,Tucson city,US,AZ
NICAP,NICAP_DB_588,"Tucson, AZ",32.153036,-110.870773,16.65558603658911,place_exact,Tucson city,US,AZ
NICAP,NICAP_DB_589,"Holloman AFB, NM",32.918017352,-106.133633242,10.0,dod_site,Holloman Air Force Base,US,NM
NICAP,NICAP_DB_590,"Alamogordo, NM",32.883616,-105.96361,5.0,place_exact,Alamogordo city,US,NM
NICAP,NICAP_DB_591,"Davis Monthan AFB, AZ",32.1608016660001,-110.848722373,10.0,dod_site,Davis-Monthan Air Force Base,US,AZ
NICAP,NICAP_DB_592,"Tucson, AZ",32.153036,-110.870773,16.65558603658911,place_exact,Tucson city,US,AZ
NICAP,NICAP_DB_593,"Fort Bliss, TX",31.83965,-106.374712,5.0,place_exact,Fort Bliss CDP,US,TX
NICAP,NICAP_DB_594,"Hanford AEC plant, WA",,,,unresolved,,US,WA
NICAP,NICAP_DB_595,"Bend, OR",44.056476,-121.309375,6.221165235620163,place_exact,Bend city,US,OR
NICAP,NICAP_DB_596,"Gold Beach, OR",42.413297,-124.422162,5.0,place_exact,Gold Beach city,US,OR
NICAP,NICAP_DB_597,"Hart Mtn (near), OR",,,,unresolved,,US,OR
NICAP,NICAP_DB_598,"Misawa AFB, Honshu, Japan",,,,unresolved,,JP,
NICAP,NICAP_DB_599,"Stewart Field, Newburgh, NY",,,,unresolved,,US,NY
NICAP,NICAP_DB_600,"Los Alamos, NM",35.893959,-106.290025,5.0,place_exact,Los Alamos CDP,US,NM
NICAP,NICAP_DB_601,"Killeen Base, Camp Hood, TX",,,,unresolved,,US,TX
NICAP,NICAP_DB_602,"Boston (20 miles SW of), MA",42.338551,-71.018253,7.459579344708387,place_exact,Boston city,US,MA
NICAP,NICAP_DB_603,"White Sands, NM",32.38044,-106.479113,5.0,place_exact,White Sands CDP,US,NM
NICAP,NICAP_DB_604,"Los Alamos, NM",35.893959,-106.290025,5.0,place_exact,Los Alamos CDP,US,NM
NICAP,NICAP_DB_605,"White Sands, NM",32.38044,-106.479113,5.0,place_exact,White Sands CDP,US,NM
NICAP,NICAP_DB_606,"White Sands, NM",32.38044,-106.479113,5.0,place_exact,White Sands CDP,US,NM
NICAP,NICAP_DB_607,"Killeen Base, Camp Hood, TX",,,,unresolved,,US,TX
NICAP,NICAP_DB_608,"Los Alamos, NM",35.893959,-106.290025,5.0,place_exact,Los Alamos CDP,US,NM
NICAP,NICAP_DB_609,"Los Alamos, NM",35.893959,-106.290025,5.0,place_exact,Los Alamos CDP,US,NM
NICAP,NICAP_DB_610,"Mesa, AZ",33.400626,-111.716487,12.635801852056893,place_exact,Mesa city,US,AZ
NICAP,NICAP_DB_611,"Albuquerque, NM",35.10478,-106.646809,14.682227578493212,place_exact,Albuquerque city,US,NM
NICAP,NICAP_DB_612,"White Sands, NM",32.38044,-106.479113,5.0,place_exact,White Sands CDP,US,NM
NICAP,NICAP_DB_613,"Longview, WA",46.145707,-122.964299,5.0,place_exact,Longview city,US,WA
NICAP,NICAP_DB_614,"Mount Pleasant, UT",39.540727,-111.455891,5.0,place_exact,Mount Pleasant city,US,UT
NICAP,NICAP_DB_615,"Delphi (north of), IN",40.583408,-86.666811,5.0,place_exact,Delphi city,US,IN
NICAP,NICAP_DB_616,"Mountain Home, ID",43.131833,-115.696716,5.0,place_exact,Mountain Home city,US,ID
NICAP,NICAP_DB_617,"Socorro (near), NM",34.054535,-106.906199,5.0,place_exact,Socorro city,US,NM
NICAP,NICAP_DB_618,"Mount Hood, OR",45.533898,-121.566214,5.0,place_exact,Mount Hood CDP,US,OR
NICAP,NICAP_DB_619,"Key Atomic Base, NM",,,,unresolved,,US,NM
NICAP,NICAP_DB_620,"Las Cruses, NM",32.326444,-106.789695,14.115810532874121,place_fuzzy,Las Cruces city,US,NM
NICAP,NICAP_DB_621,"Las Cruses, NM",32.326444,-106.789695,14.115810532874121,place_fuzzy,Las Cruces city,US,NM
NICAP,NICAP_DB_622,"Alamogordo, NM",32.883616,-105.96361,5.0,place_exact,Alamogordo city,US,NM
NICAP,NICAP_DB_623,"Alamogordo, NM",32.883616,-105.96361,5.0,place_exact,Alamogordo city,US,NM
NICAP,NICAP_DB_624,"Alamogordo, NM",32.883616,-105.96361,5.0,place_exact,Alamogordo city,US,NM
NICAP,NICAP_DB_625,"Alamogordo, NM",32.883616,-105.96361,5.0,place_exact,Alamogordo city,US,NM
NICAP,NICAP_DB_626,"Medford, OR",42.336896,-122.854244,5.458785945610984,place_exact,Medford city,US,OR
NICAP,NICAP_DB_627,"Norwood, OH",39.160491,-84.453542,5.0,place_exact,Norwood city,US,OH
NICAP,NICAP_DB_628,"Las Cruses, NM",32.326444,-106.789695,14.115810532874121,place_fuzzy,Las Cruces city,US,NM
NICAP,NICAP_DB_629,"Reno (east of), NV",39.549097,-119.849907,11.189612027828906,place_exact,Reno city,US,NV
NICAP,NICAP_DB_630,"Lebec, CA",34.844614,-118.899237,5.0,place_exact,Lebec CDP,US,CA
NICAP,NICAP_DB_631,"Goose Bay AFB, Labrador, CAN",,,,unresolved,,US,
NICAP,NICAP_DB_632,"Jackson, MS",32.315834,-90.21285,11.340040035202698,place_exact,Jackson city,US,MS
NICAP,NICAP_DB_633,"Davis-Monthan AFB, Tucson, AZ",,,,unresolved,,US,AZ
NICAP,NICAP_DB_634,"Holloman AFB, CA",,,,unresolved,,US,CA
NICAP,NICAP_DB_635,"Mt. Palomar Observatory, CA",,,,unresolved,,US,CA
NICAP,NICAP_DB_636,"Mt. Palomar Observatory and Palomar Gardens, CA",,,,unresolved,,US,CA
NICAP,NICAP_DB_637,"Mt. Palomar Observatory, CA",,,,unresolved,,US,CA
NICAP,NICAP_DB_638,"Novato (10 miles N of), CA",38.085087,-122.548215,5.623743474472023,place_exact,Novato city,US,CA
NICAP,NICAP_DB_639,"Baja (near), CA",,,,unresolved,,US,CA
NICAP,NICAP_DB_640,"Akita, Honshu, Japan",,,,unresolved,,JP,
NICAP,NICAP_DB_641,"Mt. Palomar, CA",,,,unresolved,,US,CA
NICAP,NICAP_DB_642,"Hammond (bet Covington and), LA",30.50565,-90.456493,5.0,place_exact,Hammond city,US,LA
NICAP,NICAP_DB_643,"Holloman AFB, NM",32.918017352,-106.133633242,10.0,dod_site,Holloman Air Force Base,US,NM
NICAP,NICAP_DB_644,"Greenwood (Bet Hamlet and), NC",,,,unresolved,,US,NC
NICAP,NICAP_DB_645,"Howard (near), KS",37.469434,-96.263043,5.0,place_exact,Howard city,US,KS
NICAP,NICAP_DB_646,"Corona (south of), NM",34.250106,-105.596979,5.0,place_exact,Corona village,US,NM
NICAP,NICAP_DB_647,"Las Vegas AFB, NV",36.233499,-115.264037,15.0,place_exact_basename,Las Vegas city,US,NV
NICAP,NICAP_DB_648,"Gulf of Mexico (SW of Florida), At Sea",,,,unresolved,,US,
NICAP,NICAP_DB_649,"Holloman AFB, NM",32.918017352,-106.133633242,10.0,dod_site,Holloman Air Force Base,US,NM
NICAP,NICAP_DB_650,"Denver, CO",39.76185,-104.881105,13.274259669668128,place_exact,Denver city,US,CO
NICAP,NICAP_DB_651,"Kodiak NAS, AK",57.791192,-152.419712,15.0,place_exact_basename,Kodiak city,US,AK
NICAP,NICAP_DB_653,"Kodiak NAS (near), AK",57.791192,-152.419712,15.0,place_exact_basename,Kodiak city,US,AK
NICAP,NICAP_DB_654,"Blackstone (near), VA",37.081822,-78.002812,5.0,place_exact,Blackstone town,US,VA
NICAP,NICAP_DB_655,"Aleutian Islands (north of), AK",,,,unresolved,,US,AK
NICAP,NICAP_DB_656,"Davis-Monthan AFB, Tucson, AZ",,,,unresolved,,US,AZ
NICAP,NICAP_DB_657,"Teaticket, MA",41.562579,-70.587349,5.0,place_exact,Teaticket CDP,US,MA
NICAP,NICAP_DB_658,"Tampa, FL",27.967876,-82.474586,11.456178614374187,place_exact,Tampa city,US,FL
NICAP,NICAP_DB_659,"Key West, FL",24.565063,-81.775539,5.0,place_exact,Key West city,US,FL
NICAP,NICAP_DB_660,"Key West, FL",24.565063,-81.775539,5.0,place_exact,Key West city,US,FL
NICAP,NICAP_DB_661,"Albuquerque, NM",35.10478,-106.646809,14.682227578493212,place_exact,Albuquerque city,US,NM
NICAP,NICAP_DB_662,"Datil, NM",34.138871,-107.841329,5.0,place_exact,Datil CDP,US,NM
NICAP,NICAP_DB_663,"Los Alamos, NM",35.893959,-106.290025,5.0,place_exact,Los Alamos CDP,US,NM
NICAP,NICAP_DB_664,"Coulterville, IL",38.185079,-89.604316,5.0,place_exact,Coulterville village,US,IL
NICAP,NICAP_DB_665,"Knoxville, TN",35.97068,-83.94927,10.660167978664001,place_exact,Knoxville city,US,TN
NICAP,NICAP_DB_666,"Selfridge AFB, MI",,,,unresolved,,US,MI
NICAP,NICAP_DB_667,"Newburgh (near), IN",37.949254,-87.405494,5.0,place_exact,Newburgh town,US,IN
NICAP,NICAP_DB_668,"Bloomfield, NM",36.743306,-107.973937,5.0,place_exact,Bloomfield city,US,NM
NICAP,NICAP_DB_669,"Dayton, OH",39.784743,-84.199632,8.014899098276631,place_exact,Dayton city,US,OH
NICAP,NICAP_DB_670,"Dayton, OH",39.784743,-84.199632,8.014899098276631,place_exact,Dayton city,US,OH
NICAP,NICAP_DB_671,"Selfridge AFB, MI",,,,unresolved,,US,MI
NICAP,NICAP_DB_672,"Orangeburg, SC",33.491782,-80.867388,5.0,place_exact,Orangeburg city,US,SC
NICAP,NICAP_DB_673,"Punta Arenas, Chile",-53.16282,-70.90922,10.836512354074072,geonames_exact,Punta Arenas,CL,
NICAP,NICAP_DB_674,"Clarksburg, CA",38.419335,-121.541617,5.0,place_exact,Clarksburg CDP,US,CA
NICAP,NICAP_DB_675,"Mexico City, MX",,,,unresolved,,US,
NICAP,NICAP_DB_676,"Dallas, TX",32.793333,-96.766513,19.771028658676872,place_exact,Dallas city,US,TX
NICAP,NICAP_DB_677,"Farmington, NM",36.753833,-108.18053,6.298242259198638,place_exact,Farmington city,US,NM
NICAP,NICAP_DB_678,"Bradford (near), IL",41.177181,-89.658213,5.0,place_exact,Bradford village,US,IL
NICAP,NICAP_DB_679,"Stuttgart, AR",34.495233,-91.548638,5.0,place_exact,Stuttgart city,US,AR
NICAP,NICAP_DB_680,"Clovis (35 miles SE of), NM",34.438569,-103.194194,5.214826597735005,place_exact,Clovis city,US,NM
NICAP,NICAP_DB_681,"Kirtland AFB, Albuquerque, NM",,,,unresolved,,US,NM
NICAP,NICAP_DB_682,"Kirtland AFB, Albuquerque, NM",,,,unresolved,,US,NM
NICAP,NICAP_DB_683,"Jacksonville, FL",30.336864,-81.661603,29.329257247101683,place_exact,Jacksonville city,US,FL
NICAP,NICAP_DB_684,"Reno, NV",39.549097,-119.849907,11.189612027828906,place_exact,Reno city,US,NV
NICAP,NICAP_DB_685,"Washington (near), D.C.",38.904247,-77.016517,8.388249029313434,place_exact,Washington city,US,DC
NICAP,NICAP_DB_686,"Motubu Peninsula, Okinawa",,,,unresolved,,JP,
NICAP,NICAP_DB_687,"Santiago, Chile",-33.45694,-70.64827,40.0,geonames_exact,Santiago,CL,
NICAP,NICAP_DB_688,"Marrowhode Lake, TN",,,,unresolved,,US,TN
NICAP,NICAP_DB_689,"Boston (Logan Airport), MA",42.338551,-71.018253,7.459579344708387,place_exact,Boston city,US,MA
NICAP,NICAP_DB_690,"Kokomo, IN",40.464011,-86.127349,6.4977546207217705,place_exact,Kokomo city,US,IN
NICAP,NICAP_DB_691,"Mobile (Brookley AFB & Bates Field), AL",30.668426,-88.100226,12.671149329612264,place_exact,Mobile city,US,AL
NICAP,NICAP_DB_692,"Fort Monmouth, NJ",,,,unresolved,,US,NJ
NICAP,NICAP_DB_693,"Memphis (near), TX",34.726734,-100.541655,5.0,place_exact,Memphis city,US,TX
NICAP,NICAP_DB_694,"Red Bud, IL",38.207482,-90.002389,5.0,place_exact,Red Bud city,US,IL
NICAP,NICAP_DB_695,"Hachinohe (NE of Camp Haugen), Japan",40.5,141.5,15.461112508483987,geonames_exact,Hachinohe,JP,
NICAP,NICAP_DB_696,"Alamogordo (Holloman AFB), NM",32.883616,-105.96361,5.0,place_exact,Alamogordo city,US,NM
NICAP,NICAP_DB_697,"Goshen, IN",41.574921,-85.830793,5.0,place_exact,Goshen city,US,IN
NICAP,NICAP_DB_698,"Plymouth, MA",41.958343,-70.6638,5.0,place_exact,Plymouth CDP,US,MA
NICAP,NICAP_DB_699,"Wakkanai (About 2 miles W of), Japan",45.40944,141.67389,5.819707896449787,geonames_exact,Wakkanai,JP,
NICAP,NICAP_DB_700,"Ely (9 miles S of), NV",39.264928,-114.870868,5.0,place_exact,Ely city,US,NV
NICAP,NICAP_DB_701,"Selfridge AFB, MI",,,,unresolved,,US,MI
NICAP,NICAP_DB_702,"McMinnville (9 miles W of), OR",45.211047,-123.191822,5.0,place_exact,McMinnville city,US,OR
NICAP,NICAP_DB_703,"Honshu (100 miles E of), Japan",,,,unresolved,,JP,
NICAP,NICAP_DB_704,"Flagstaff, AZ",35.185212,-111.620698,8.718473898057567,place_exact,Flagstaff city,US,AZ
NICAP,NICAP_DB_705,"Alamogordo (Holloman AFB), NM",32.883616,-105.96361,5.0,place_exact,Alamogordo city,US,NM
NICAP,NICAP_DB_706,"Mt. Vernon, VA",38.713363,-77.105219,5.0,place_exact,Mount Vernon CDP,US,VA
NICAP,NICAP_DB_707,"White Sands, NM",32.38044,-106.479113,5.0,place_exact,White Sands CDP,US,NM
NICAP,NICAP_DB_708,"Mt. Vernon (about 7 miles W of), VA",38.713363,-77.105219,5.0,place_exact,Mount Vernon CDP,US,VA
NICAP,NICAP_DB_709,"Unknown City, CA",,,,unresolved,,US,CA
NICAP,NICAP_DB_710,"Oak Ridge, TN",35.966483,-84.290549,9.90612605074927,place_exact,Oak Ridge city,US,TN
NICAP,NICAP_DB_711,"Tucson, AZ",32.153036,-110.870773,16.65558603658911,place_exact,Tucson city,US,AZ
NICAP,NICAP_DB_712,"Hasselbach, East Germany",48.64564,13.38956,7.5,geonames_fuzzy,Haselbach,DE,
NICAP,NICAP_DB_713,"Misawa AFB, Japan",40.68682,141.38969,6.542553018508906,geonames_exact,Misawa,JP,
NICAP,NICAP_DB_714,"Hamilton AFB, CA",,,,unresolved,,US,CA
NICAP,NICAP_DB_715,"Gulf of Mexico, At Sea",,,,unresolved,,US,
NICAP,NICAP_DB_716,"Daggett, CA",,,,unresolved,,US,CA
NICAP,NICAP_DB_717,"Texarkana, TX",33.451136,-94.090087,6.009400672649847,place_exact,Texarkana city,US,TX
NICAP,NICAP_DB_718,"Louisville, KY",38.224728,-85.740614,8.412667802519932,place_exact,Louisville city,US,KY
NICAP,NICAP_DB_719,"Dartmouth, NS, CAN",,,,unresolved,,US,
NICAP,NICAP_DB_720,"Kingman (near), KS",37.647712,-98.115993,5.0,place_exact,Kingman city,US,KS
NICAP,NICAP_DB_721,"Cincinnati, OH",39.140183,-84.505829,9.465592755988514,place_exact,Cincinnati city,US,OH
NICAP,NICAP_DB_722,"Weisbaden, Germany",,,,unresolved,,DE,
NICAP,NICAP_DB_723,"Osceola (near), AR",35.694195,-89.993421,5.0,place_exact,Osceola city,US,AR
NICAP,NICAP_DB_724,"Osceola (near), AR",35.694195,-89.993421,5.0,place_exact,Osceola city,US,AR
NICAP,NICAP_DB_725,"Fort Peck, MT",48.00705,-106.455199,5.0,place_exact,Fort Peck town,US,MT
NICAP,NICAP_DB_726,"Huntsville, GA",,,,unresolved,,US,GA
NICAP,NICAP_DB_727,"North Atlantic, At Sea",,,,unresolved,,US,
NICAP,NICAP_DB_728,"Santa Fe, NM",35.661981,-105.981815,7.7540615307219625,place_exact,Santa Fe city,US,NM
NICAP,NICAP_DB_729,"Cromer (10 miles N of), UK",52.93123,1.29892,5.0,geonames_exact,Cromer,GB,
NICAP,NICAP_DB_730,"Great Falls, MT",47.502518,-111.29997,5.145822858288933,place_exact,Great Falls city,US,MT
NICAP,NICAP_DB_731,"Nicosia, Cyprus",,,,unresolved,,US,
NICAP,NICAP_DB_732,"Bermuda (250 Miles SW of), At Sea",,,,unresolved,,US,
NICAP,NICAP_DB_733,"Brockton (near), MA",42.082543,-71.024638,5.0,place_exact,Brockton city,US,MA
NICAP,NICAP_DB_734,"Sandy Point, Newfoundland, CAN",,,,unresolved,,US,
NICAP,NICAP_DB_735,"S of Kippens, Newfoundland, CAN",,,,unresolved,,US,
NICAP,NICAP_DB_736,"Ernest Harmon AFB, Newfoundland, CAN",,,,unresolved,,US,
NICAP,NICAP_DB_737,"Alamogordo (Holloman AFB), NM",32.883616,-105.96361,5.0,place_exact,Alamogordo city,US,NM
NICAP,NICAP_DB_738,"Alamogordo (Holloman AFB), NM",32.883616,-105.96361,5.0,place_exact,Alamogordo city,US,NM
NICAP,NICAP_DB_739,"City not noted, Korea",,,,unresolved,,KR,
NICAP,NICAP_DB_740,"McKorryuk, Nunivak Island, Aleutians, AK",,,,unresolved,,US,AK
NICAP,NICAP_DB_741,"Spokane, WA",47.666935,-117.433322,8.896614861844926,place_exact,Spokane city,US,WA
NICAP,NICAP_DB_742,"Unkown location, Germany",,,,unresolved,,DE,
NICAP,NICAP_DB_743,"Effingham (5 miles SW of), IL",39.120662,-88.550859,5.0,place_exact,Effingham city,US,IL
NICAP,NICAP_DB_744,"Poplar (Bluff?), MT",48.110482,-105.196887,5.0,place_exact,Poplar city,US,MT
NICAP,NICAP_DB_745,"Kit Carson, CO",38.762823,-102.795366,5.0,place_exact,Kit Carson town,US,CO
NICAP,NICAP_DB_746,"Murray, KY",36.614202,-88.322075,5.0,place_exact,Murray city,US,KY
NICAP,NICAP_DB_747,"Provincetown, MA",42.056519,-70.178454,5.0,place_exact,Provincetown CDP,US,MA
NICAP,NICAP_DB_748,"Pomona, CA",34.058494,-117.761091,5.143733404185459,place_exact,Pomona city,US,CA
NICAP,NICAP_DB_749,"San Fernando, CA",34.288652,-118.436243,5.0,place_exact,San Fernando city,US,CA
NICAP,NICAP_DB_750,"San Francisco (near), CA",37.727239,-123.032229,7.348683600936066,place_exact,San Francisco city,US,CA
NICAP,NICAP_DB_751,"Knoxville, TN",35.97068,-83.94927,10.660167978664001,place_exact,Knoxville city,US,TN
NICAP,NICAP_DB_752,"Oak Ridge, TN",35.966483,-84.290549,9.90612605074927,place_exact,Oak Ridge city,US,TN
NICAP,NICAP_DB_753,"Knoxville, TN",35.97068,-83.94927,10.660167978664001,place_exact,Knoxville city,US,TN
NICAP,NICAP_DB_754,"Pope AFB, NC",,,,unresolved,,US,NC
NICAP,NICAP_DB_755,"Oak Ridge, TN",35.966483,-84.290549,9.90612605074927,place_exact,Oak Ridge city,US,TN
NICAP,NICAP_DB_756,"Oak Ridge, TN",35.966483,-84.290549,9.90612605074927,place_exact,Oak Ridge city,US,TN
NICAP,NICAP_DB_757,"Oak Ridge, TN",35.966483,-84.290549,9.90612605074927,place_exact,Oak Ridge city,US,TN
NICAP,NICAP_DB_758,"Oak Ridge, TN",35.966483,-84.290549,9.90612605074927,place_exact,Oak Ridge city,US,TN
NICAP,NICAP_DB_759,"Kirtland AFB (and over Camp Hood, TX), NM",35.042127072,-106.540306077,10.0,dod_site,Kirtland Air Force Base,US,NM
NICAP,NICAP_DB_760,"Oak Ridge, TN",35.966483,-84.290549,9.90612605074927,place_exact,Oak Ridge city,US,TN
NICAP,NICAP_DB_761,"Bonlee, NC",,,,unresolved,,US,NC
NICAP,NICAP_DB_762,"Oak Ridge, TN",35.966483,-84.290549,9.90612605074927,place_exact,Oak Ridge city,US,TN
NICAP,NICAP_DB_763,"Oak Ridge, TN",35.966483,-84.290549,9.90612605074927,place_exact,Oak Ridge city,US,TN
NICAP,NICAP_DB_764,"Lakehurst (E of), NJ",40.013119,-74.320356,5.0,place_exact,Lakehurst borough,US,NJ
NICAP,NICAP_DB_765,"South Ruislip, UK",51.55518,-0.40867,5.0,geonames_exact,South Ruislip,GB,
NICAP,NICAP_DB_766,"Key West, FL",24.565063,-81.775539,5.0,place_exact,Key West city,US,FL
NICAP,NICAP_DB_768,"Maxwell AFB, Montgomery, AL",,,,unresolved,,US,AL
NICAP,NICAP_DB_769,"Huron, SD",44.362341,-98.209571,5.0,place_exact,Huron city,US,SD
NICAP,NICAP_DB_770,"Evansville, WI",42.778067,-89.29598,5.0,place_exact,Evansville city,US,WI
NICAP,NICAP_DB_771,"Knoxville, TN",35.97068,-83.94927,10.660167978664001,place_exact,Knoxville city,US,TN
NICAP,NICAP_DB_772,"Knoxville, TN",35.97068,-83.94927,10.660167978664001,place_exact,Knoxville city,US,TN
NICAP,NICAP_DB_773,"Cheyenne (near), WY",41.135259,-104.790749,6.093695758732955,place_exact,Cheyenne city,US,WY
NICAP,NICAP_DB_774,"Nanyika, Kenya, Africa",,,,unresolved,,US,
NICAP,NICAP_DB_775,"Oak Ridge, TN",35.966483,-84.290549,9.90612605074927,place_exact,Oak Ridge city,US,TN
NICAP,NICAP_DB_776,"Oak Ridge, TN",35.966483,-84.290549,9.90612605074927,place_exact,Oak Ridge city,US,TN
NICAP,NICAP_DB_777,"Northeastern U.S, Various",,,,unresolved,,US,
NICAP,NICAP_DB_778,"Fort Meyers, FL",,,,unresolved,,US,FL
NICAP,NICAP_DB_779,"Westover AFB, MA",,,,unresolved,,US,MA
NICAP,NICAP_DB_780,"Gulkana (10 miles NW of), AK",62.215434,-145.444965,6.33682125008711,place_exact,Gulkana CDP,US,AK
NICAP,NICAP_DB_781,"Knoxville, TN",35.97068,-83.94927,10.660167978664001,place_exact,Knoxville city,US,TN
NICAP,NICAP_DB_782,"Oak Ridge, TN",35.966483,-84.290549,9.90612605074927,place_exact,Oak Ridge city,US,TN
NICAP,NICAP_DB_783,"Oak Ridge, TN",35.966483,-84.290549,9.90612605074927,place_exact,Oak Ridge city,US,TN
NICAP,NICAP_DB_784,"Oak Ridge, TN",35.966483,-84.290549,9.90612605074927,place_exact,Oak Ridge city,US,TN
NICAP,NICAP_DB_785,"Bradford (near), IL",41.177181,-89.658213,5.0,place_exact,Bradford village,US,IL
NICAP,NICAP_DB_786,"Lakehurst, NJ",40.013119,-74.320356,5.0,place_exact,Lakehurst borough,US,NJ
NICAP,NICAP_DB_787,"Iron Triangle, near Chorwon, Korea",,,,unresolved,,KR,
NICAP,NICAP_DB_788,"in airspace over, Korea",,,,unresolved,,KR,
NICAP,NICAP_DB_789,"Fort Worth (South of ), TX",32.781518,-97.346746,19.99345544032958,place_exact,Fort Worth city,US,TX
NICAP,NICAP_DB_790,"Fort Benning, GA",32.3999651170001,-84.800503604,10.0,dod_site,Fort Benning,US,GA
NICAP,NICAP_DB_791,"Jolon, CA",,,,unresolved,,US,CA
NICAP,NICAP_DB_792,"Big Bear Lake, CA",34.242888,-116.893893,5.0,place_exact,Big Bear Lake city,US,CA
NICAP,NICAP_DB_793,"Artesia (near), NM",32.852173,-104.42457,5.0,place_exact,Artesia city,US,NM
NICAP,NICAP_DB_794,"Sioux City, IA",42.495668,-96.390525,8.203296871109538,place_exact,Sioux City city,US,IA
NICAP,NICAP_DB_795,"Oakridge, TN",35.966483,-84.290549,14.859189076123904,place_fuzzy,Oak Ridge city,US,TN
NICAP,NICAP_DB_796,"Holloman AFB (50 miles SE of), NM",32.918017352,-106.133633242,10.0,dod_site,Holloman Air Force Base,US,NM
NICAP,NICAP_DB_797,"Westover AFB, MA",,,,unresolved,,US,MA
NICAP,NICAP_DB_798,"Sea of Japan (off coast of South Korea), At Sea",,,,unresolved,,US,
NICAP,NICAP_DB_799,"Johnson AFB, Japan",,,,unresolved,,JP,
NICAP,NICAP_DB_800,"Gander, Newfoundland, CAN",,,,unresolved,,US,
NICAP,NICAP_DB_801,"Gander, Newfoundland, CAN",,,,unresolved,,US,
NICAP,NICAP_DB_802,"Alamogordo, NM",32.883616,-105.96361,5.0,place_exact,Alamogordo city,US,NM
NICAP,NICAP_DB_803,"Sea of Japan (off coast of South Korea), At Sea",,,,unresolved,,US,
NICAP,NICAP_DB_804,"Mt. Kilimanjaro, Kenya, Africa",,,,unresolved,,US,
NICAP,NICAP_DB_805,"Rodeo, NM",31.839654,-109.026644,5.0,place_exact,Rodeo CDP,US,NM
NICAP,NICAP_DB_806,"Durban, S. Africa",,,,unresolved,,US,
NICAP,NICAP_DB_807,"Ladd AFB, AK",,,,unresolved,,US,AK
NICAP,NICAP_DB_808,"Off Cape May, NJ",38.941147,-74.898372,5.0,place_exact,Cape May city,US,NJ
NICAP,NICAP_DB_809,"Tsushima Island (about 20 miles SE of), Japan",,,,unresolved,,JP,
NICAP,NICAP_DB_810,"Chinnampo, Korea",,,,unresolved,,KR,
NICAP,NICAP_DB_811,"McClellan AFB, Sacramento, CA",,,,unresolved,,US,CA
NICAP,NICAP_DB_812,"New Delhi, India",28.62137,77.2148,17.826861754105796,geonames_exact,New Delhi,IN,
NICAP,NICAP_DB_813,"Holloman AFB, NM",32.918017352,-106.133633242,10.0,dod_site,Holloman Air Force Base,US,NM
NICAP,NICAP_DB_815,"E. coast of Korea, Korea",,,,unresolved,,KR,
NICAP,NICAP_DB_816,"Yellow Sea, At Sea",,,,unresolved,,US,
NICAP,NICAP_DB_817,"Dodge City (near), KS",37.760677,-100.018438,5.0,place_exact,Dodge City city,US,KS
NICAP,NICAP_DB_818,"Niagara Falls, NY",43.092841,-79.014743,5.0,place_exact,Niagara Falls city,US,NY
NICAP,NICAP_DB_819,"Dayton, OH",39.784743,-84.199632,8.014899098276631,place_exact,Dayton city,US,OH
NICAP,NICAP_DB_820,"Seoul, South Korea",37.566,126.9784,40.0,geonames_exact,Seoul,KR,
NICAP,NICAP_DB_821,"Dearing, GA",33.415187,-82.386483,5.0,place_exact,Dearing town,US,GA
NICAP,NICAP_DB_822,"Corona, NM",34.250106,-105.596979,5.0,place_exact,Corona village,US,NM
NICAP,NICAP_DB_823,"Augusta, GA",33.47097,-81.97484,6.592344044420012,geonames_exact,Augusta,US,GA
NICAP,NICAP_DB_824,"Holloman AFB, NM",32.918017352,-106.133633242,10.0,dod_site,Holloman Air Force Base,US,NM
NICAP,NICAP_DB_825,"Holloman AFB, NM",32.918017352,-106.133633242,10.0,dod_site,Holloman Air Force Base,US,NM
NICAP,NICAP_DB_826,"Maldonado, Uraguay",,,,unresolved,,US,
NICAP,NICAP_DB_827,"March Field, CA",,,,unresolved,,US,CA
NICAP,NICAP_DB_828,"Portsmouth, NH",43.060594,-70.780349,5.0,place_exact,Portsmouth city,US,NH
NICAP,NICAP_DB_829,"Selfridge AFB, MI",,,,unresolved,,US,MI
NICAP,NICAP_DB_830,"Central, NM",,,,unresolved,,US,NM
NICAP,NICAP_DB_831,"Pinckney (near), MI",42.455397,-83.941075,5.0,place_exact,Pinckney village,US,MI
NICAP,NICAP_DB_832,"Port Clinton (NE of ), OH",41.509718,-82.938339,5.0,place_exact,Port Clinton city,US,OH
NICAP,NICAP_DB_833,"Portland, OR",45.536951,-122.649971,12.39414584031958,place_exact,Portland city,US,OR
NICAP,NICAP_DB_834,"Finland AFS, MN",,,,unresolved,,US,MN
NICAP,NICAP_DB_835,"Sea of Japan, At Sea",,,,unresolved,,US,
NICAP,NICAP_DB_836,"Albuquerque, NM",35.10478,-106.646809,14.682227578493212,place_exact,Albuquerque city,US,NM
NICAP,NICAP_DB_837,"Lubbock, TX",33.566831,-101.887847,12.447654486778712,place_exact,Lubbock city,US,TX
NICAP,NICAP_DB_838,"Larson AFB, WA",,,,unresolved,,US,WA
NICAP,NICAP_DB_839,"Vandalia, IL",38.974564,-89.110695,5.0,place_exact,Vandalia city,US,IL
NICAP,NICAP_DB_840,"Matador, TX",34.015084,-100.821094,5.0,place_exact,Matador town,US,TX
NICAP,NICAP_DB_841,"Prom. E. Coast AF Base, unknown",,,,unresolved,,US,
NICAP,NICAP_DB_842,"Claremont, CA",34.124925,-117.713923,5.0,place_exact,Claremont city,US,CA
NICAP,NICAP_DB_843,"50 miles off coast of North Korea, At Sea",,,,unresolved,,US,
NICAP,NICAP_DB_844,"Fort Monmouth, NJ",,,,unresolved,,US,NJ
NICAP,NICAP_DB_845,"Sandy Hook, NJ",,,,unresolved,,US,NJ
NICAP,NICAP_DB_846,"Goose Bay AFB, Labrador, CAN",,,,unresolved,,US,
NICAP,NICAP_DB_847,"Marion (3 miles NE of), OH",40.596746,-83.123185,5.0,place_exact,Marion city,US,OH
NICAP,NICAP_DB_848,"Hudson Strait to Baffin Island, CAN",,,,unresolved,,US,
NICAP,NICAP_DB_849,"ADC radar sites, Mich, Wisc, Minn, various",,,,unresolved,,US,
NICAP,NICAP_DB_850,"Victorville (1st jets scrambled from), CA",34.527735,-117.353579,9.211301705574034,place_exact,Victorville city,US,CA
NICAP,NICAP_DB_851,"March AFB, CA",,,,unresolved,,US,CA
NICAP,NICAP_DB_853,"Honshu, Japan",,,,unresolved,,JP,
NICAP,NICAP_DB_854,"White Sands, NM",32.38044,-106.479113,5.0,place_exact,White Sands CDP,US,NM
NICAP,NICAP_DB_855,"Columbus, OH",39.985531,-82.985594,15.914945428747155,place_exact,Columbus city,US,OH
NICAP,NICAP_DB_856,"Kadena AFB, Okinawa",26.36519,127.75857,5.0,geonames_exact,Kadena,JP,
NICAP,NICAP_DB_857,"Honshu (a few miles off the coast), Japan",,,,unresolved,,JP,
NICAP,NICAP_DB_858,"Terre Haute, IN",39.468645,-87.37255,6.276622906556607,place_exact,Terre Haute city,US,IN
NICAP,NICAP_DB_859,"Paris, IL",39.615081,-87.689095,5.0,place_exact,Paris city,US,IL
NICAP,NICAP_DB_860,"Terre Haute, IN",39.468645,-87.37255,6.276622906556607,place_exact,Terre Haute city,US,IN
NICAP,NICAP_DB_861,"Terre Haute, IN",39.468645,-87.37255,6.276622906556607,place_exact,Terre Haute city,US,IN
NICAP,NICAP_DB_862,"St. Croix Falls (10 miles E of), WI",45.41137,-92.624694,5.0,place_exact,St. Croix Falls city,US,WI
NICAP,NICAP_DB_863,"Minneapolis, MN",44.963324,-93.26832,7.884118748753372,place_exact,Minneapolis city,US,MN
NICAP,NICAP_DB_864,"Whidbey Island NAS, WA",48.338798313,-122.662022739,10.0,dod_site,Naval Air Station Whidbey Island,US,WA
NICAP,NICAP_DB_865,"Over Yellow Sea, At Sea",,,,unresolved,,US,
NICAP,NICAP_DB_866,"Battle Creek (20 miles E of ), MI",42.299176,-85.229267,7.001547733656229,place_exact,Battle Creek city,US,MI
NICAP,NICAP_DB_867,"North Truro, MA",,,,unresolved,,US,MA
NICAP,NICAP_DB_868,"North Truro, MA",,,,unresolved,,US,MA
NICAP,NICAP_DB_869,"AZ, NM, TX, OK, various",,,,unresolved,,US,
NICAP,NICAP_DB_870,"Mojave (30 (35?) miles N of), CA",,,,unresolved,,US,CA
NICAP,NICAP_DB_871,"Lake Superior, MI",,,,unresolved,,US,MI
NICAP,NICAP_DB_872,"Albuquerque, NM",35.10478,-106.646809,14.682227578493212,place_exact,Albuquerque city,US,NM
NICAP,NICAP_DB_873,"Washinton, D.C.",38.904247,-77.016517,12.58237354397015,place_fuzzy,Washington city,US,DC
NICAP,NICAP_DB_874,"Selfridge AFB, MI",,,,unresolved,,US,MI
NICAP,NICAP_DB_875,"Coopersville, MI",43.065467,-85.933752,5.0,place_exact,Coopersville city,US,MI
NICAP,NICAP_DB_876,"Mankato, MN",44.171109,-93.977499,5.0,place_exact,Mankato city,US,MN
NICAP,NICAP_DB_877,"Coopersville, MI",43.065467,-85.933752,5.0,place_exact,Coopersville city,US,MI
NICAP,NICAP_DB_878,"Milwaukee (25 miles E of), WI",43.063348,-87.966695,10.522273328516038,place_exact,Milwaukee city,US,WI
NICAP,NICAP_DB_879,"Yucca Flats, NV",,,,unresolved,,US,NV
NICAP,NICAP_DB_880,"Peru (NW of), NB",,,,unresolved,,US,
NICAP,NICAP_DB_881,"Oak Ridge, TN",35.966483,-84.290549,9.90612605074927,place_exact,Oak Ridge city,US,TN
NICAP,NICAP_DB_882,"Hastings (or near Prescott?), MN",44.731781,-92.853284,5.0,place_exact,Hastings city,US,MN
NICAP,NICAP_DB_883,"Andrews AFB, D.C.",,,,unresolved,,US,DC
NICAP,NICAP_DB_884,"Columbus (5 miles E of), OH",39.985531,-82.985594,15.914945428747155,place_exact,Columbus city,US,OH
NICAP,NICAP_DB_885,"Selfridge AFB, MI",,,,unresolved,,US,MI
NICAP,NICAP_DB_886,"Mankato, MN",44.171109,-93.977499,5.0,place_exact,Mankato city,US,MN
NICAP,NICAP_DB_887,"Sunbury, OH",40.249405,-82.880199,5.0,place_exact,Sunbury village,US,OH
NICAP,NICAP_DB_888,"Albuquerque, NM",35.10478,-106.646809,14.682227578493212,place_exact,Albuquerque city,US,NM
NICAP,NICAP_DB_889,"Albuquerque, NM",35.10478,-106.646809,14.682227578493212,place_exact,Albuquerque city,US,NM
NICAP,NICAP_DB_890,"MacDill AFB, FL",27.843904121,-82.500593526,10.0,dod_site,MacDill Air Force Base,US,FL
NICAP,NICAP_DB_891,"London, Ont, CAN",,,,unresolved,,US,
NICAP,NICAP_DB_892,"N.Y. to Puerto Rico, Various",,,,unresolved,,US,
NICAP,NICAP_DB_893,"Weston, WY",,,,unresolved,,US,WY
NICAP,NICAP_DB_894,"Kerrville, TX",30.03976,-99.132348,5.024213769337448,place_exact,Kerrville city,US,TX
NICAP,NICAP_DB_895,"Artesia, NM",32.852173,-104.42457,5.0,place_exact,Artesia city,US,NM
NICAP,NICAP_DB_896,"Fairchild AFB, WA",47.6186605620001,-117.648384744,10.0,dod_site,Fairchild Air Force Base,US,WA
NICAP,NICAP_DB_897,"Mitchell AFB, NY",,,,unresolved,,US,NY
NICAP,NICAP_DB_898,"Nenana (E of), AK",64.536054,-149.083629,5.0,place_exact,Nenana city,US,AK
NICAP,NICAP_DB_899,"Mitchell AFB (SE of), NY",,,,unresolved,,US,NY
NICAP,NICAP_DB_900,"Wonsan (30 miles SW of), South Korea",,,,unresolved,,KR,
NICAP,NICAP_DB_901,"Sunchon, South Korea",34.9505,127.48784,24.93679510281945,geonames_fuzzy,Suncheon,KR,
NICAP,NICAP_DB_902,"Terre Haute (10 miles W of), IN",39.468645,-87.37255,6.276622906556607,place_exact,Terre Haute city,US,IN
NICAP,NICAP_DB_903,"Pusan (40 miles E of), South Korea",,,,unresolved,,KR,
NICAP,NICAP_DB_904,"Pittsburgh, PA",40.439775,-79.976333,7.983918475424346,place_exact,Pittsburgh city,US,PA
NICAP,NICAP_DB_905,"Baltimore (Bet. Friendship Airfield and), MD",39.300032,-76.610476,9.652848215250598,place_exact,Baltimore city,US,MD
NICAP,NICAP_DB_906,"Granite City, IL",38.729283,-90.125472,5.0,place_exact,Granite City city,US,IL
NICAP,NICAP_DB_907,"Pusan (60 miles E of), South Korea",,,,unresolved,,KR,
NICAP,NICAP_DB_908,"Roswell (25 miles SE of), NM",33.373442,-104.529393,5.848639271944658,place_exact,Roswell city,US,NM
NICAP,NICAP_DB_909,"Mt. Diablo, CA",,,,unresolved,,US,CA
NICAP,NICAP_DB_910,"Greenfield, MA",42.614671,-72.597063,5.0,place_exact,Greenfield city,US,MA
NICAP,NICAP_DB_911,"Key West, FL",24.565063,-81.775539,5.0,place_exact,Key West city,US,FL
NICAP,NICAP_DB_912,"Sinuiju, N. Korea",,,,unresolved,,KR,
NICAP,NICAP_DB_913,"Albany, NY",42.665745,-73.798353,5.0,place_exact,Albany city,US,NY
NICAP,NICAP_DB_914,"Ft. Stockton, TX",30.892574,-102.88421,5.0,place_exact,Fort Stockton city,US,TX
NICAP,NICAP_DB_915,"Finland AFS, MN",,,,unresolved,,US,MN
NICAP,NICAP_DB_916,"Ashiya AFB (15 miles W of), Japan",34.72807,135.30264,9.691336337162177,geonames_exact,Ashiya,JP,
NICAP,NICAP_DB_917,"Tulsa (Bet. Claremore and), OK",36.127949,-95.902316,15.07917806483865,place_exact,Tulsa city,US,OK
NICAP,NICAP_DB_918,"Oakland, CA",37.769846,-122.22569,8.023888943509736,place_exact,Oakland city,US,CA
NICAP,NICAP_DB_919,"Keflavik, Iceland",64.00492,-22.56242,5.0,geonames_exact,Keflavík,IS,
NICAP,NICAP_DB_920,"Pacific Ocean (near Hawaii), HI",,,,unresolved,,US,HI
NICAP,NICAP_DB_921,"Sandia Base, NM",,,,unresolved,,US,NM
NICAP,NICAP_DB_922,"Centreville, MD",39.042265,-76.062538,5.0,place_exact,Centreville town,US,MD
NICAP,NICAP_DB_923,"Yakima (20 miles S of), WA",46.590938,-120.5494,5.657469752460017,place_exact,Yakima city,US,WA
NICAP,NICAP_DB_925,"Point Conception (60 miles W of), CA",,,,unresolved,,US,CA
NICAP,NICAP_DB_926,"Fort Stockton, TX",30.892574,-102.88421,5.0,place_exact,Fort Stockton city,US,TX
NICAP,NICAP_DB_927,"Long Beach, CA",33.780791,-118.16818,7.640413252348767,place_exact,Long Beach city,US,CA
NICAP,NICAP_DB_928,"Butler, MO",38.259362,-94.339531,5.0,place_exact,Butler city,US,MO
NICAP,NICAP_DB_929,"Misawa (20 miles N of), Japan",40.68682,141.38969,6.542553018508906,geonames_exact,Misawa,JP,
NICAP,NICAP_DB_930,"Elizabethville, Belgian Congo",,,,unresolved,,US,
NICAP,NICAP_DB_932,"Glen Burnie, MD",39.156271,-76.606996,5.0,place_exact,Glen Burnie CDP,US,MD
NICAP,NICAP_DB_933,"Hawaii (near), HI",,,,unresolved,,US,HI
NICAP,NICAP_DB_934,"Lake Mead, NV",,,,unresolved,,US,NV
NICAP,NICAP_DB_935,"Marana, AZ",32.465941,-111.1354,11.806686128348348,place_exact,Marana town,US,AZ
NICAP,NICAP_DB_936,"Duncanville, TX",32.64595,-96.91387,5.0,place_exact,Duncanville city,US,TX
NICAP,NICAP_DB_937,"Phoenix (Glendale?), AZ",33.572154,-112.090132,24.418586909701933,place_exact,Phoenix city,US,AZ
NICAP,NICAP_DB_938,"Miami, FL",25.775163,-80.208615,6.4369903595460585,place_exact,Miami city,US,FL
NICAP,NICAP_DB_939,"Temple, TX",31.106309,-97.390145,9.05122184508196,place_exact,Temple city,US,TX
NICAP,NICAP_DB_940,"Big Pines (near), CA",37.165507,-118.296262,7.5,place_fuzzy,Big Pine CDP,US,CA
NICAP,NICAP_DB_941,"Barksdale AFB (Bet. Shreveport and), LA",32.500280957,-93.59994134,10.0,dod_site,Barksdale Air Force Base,US,LA
NICAP,NICAP_DB_942,"Pecos (6 miles W of near Lackland AFB), TX",31.397054,-103.520089,5.057782078693738,place_exact,Pecos city,US,TX
NICAP,NICAP_DB_943,"North Bay CFS, Ontario, CAN",,,,unresolved,,US,
NICAP,NICAP_DB_944,"Moriarty AFB, NM",35.003368,-106.044427,15.0,place_exact_basename,Moriarty city,US,NM
NICAP,NICAP_DB_945,"Memphis, TN",35.109018,-89.966565,18.489415566750615,place_exact,Memphis city,US,TN
NICAP,NICAP_DB_946,"La Crosse, WI",43.824685,-91.224616,5.0,place_exact,La Crosse city,US,WI
NICAP,NICAP_DB_947,"Santa Cruz, CA",36.974385,-122.035268,5.0,place_exact,Santa Cruz city,US,CA
NICAP,NICAP_DB_948,"Madison, WI",43.087815,-89.429856,9.570485997180196,place_exact,Madison city,US,WI
NICAP,NICAP_DB_949,"Shreveport, LA",32.466879,-93.792193,11.139438046867534,place_exact,Shreveport city,US,LA
NICAP,NICAP_DB_950,"Longmeadow, MA",42.048054,-72.569275,5.0,place_exact,Longmeadow CDP,US,MA
NICAP,NICAP_DB_951,"Yuma Test Station, AZ",,,,unresolved,,US,AZ
NICAP,NICAP_DB_952,"Nellis AFB, NV",36.2432886030001,-114.994831273,10.0,dod_site,Nellis Air Force Base,US,NV
NICAP,NICAP_DB_953,"Alaska, At Sea",,,,unresolved,,US,
NICAP,NICAP_DB_954,"Bethesda, MD",38.987292,-77.118612,5.0,place_exact,Bethesda CDP,US,MD
NICAP,NICAP_DB_955,"Corner Brook, Newfoundland, CAN",,,,unresolved,,US,
NICAP,NICAP_DB_956,"Kyushu (50 miles northwest of), Japan",,,,unresolved,,JP,
NICAP,NICAP_DB_957,"Corner Brook, Newfoundland, CAN",,,,unresolved,,US,
NICAP,NICAP_DB_958,"Flint, MI",43.02442,-83.691971,6.204307929889431,place_exact,Flint city,US,MI
NICAP,NICAP_DB_959,"Toronto (west of), CAN",,,,unresolved,,US,
NICAP,NICAP_DB_960,"Naha AFB, Okinawa",26.213,127.67851,17.822036920621617,geonames_exact,Naha,JP,
NICAP,NICAP_DB_961,"Bellevue Hill, VT",,,,unresolved,,US,VT
NICAP,NICAP_DB_962,"Milton, MA",42.241559,-71.082437,5.0,place_exact,Milton CDP,US,MA
NICAP,NICAP_DB_963,"Colorado Springs, CO",38.867255,-104.760749,14.997511808444907,place_exact,Colorado Springs city,US,CO
NICAP,NICAP_DB_964,"Clovis, NM",34.438569,-103.194194,5.214826597735005,place_exact,Clovis city,US,NM
NICAP,NICAP_DB_965,"Rheim-Main AFB, West Germany",,,,unresolved,,DE,
NICAP,NICAP_DB_966,"San Jose, CA",37.296011,-121.814552,14.32467509036224,place_exact,San Jose city,US,CA
NICAP,NICAP_DB_967,"Roseville, MI",42.507586,-82.936582,5.0,place_exact,Roseville city,US,MI
NICAP,NICAP_DB_968,"Pontiac, MI",42.649228,-83.287363,5.0,place_exact,Pontiac city,US,MI
NICAP,NICAP_DB_969,"Birmingham, MI",42.544805,-83.216576,5.0,place_exact,Birmingham city,US,MI
NICAP,NICAP_DB_970,"Yuma, AZ",32.516286,-114.521782,11.785785977655928,place_exact,Yuma city,US,AZ
NICAP,NICAP_DB_971,"Homewood, IL",41.559422,-87.662025,5.0,place_exact,Homewood village,US,IL
NICAP,NICAP_DB_972,"Marshall, TX",32.539159,-94.353173,5.836628745355585,place_exact,Marshall city,US,TX
NICAP,NICAP_DB_973,"Goodland (North of ), KS",39.348512,-101.713819,5.0,place_exact,Goodland city,US,KS
NICAP,NICAP_DB_974,"Moriarty AFB, NM",35.003368,-106.044427,15.0,place_exact_basename,Moriarty city,US,NM
NICAP,NICAP_DB_975,"NAS, Willow Grove, PA",40.147234,-75.116862,15.0,place_exact_basename,Willow Grove CDP,US,PA
NICAP,NICAP_DB_976,"Moses Lake, WA",47.12785,-119.276384,5.0,place_exact,Moses Lake city,US,WA
NICAP,NICAP_DB_977,"Tucson (Davis-Monthan AFB), AZ",32.153036,-110.870773,16.65558603658911,place_exact,Tucson city,US,AZ
NICAP,NICAP_DB_978,"George AFB, CA",,,,unresolved,,US,CA
NICAP,NICAP_DB_980,"Tenafly, NJ",40.918309,-73.950523,5.0,place_exact,Tenafly borough,US,NJ
NICAP,NICAP_DB_981,"Keesler AFB, MS",30.40888346,-88.924669922,10.0,dod_site,Keesler AFB,US,MS
NICAP,NICAP_DB_982,"Barra da Tijuca, Brazil",-22.99835,-43.36545,20.5289551609428,geonames_exact,Barra da Tijuca,BR,
NICAP,NICAP_DB_983,"Jacksonville (over the Atlantic 600 Miles E of), FL",30.336864,-81.661603,29.329257247101683,place_exact,Jacksonville city,US,FL
NICAP,NICAP_DB_984,"George AFB, CA",,,,unresolved,,US,CA
NICAP,NICAP_DB_985,"George AFB, CA",,,,unresolved,,US,CA
NICAP,NICAP_DB_986,"Albuquerque, NM",35.10478,-106.646809,14.682227578493212,place_exact,Albuquerque city,US,NM
NICAP,NICAP_DB_987,"Paphos, SW, Cyprus",,,,unresolved,,US,
NICAP,NICAP_DB_988,"New Ellenton, SC",33.41961,-81.682414,5.0,place_exact,New Ellenton town,US,SC
NICAP,NICAP_DB_989,"George AFB, CA",,,,unresolved,,US,CA
NICAP,NICAP_DB_990,"Roswell (near), NM",33.373442,-104.529393,5.848639271944658,place_exact,Roswell city,US,NM
NICAP,NICAP_DB_991,"George AFB, CA",,,,unresolved,,US,CA
NICAP,NICAP_DB_992,"Greenville, SC",34.836902,-82.362997,5.846016155373579,place_exact,Greenville city,US,SC
NICAP,NICAP_DB_993,"El Centro NAS, CA",32.786351,-115.560206,15.0,place_exact_basename,El Centro city,US,CA
NICAP,NICAP_DB_994,"National City, CA",32.665217,-117.098784,5.0,place_exact,National City city,US,CA
NICAP,NICAP_DB_995,"George AFB, CA",,,,unresolved,,US,CA
NICAP,NICAP_DB_996,"Mayaquez, Puerto Rico",18.201221,-67.14178,7.5,place_fuzzy,Mayagüez zona urbana,US,PR
NICAP,NICAP_DB_997,"S of Changsong-ni and N of Nangnim Mt \- #1, North Korea",,,,unresolved,,KR,
NICAP,NICAP_DB_998,"S of Changsong-ni and N of Nangnim Mt \- #2, North Korea",,,,unresolved,,KR,
NICAP,NICAP_DB_999,"Georgetown, Washington, D.C.",,,,unresolved,,US,DC
NICAP,NICAP_DB_1000,"Greenville, SC",34.836902,-82.362997,5.846016155373579,place_exact,Greenville city,US,SC
NICAP,NICAP_DB_1001,"San Angelo (30 miles SW of), TX",31.441078,-100.450499,8.28945874120996,place_exact,San Angelo city,US,TX
NICAP,NICAP_DB_1002,"George AFB, CA",,,,unresolved,,US,CA
NICAP,NICAP_DB_1003,"Houston, TX",29.785743,-95.388806,27.15177795692618,place_exact,Houston city,US,TX
NICAP,NICAP_DB_1004,"Alexandria, VA",38.819251,-77.08367,5.0,place_exact,Alexandria city,US,VA
NICAP,NICAP_DB_1005,"Kirtland AFB, Albuquerque, NM",,,,unresolved,,US,NM
NICAP,NICAP_DB_1006,"Zuni, NM",,,,unresolved,,US,NM
NICAP,NICAP_DB_1007,"Tierra Amarilla AFS, NM",36.705901,-106.565132,7.5,place_fuzzy,Tierra Amarilla CDP,US,NM
NICAP,NICAP_DB_1008,"Randolph AFB, TX",,,,unresolved,,US,TX
NICAP,NICAP_DB_1009,"Walnut Lake, MI",,,,unresolved,,US,MI
NICAP,NICAP_DB_1010,"Los Alamos, NM",35.893959,-106.290025,5.0,place_exact,Los Alamos CDP,US,NM
NICAP,NICAP_DB_1011,"unknown location, North Korea",,,,unresolved,,KR,
NICAP,NICAP_DB_1013,"Saigon, Indochina",,,,unresolved,,CN,
NICAP,NICAP_DB_1014,"Albuquerque, NM",35.10478,-106.646809,14.682227578493212,place_exact,Albuquerque city,US,NM
NICAP,NICAP_DB_1015,"Albuquerque, NM",35.10478,-106.646809,14.682227578493212,place_exact,Albuquerque city,US,NM
NICAP,NICAP_DB_1016,"San Antonio, TX",29.463408,-98.524287,23.962933858589,place_exact,San Antonio city,US,TX
NICAP,NICAP_DB_1017,"near the Florida Keys, at sea",,,,unresolved,,US,
NICAP,NICAP_DB_1018,"Oshima island (Japan Sea, S of), Japan",,,,unresolved,,JP,
NICAP,NICAP_DB_1019,"Chorwon (South of ), Korea",38.20917,127.2175,9.56313233203431,geonames_fuzzy,Cheorwon,KR,
NICAP,NICAP_DB_1020,"Chorwon (South of ), Korea",38.20917,127.2175,9.56313233203431,geonames_fuzzy,Cheorwon,KR,
NICAP,NICAP_DB_1021,"Tombstone, AZ",31.720407,-110.076304,5.0,place_exact,Tombstone city,US,AZ
NICAP,NICAP_DB_1022,"Kirtland AFB, Albuquerque, NM",,,,unresolved,,US,NM
NICAP,NICAP_DB_1023,"MacDill AFB, FL",27.843904121,-82.500593526,10.0,dod_site,MacDill Air Force Base,US,FL
NICAP,NICAP_DB_1024,"Los Angeles, CA",34.019394,-118.410825,23.2472560101187,place_exact,Los Angeles city,US,CA
NICAP,NICAP_DB_1025,"Rapid City, SD",44.071071,-103.217924,7.935058047816804,place_exact,Rapid City city,US,SD
NICAP,NICAP_DB_1026,"Walla Walla, WA",46.067006,-118.337033,5.0,place_exact,Walla Walla city,US,WA
NICAP,NICAP_DB_1027,"Soap Lake, WA",47.391092,-119.484608,5.0,place_exact,Soap Lake city,US,WA
NICAP,NICAP_DB_1028,"Bayview, WA",48.487,-122.462553,7.5,place_fuzzy,Bay View CDP,US,WA
NICAP,NICAP_DB_1029,"Fulda, West Germany",50.55162,9.67518,7.984985911070851,geonames_exact,Fulda,DE,
NICAP,NICAP_DB_1030,"Chicago, IL",41.837045,-87.684939,16.190785623653692,place_exact,Chicago city,US,IL
NICAP,NICAP_DB_1031,"Stuttgart, West Germany",48.78232,9.17702,24.75203021976177,geonames_exact,Stuttgart,DE,
NICAP,NICAP_DB_1032,"Lubbock, TX",33.566831,-101.887847,12.447654486778712,place_exact,Lubbock city,US,TX
NICAP,NICAP_DB_1033,"Albuquerque, NM",35.10478,-106.646809,14.682227578493212,place_exact,Albuquerque city,US,NM
NICAP,NICAP_DB_1034,"Offutt AFB, Omaha, NE",,,,unresolved,,US,NE
NICAP,NICAP_DB_1035,"Kimpo AB, Korea",,,,unresolved,,KR,
NICAP,NICAP_DB_1036,"Albuquerque, NM",35.10478,-106.646809,14.682227578493212,place_exact,Albuquerque city,US,NM
NICAP,NICAP_DB_1037,"Albuquerque, NM",35.10478,-106.646809,14.682227578493212,place_exact,Albuquerque city,US,NM
NICAP,NICAP_DB_1038,"Central Korea, Korea",,,,unresolved,,KR,
NICAP,NICAP_DB_1039,"Minneapolis, MN",44.963324,-93.26832,7.884118748753372,place_exact,Minneapolis city,US,MN
NICAP,NICAP_DB_1040,"Fort Smith, AR",35.349276,-94.370883,8.582758712157245,place_exact,Fort Smith city,US,AR
NICAP,NICAP_DB_1041,"Marrakech, Morocco",,,,unresolved,,MA,
NICAP,NICAP_DB_1042,"Fox Hill, VA",,,,unresolved,,US,VA
NICAP,NICAP_DB_1043,"Le Bourget (airport), France",48.93405,2.43584,5.0,geonames_exact,Le Bourget,FR,
NICAP,NICAP_DB_1044,"Middletown, PA",40.644006,-75.324584,5.0,place_exact,Middletown CDP,US,PA
NICAP,NICAP_DB_1045,"Louisville, KY",38.224728,-85.740614,8.412667802519932,place_exact,Louisville city,US,KY
NICAP,NICAP_DB_1046,"Walker AFB, Roswell, NM",,,,unresolved,,US,NM
NICAP,NICAP_DB_1047,"McChord AFB, WA",,,,unresolved,,US,WA
NICAP,NICAP_DB_1048,"Hasselbach, East Germany",48.64564,13.38956,7.5,geonames_fuzzy,Haselbach,DE,
NICAP,NICAP_DB_1049,"Cape Cod, MA",,,,unresolved,,US,MA
NICAP,NICAP_DB_1050,"Columbus, WI",43.336805,-89.029988,5.0,place_exact,Columbus city,US,WI
NICAP,NICAP_DB_1051,"Walnut Lake, MI",,,,unresolved,,US,MI
NICAP,NICAP_DB_1052,"March AFB (100 miles E of), CA",,,,unresolved,,US,CA
NICAP,NICAP_DB_1053,"Goose Bay AFB, Labrador, CAN",,,,unresolved,,US,
NICAP,NICAP_DB_1054,"Yuma, AZ",32.516286,-114.521782,11.785785977655928,place_exact,Yuma city,US,AZ
NICAP,NICAP_DB_1055,"Central Korea, Korea",,,,unresolved,,KR,
NICAP,NICAP_DB_1056,"Paulette (near), MS",,,,unresolved,,US,MS
NICAP,NICAP_DB_1057,"Kelly AFB, TX",,,,unresolved,,US,TX
NICAP,NICAP_DB_1058,"Oakridge, TN",35.966483,-84.290549,14.859189076123904,place_fuzzy,Oak Ridge city,US,TN
NICAP,NICAP_DB_1060,"Pyungthek, Korea",,,,unresolved,,KR,
NICAP,NICAP_DB_1061,"Spokane, WA",47.666935,-117.433322,8.896614861844926,place_exact,Spokane city,US,WA
NICAP,NICAP_DB_1062,"McChord AFB, WA",,,,unresolved,,US,WA
NICAP,NICAP_DB_1063,"Kirksville, MO",40.198171,-92.574562,5.0,place_exact,Kirksville city,US,MO
NICAP,NICAP_DB_1064,"Oak Ridge, TN",35.966483,-84.290549,9.90612605074927,place_exact,Oak Ridge city,US,TN
NICAP,NICAP_DB_1065,"unknown location, Japan",,,,unresolved,,JP,
NICAP,NICAP_DB_1066,"Owensboro (near), KY",37.757172,-87.117398,5.0,place_exact,Owensboro city,US,KY
NICAP,NICAP_DB_1067,"Tokyo, Japan",35.6895,139.69171,40.0,geonames_exact,Tokyo,JP,
NICAP,NICAP_DB_1068,"Japan, Korea Area, Far East",,,,unresolved,,US,
NICAP,NICAP_DB_1069,"Chicago, IL",41.837045,-87.684939,16.190785623653692,place_exact,Chicago city,US,IL
NICAP,NICAP_DB_1070,"unknown location, MI",,,,unresolved,,US,MI
NICAP,NICAP_DB_1071,"Terre Haute, IN",39.468645,-87.37255,6.276622906556607,place_exact,Terre Haute city,US,IN
NICAP,NICAP_DB_1072,"Pottstown, PA",40.250924,-75.644754,5.0,place_exact,Pottstown borough,US,PA
NICAP,NICAP_DB_1073,"Topeka, KS",39.03468,-95.694825,8.41026386162897,place_exact,Topeka city,US,KS
NICAP,NICAP_DB_1074,"Kirtland AFB, Albuquerque, NM",,,,unresolved,,US,NM
NICAP,NICAP_DB_1075,"Lake Kishkonoug, WI",42.893647,-88.963354,7.5,place_fuzzy,Lake Koshkonong CDP,US,WI
NICAP,NICAP_DB_1076,"Nagoya, Honshu, Japan",,,,unresolved,,JP,
NICAP,NICAP_DB_1077,"Pacific bet. Hawaii and Calif., in airspace",,,,unresolved,,US,
NICAP,NICAP_DB_1078,"O'Hare Airport, Chicago, IL",,,,unresolved,,US,IL
NICAP,NICAP_DB_1079,"Columbia, MO",38.94729,-92.326387,8.751557397908607,place_exact,Columbia city,US,MO
NICAP,NICAP_DB_1080,"Phoenix, AZ",33.572154,-112.090132,24.418586909701933,place_exact,Phoenix city,US,AZ
NICAP,NICAP_DB_1081,"Sea of Japan, at sea",,,,unresolved,,US,
NICAP,NICAP_DB_1082,"Boston, MA",42.338551,-71.018253,7.459579344708387,place_exact,Boston city,US,MA
NICAP,NICAP_DB_1083,"Fort Monmouth, NJ",,,,unresolved,,US,NJ
NICAP,NICAP_DB_1084,"Tremonton, UT",41.718722,-112.189125,5.0,place_exact,Tremonton city,US,UT
NICAP,NICAP_DB_1085,"Selfridge AFB, MI",,,,unresolved,,US,MI
NICAP,NICAP_DB_1086,"Chicago, IL",41.837045,-87.684939,16.190785623653692,place_exact,Chicago city,US,IL
NICAP,NICAP_DB_1087,"Elmendorf AFB, Anchorage, AK",,,,unresolved,,US,AK
NICAP,NICAP_DB_1088,"Richland, WA",46.281588,-119.292247,6.719625717090036,place_exact,Richland city,US,WA
NICAP,NICAP_DB_1089,"Norman, OK",35.240569,-97.345299,14.345395591152815,place_exact,Norman city,US,OK
NICAP,NICAP_DB_1090,"Hanford AEC Plant (at Richland), WA",,,,unresolved,,US,WA
NICAP,NICAP_DB_1091,"Governors Island, NY",,,,unresolved,,US,NY
NICAP,NICAP_DB_1092,"Colorado Springs, CO",38.867255,-104.760749,14.997511808444907,place_exact,Colorado Springs city,US,CO
NICAP,NICAP_DB_1093,"Kutztown, PA",40.521313,-75.777288,5.0,place_exact,Kutztown borough,US,PA
NICAP,NICAP_DB_1094,"Rapid City AFB, SD",44.071071,-103.217924,15.0,place_exact_basename,Rapid City city,US,SD
NICAP,NICAP_DB_1095,"Quantico (near), VA",38.522437,-77.290146,5.0,place_exact,Quantico town,US,VA
NICAP,NICAP_DB_1096,"Korea (near), Korea",,,,unresolved,,KR,
NICAP,NICAP_DB_1097,"Annapolis, MD",38.972152,-76.505332,5.0,place_exact,Annapolis city,US,MD
NICAP,NICAP_DB_1098,"Arlington, IL",41.471542,-89.24787,5.0,place_exact,Arlington village,US,IL
NICAP,NICAP_DB_1099,"Arlington, IL",41.471542,-89.24787,5.0,place_exact,Arlington village,US,IL
NICAP,NICAP_DB_1100,"Williams Bay, WI",42.578832,-88.545726,5.0,place_exact,Williams Bay village,US,WI
NICAP,NICAP_DB_1101,"Chicago, IL",41.837045,-87.684939,16.190785623653692,place_exact,Chicago city,US,IL
NICAP,NICAP_DB_1102,"Greenfield (near), IN",39.793283,-85.772548,5.0,place_exact,Greenfield city,US,IN
NICAP,NICAP_DB_1103,"Dayton, OH",39.784743,-84.199632,8.014899098276631,place_exact,Dayton city,US,OH
NICAP,NICAP_DB_1104,"Kirksville, MI",,,,unresolved,,US,MI
NICAP,NICAP_DB_1105,"Williams Bay, WI",42.578832,-88.545726,5.0,place_exact,Williams Bay village,US,WI
NICAP,NICAP_DB_1106,"Belleville, IL",38.515973,-89.989779,5.170168447717906,place_exact,Belleville city,US,IL
NICAP,NICAP_DB_1107,"Fordland, MO",37.154575,-92.941935,5.0,place_exact,Fordland city,US,MO
NICAP,NICAP_DB_1108,"Washington (60 miles SW of ), D.C.",38.904247,-77.016517,8.388249029313434,place_exact,Washington city,US,DC
NICAP,NICAP_DB_1109,"Osceola, WI",45.319283,-92.695892,5.0,place_exact,Osceola village,US,WI
NICAP,NICAP_DB_1110,"Norfolk (20-25 miles N of ), VA",36.923015,-76.244641,7.8310331658373435,place_exact,Norfolk city,US,VA
NICAP,NICAP_DB_1111,"Langley AFB, VA",,,,unresolved,,US,VA
NICAP,NICAP_DB_1112,"Okinawa (near), Guam",,,,unresolved,,US,GU
NICAP,NICAP_DB_1113,"Holloman AFB, NM",32.918017352,-106.133633242,10.0,dod_site,Holloman Air Force Base,US,NM
NICAP,NICAP_DB_1114,"McChord AFB (20 miles S of ), WA",,,,unresolved,,US,WA
NICAP,NICAP_DB_1115,"West Palm Beach, FL",26.745114,-80.127038,7.87089307371011,place_exact,West Palm Beach city,US,FL
NICAP,NICAP_DB_1116,"Pendleton, OR",45.675675,-118.82017,5.0,place_exact,Pendleton city,US,OR
NICAP,NICAP_DB_1117,"Hampton Roads, VA",,,,unresolved,,US,VA
NICAP,NICAP_DB_1118,"Beverly, MA",42.556659,-70.84496,5.0,place_exact,Beverly city,US,MA
NICAP,NICAP_DB_1119,"Batesville, MS",34.320982,-89.924878,5.0,place_exact,Batesville city,US,MS
NICAP,NICAP_DB_1120,"White Plains, NY",41.0238,-73.751048,5.0,place_exact,White Plains city,US,NY
NICAP,NICAP_DB_1121,"Lockbourne AFB, OH",39.8089,-82.987294,15.0,place_exact_basename,Lockbourne village,US,OH
NICAP,NICAP_DB_1122,"Rapid City, SD",44.071071,-103.217924,7.935058047816804,place_exact,Rapid City city,US,SD
NICAP,NICAP_DB_1123,"Tsuiki Air Base, Kyushu, Japan",,,,unresolved,,JP,
NICAP,NICAP_DB_1124,"Lockbourne AFB, OH",39.8089,-82.987294,15.0,place_exact_basename,Lockbourne village,US,OH
NICAP,NICAP_DB_1125,"Miami, FL",25.775163,-80.208615,6.4369903595460585,place_exact,Miami city,US,FL
NICAP,NICAP_DB_1126,"Patrick AFB, FL",,,,unresolved,,US,FL
NICAP,NICAP_DB_1127,"Denver, CO",39.76185,-104.881105,13.274259669668128,place_exact,Denver city,US,CO
NICAP,NICAP_DB_1128,"Lac Chauvet, France",,,,unresolved,,FR,
NICAP,NICAP_DB_1129,"Savanna River, SC",,,,unresolved,,US,SC
NICAP,NICAP_DB_1130,"unknown location, Unknown",,,,unresolved,,US,
NICAP,NICAP_DB_1131,"Porto Maldo, Peru",,,,unresolved,,PE,
NICAP,NICAP_DB_1132,"River Edge, NJ",40.926766,-74.037468,5.0,place_exact,River Edge borough,US,NJ
NICAP,NICAP_DB_1133,"Williston, ND",48.180571,-103.638126,5.16407874972229,place_exact,Williston city,US,ND
NICAP,NICAP_DB_1134,"Elkins Park, PA",40.077476,-75.128013,5.0,place_exact,Elkins Park CDP,US,PA
NICAP,NICAP_DB_1135,"Washington, DC",38.904247,-77.016517,8.388249029313434,place_exact,Washington city,US,DC
NICAP,NICAP_DB_1136,"Washington, D.C.",38.904247,-77.016517,8.388249029313434,place_exact,Washington city,US,DC
NICAP,NICAP_DB_1138,"Washington, D.C.",38.904247,-77.016517,8.388249029313434,place_exact,Washington city,US,DC
NICAP,NICAP_DB_1139,"Lavalette, NJ",39.969474,-74.07188,7.5,place_fuzzy,Lavallette borough,US,NJ
NICAP,NICAP_DB_1140,"Andrews AFB, MD",,,,unresolved,,US,MD
NICAP,NICAP_DB_1143,"Herndon, VA",38.970412,-77.387073,5.0,place_exact,Herndon town,US,VA
NICAP,NICAP_DB_1145,"Baltimore, MD",39.300032,-76.610476,9.652848215250598,place_exact,Baltimore city,US,MD
NICAP,NICAP_DB_1146,"Dobbins (Turner AFB), GA",,,,unresolved,,US,GA
NICAP,NICAP_DB_1147,"Wiesbaden, West Germany",50.08601,8.24435,16.995587662684688,geonames_exact,Wiesbaden,DE,
NICAP,NICAP_DB_1148,"San Marcos AFB, TX",29.873187,-97.936139,15.0,place_exact_basename,San Marcos city,US,TX
NICAP,NICAP_DB_1149,"Randolph AFB, TX",,,,unresolved,,US,TX
NICAP,NICAP_DB_1150,"Holyoke, MA",42.211658,-72.642448,5.0,place_exact,Holyoke city,US,MA
NICAP,NICAP_DB_1151,"Dobbins (Turner AFB), GA",,,,unresolved,,US,GA
NICAP,NICAP_DB_1152,"Beluga Lake, AK",,,,unresolved,,US,AK
NICAP,NICAP_DB_1153,"Rockville, IN",39.766458,-87.229465,5.0,place_exact,Rockville town,US,IN
NICAP,NICAP_DB_1154,"Uvalde, TX",29.215184,-99.777215,5.0,place_exact,Uvalde city,US,TX
NICAP,NICAP_DB_1155,"Maxwell, TX",,,,unresolved,,US,TX
NICAP,NICAP_DB_1156,"Los Alamos, NM",35.893959,-106.290025,5.0,place_exact,Los Alamos CDP,US,NM
NICAP,NICAP_DB_1157,"Boston (near Braintree between Provincetown and), MA",42.338551,-71.018253,7.459579344708387,place_exact,Boston city,US,MA
NICAP,NICAP_DB_1159,"Brookley AFB (Mobile), AL",,,,unresolved,,US,AL
NICAP,NICAP_DB_1160,"Peterson Field (12 miles E of ), CO",,,,unresolved,,US,CO
NICAP,NICAP_DB_1161,"New Smryna (near), FL",,,,unresolved,,US,FL
NICAP,NICAP_DB_1162,"Stafford, VA",38.42207,-77.40832,5.0,geonames_exact,Stafford,US,VA
NICAP,NICAP_DB_1163,"Long Beach, CA",33.780791,-118.16818,7.640413252348767,place_exact,Long Beach city,US,CA
NICAP,NICAP_DB_1164,"Culver City, CA",34.00582,-118.396781,5.0,place_exact,Culver City city,US,CA
NICAP,NICAP_DB_1165,"Washington, DC",38.904247,-77.016517,8.388249029313434,place_exact,Washington city,US,DC
NICAP,NICAP_DB_1166,"Alexandria, VA",38.819251,-77.08367,5.0,place_exact,Alexandria city,US,VA
NICAP,NICAP_DB_1167,"Boston, MA",42.338551,-71.018253,7.459579344708387,place_exact,Boston city,US,MA
NICAP,NICAP_DB_1168,"Jamestown, RI",41.49705,-71.36728,5.0,geonames_exact,Jamestown,US,RI
NICAP,NICAP_DB_1169,"Jamestown, RI",41.49705,-71.36728,5.0,geonames_exact,Jamestown,US,RI
NICAP,NICAP_DB_1170,"Misawa AFB (E of ), Japan",40.68682,141.38969,6.542553018508906,geonames_exact,Misawa,JP,
NICAP,NICAP_DB_1171,"Pottstown, PA",40.250924,-75.644754,5.0,place_exact,Pottstown borough,US,PA
NICAP,NICAP_DB_1172,"Altoona, PA",40.508052,-78.401114,5.0,place_exact,Altoona city,US,PA
NICAP,NICAP_DB_1173,"Trenton, NJ",40.223841,-74.763624,5.0,place_exact,Trenton city,US,NJ
NICAP,NICAP_DB_1175,"Santa Cruz, CA",36.974385,-122.035268,5.0,place_exact,Santa Cruz city,US,CA
NICAP,NICAP_DB_1176,"Springfield, OH",39.928182,-83.800885,5.467399178565415,place_exact,Springfield city,US,OH
NICAP,NICAP_DB_1177,"South Bend, IN",41.676643,-86.268809,6.951156194795542,place_exact,South Bend city,US,IN
NICAP,NICAP_DB_1178,"Nahant, MA",42.41824,-70.932728,5.0,place_exact,Nahant CDP,US,MA
NICAP,NICAP_DB_1179,"Braintree, MA",42.20384,-71.00215,6.1071269841063565,geonames_exact,Braintree,US,MA
NICAP,NICAP_DB_1180,"Lockbourne AFB, OH",39.8089,-82.987294,15.0,place_exact_basename,Lockbourne village,US,OH
NICAP,NICAP_DB_1181,"Lockbourne AFB, OH",39.8089,-82.987294,15.0,place_exact_basename,Lockbourne village,US,OH
NICAP,NICAP_DB_1182,"MacDill AFB, FL",27.843904121,-82.500593526,10.0,dod_site,MacDill Air Force Base,US,FL
NICAP,NICAP_DB_1183,"Carson Sink, NV",,,,unresolved,,US,NV
NICAP,NICAP_DB_1184,"Clovis (Clovis AFB), NM",34.438569,-103.194194,5.214826597735005,place_exact,Clovis city,US,NM
NICAP,NICAP_DB_1185,"Travis AFB, CA",38.2645644090001,-121.942808932,10.0,dod_site,Travis Air Force Base,US,CA
NICAP,NICAP_DB_1186,"Elmendorf AFB, Anchorage, AK",,,,unresolved,,US,AK
NICAP,NICAP_DB_1187,"MacDill AFB, FL",27.843904121,-82.500593526,10.0,dod_site,MacDill Air Force Base,US,FL
NICAP,NICAP_DB_1188,"Osceola, WI",45.319283,-92.695892,5.0,place_exact,Osceola village,US,WI
NICAP,NICAP_DB_1189,"Manassas, VA",38.746808,-77.482633,5.0,place_exact,Manassas city,US,VA
NICAP,NICAP_DB_1190,"Wilmington, DE",39.735651,-75.532104,5.0,place_exact,Wilmington city,US,DE
NICAP,NICAP_DB_1191,"Hampton (and between Newport News and Langley AFB), VA",37.047961,-76.297293,7.696539337765888,place_exact,Hampton city,US,VA
NICAP,NICAP_DB_1192,"Kansas City, MO",39.122361,-94.555117,19.032852813549056,place_exact,Kansas City city,US,MO
NICAP,NICAP_DB_1193,"Kirtland AFB, Albuquerque, NM",,,,unresolved,,US,NM
NICAP,NICAP_DB_1194,"Williams, CA",39.149768,-122.138948,5.0,place_exact,Williams city,US,CA
NICAP,NICAP_DB_1195,"Langley AFB, CA",,,,unresolved,,US,CA
NICAP,NICAP_DB_1196,"Washington - Andrews AFB, D.C.",,,,unresolved,,US,DC
NICAP,NICAP_DB_1198,"Plainview, TX",34.191119,-101.723501,5.0,place_exact,Plainview city,US,TX
NICAP,NICAP_DB_1199,"New York City (Atlantic 200 miles S of), NY",40.71427,-74.00597,40.0,geonames_exact,New York City,US,NY
NICAP,NICAP_DB_1200,"Florence, SC",34.17791,-79.790104,5.1581608264100405,place_exact,Florence city,US,SC
NICAP,NICAP_DB_1201,"Belleville, IL",38.515973,-89.989779,5.170168447717906,place_exact,Belleville city,US,IL
NICAP,NICAP_DB_1202,"Wilmington, DE",39.735651,-75.532104,5.0,place_exact,Wilmington city,US,DE
NICAP,NICAP_DB_1203,"Wilmington, DE",39.735651,-75.532104,5.0,place_exact,Wilmington city,US,DE
NICAP,NICAP_DB_1204,"Columbus (10 miles SSW of), OH",39.985531,-82.985594,15.914945428747155,place_exact,Columbus city,US,OH
NICAP,NICAP_DB_1205,"Selfridge AFB, MI",,,,unresolved,,US,MI
NICAP,NICAP_DB_1206,"Ann Arbor, MI",42.276147,-83.73086,5.697464426294286,place_exact,Ann Arbor city,US,MI
NICAP,NICAP_DB_1207,"Washington, DC",38.904247,-77.016517,8.388249029313434,place_exact,Washington city,US,DC
NICAP,NICAP_DB_1208,"Witchita Falls, TX",33.906654,-98.525848,13.656722740101301,place_fuzzy,Wichita Falls city,US,TX
NICAP,NICAP_DB_1209,"Manhattan Beach, CA",33.90087,-118.420715,5.0,place_exact,Manhattan Beach city,US,CA
NICAP,NICAP_DB_1210,"Washington (The Pentagon), DC",38.904247,-77.016517,8.388249029313434,place_exact,Washington city,US,DC
NICAP,NICAP_DB_1211,"Hallock, MN",48.765415,-96.942485,5.0,place_exact,Hallock city,US,MN
NICAP,NICAP_DB_1212,"Port Huron (20 miles W of), MI",42.993766,-82.433743,5.0,place_exact,Port Huron city,US,MI
NICAP,NICAP_DB_1213,"Heidelberg, West Germany",49.40768,8.69079,11.972677227754868,geonames_exact,Heidelberg,DE,
NICAP,NICAP_DB_1214,"McGuire AFB, NJ",,,,unresolved,,US,NJ
NICAP,NICAP_DB_1215,"McChord AFB, WA",,,,unresolved,,US,WA
NICAP,NICAP_DB_1216,"Baltimore, MD",39.300032,-76.610476,9.652848215250598,place_exact,Baltimore city,US,MD
NICAP,NICAP_DB_1217,"Central Michigan, MI",,,,unresolved,,US,MI
NICAP,NICAP_DB_1218,"Central Michigan, MI",,,,unresolved,,US,MI
NICAP,NICAP_DB_1219,"Osceola, WI",45.319283,-92.695892,5.0,place_exact,Osceola village,US,WI
NICAP,NICAP_DB_1221,"Los Alamos, NM",35.893959,-106.290025,5.0,place_exact,Los Alamos CDP,US,NM
NICAP,NICAP_DB_1222,"Langley AFB, VA",,,,unresolved,,US,VA
NICAP,NICAP_DB_1223,"Walker AFB, Roswell, NM",,,,unresolved,,US,NM
NICAP,NICAP_DB_1224,"Los Alamos, NM",35.893959,-106.290025,5.0,place_exact,Los Alamos CDP,US,NM
NICAP,NICAP_DB_1225,"Merced, CA",37.305712,-120.477905,5.173785590197311,place_exact,Merced city,US,CA
NICAP,NICAP_DB_1226,"Washington, DC",38.904247,-77.016517,8.388249029313434,place_exact,Washington city,US,DC
NICAP,NICAP_DB_1227,"Port Huron, MI",42.993766,-82.433743,5.0,place_exact,Port Huron city,US,MI
NICAP,NICAP_DB_1228,"Miami, FL",25.775163,-80.208615,6.4369903595460585,place_exact,Miami city,US,FL
NICAP,NICAP_DB_1229,"Witchita, KS",37.690638,-97.345836,20.483054215619312,place_fuzzy,Wichita city,US,KS
NICAP,NICAP_DB_1230,"Albuquerque, NM",35.10478,-106.646809,14.682227578493212,place_exact,Albuquerque city,US,NM
NICAP,NICAP_DB_1231,"Ennis, MT",45.346119,-111.731302,5.0,place_exact,Ennis town,US,MT
NICAP,NICAP_DB_1232,"Atlanta, GA",33.762909,-84.422675,12.480315594300222,place_exact,Atlanta city,US,GA
NICAP,NICAP_DB_1233,"Albuquerque, NM",35.10478,-106.646809,14.682227578493212,place_exact,Albuquerque city,US,NM
NICAP,NICAP_DB_1234,"Keesler AFB, MS",30.40888346,-88.924669922,10.0,dod_site,Keesler AFB,US,MS
NICAP,NICAP_DB_1235,"San Antonio, TX",29.463408,-98.524287,23.962933858589,place_exact,San Antonio city,US,TX
NICAP,NICAP_DB_1236,"Holloman AFB, Alamogordo, NM",,,,unresolved,,US,NM
NICAP,NICAP_DB_1237,"Yokota AFB (15 miles E of), Japan",35.75,139.38333,8.33966426182733,geonames_exact,Yokota,JP,
NICAP,NICAP_DB_1238,"Washington County (Skylight Mtn.), AR",,,,unresolved,,US,AR
NICAP,NICAP_DB_1239,"Yaak (near), MT",48.829879,-115.686413,5.661575242123187,place_exact,Yaak CDP,US,MT
NICAP,NICAP_DB_1240,"Falls Church, VA",38.884722,-77.175603,5.0,place_exact,Falls Church city,US,VA
NICAP,NICAP_DB_1241,"Troy (near), OH",40.043891,-84.21953,5.0,place_exact,Troy city,US,OH
NICAP,NICAP_DB_1242,"Sharonville, OH",39.280586,-84.407514,5.0,place_exact,Sharonville city,US,OH
NICAP,NICAP_DB_1243,"Albuquerque, NM",35.10478,-106.646809,14.682227578493212,place_exact,Albuquerque city,US,NM
NICAP,NICAP_DB_1244,"Lancaster, CA",34.693558,-118.175305,10.417083063677449,place_exact,Lancaster city,US,CA
NICAP,NICAP_DB_1245,"Dayton (WPAFB), OH",39.784743,-84.199632,8.014899098276631,place_exact,Dayton city,US,OH
NICAP,NICAP_DB_1246,"Bellefontaine, OH",40.362716,-83.762991,5.0,place_exact,Bellefontaine city,US,OH
NICAP,NICAP_DB_1247,"Vincennes, IN",38.676102,-87.511119,5.0,place_exact,Vincennes city,US,IN
NICAP,NICAP_DB_1248,"Lake Charles, LA",30.200602,-93.210843,7.248971513256208,place_exact,Lake Charles city,US,LA
NICAP,NICAP_DB_1249,"Lubbock, TX",33.566831,-101.887847,12.447654486778712,place_exact,Lubbock city,US,TX
NICAP,NICAP_DB_1250,"Houlton, ME",46.121447,-67.83221,5.0,place_exact,Houlton CDP,US,ME
NICAP,NICAP_DB_1251,"Truth or Consequences, NM",33.23764,-107.276237,5.67682986651294,place_exact,Truth or Consequences city,US,NM
NICAP,NICAP_DB_1252,"Hamilton AFB, CA",,,,unresolved,,US,CA
NICAP,NICAP_DB_1253,"Phoenix, AZ",33.572154,-112.090132,24.418586909701933,place_exact,Phoenix city,US,AZ
NICAP,NICAP_DB_1254,"Mount Vernon, NY",40.913105,-73.829317,5.0,place_exact,Mount Vernon city,US,NY
NICAP,NICAP_DB_1255,"Baltimore, MD",39.300032,-76.610476,9.652848215250598,place_exact,Baltimore city,US,MD
NICAP,NICAP_DB_1256,"Huacho (between Lima and), Peru",-11.11718,-77.60584,7.385458685823108,geonames_exact,Huacho,PE,
NICAP,NICAP_DB_1257,"Haneda AFB, Japan",35.54913,139.7456,5.0,geonames_exact,Haneda,JP,
NICAP,NICAP_DB_1258,"Haneda AFB, Japan",35.54913,139.7456,5.0,geonames_exact,Haneda,JP,
NICAP,NICAP_DB_1259,"Washington, D.C.",38.904247,-77.016517,8.388249029313434,place_exact,Washington city,US,DC
NICAP,NICAP_DB_1260,"Andrews AFB, MD",,,,unresolved,,US,MD
NICAP,NICAP_DB_1261,"Tokyo, Japan",35.6895,139.69171,40.0,geonames_exact,Tokyo,JP,
NICAP,NICAP_DB_1262,"Belleville, MI",42.201917,-83.482812,5.0,place_exact,Belleville city,US,MI
NICAP,NICAP_DB_1263,"Port Austin, MI",44.042552,-82.995086,5.0,place_exact,Port Austin village,US,MI
NICAP,NICAP_DB_1264,"Port Lyautey, Fr. Morocco",,,,unresolved,,MA,
NICAP,NICAP_DB_1265,"Kerkrade, Holland",50.86583,6.0625,7.055281709471281,geonames_exact,Kerkrade,NL,
NICAP,NICAP_DB_1266,"San Antonio, TX",29.463408,-98.524287,23.962933858589,place_exact,San Antonio city,US,TX
NICAP,NICAP_DB_1267,"Warren AFB, WY",,,,unresolved,,US,WY
NICAP,NICAP_DB_1268,"Pohang (K-3 area E of), Korea",36.02917,129.36481,22.181997204940767,geonames_exact,Pohang,KR,
NICAP,NICAP_DB_1270,"Lake Charles AFB, LA",30.200602,-93.210843,15.0,place_exact_basename,Lake Charles city,US,LA
NICAP,NICAP_DB_1271,"In airspace over, Japan",,,,unresolved,,JP,
NICAP,NICAP_DB_1272,"Hampton, VA",37.047961,-76.297293,7.696539337765888,place_exact,Hampton city,US,VA
NICAP,NICAP_DB_1273,"Rockford, IL",42.2593,-89.063478,8.619539766007103,place_exact,Rockford city,US,IL
NICAP,NICAP_DB_1274,"Cape May (near), NJ",38.941147,-74.898372,5.0,place_exact,Cape May city,US,NJ
NICAP,NICAP_DB_1275,"Big Spring, TX",32.238341,-101.485739,5.0,place_exact,Big Spring city,US,TX
NICAP,NICAP_DB_1276,"Wink (70 miles W of), TX",31.754497,-103.154117,5.0,place_exact,Wink city,US,TX
NICAP,NICAP_DB_1277,"Tokyo, Japan",35.6895,139.69171,40.0,geonames_exact,Tokyo,JP,
NICAP,NICAP_DB_1278,"Dallas, TX",32.793333,-96.766513,19.771028658676872,place_exact,Dallas city,US,TX
NICAP,NICAP_DB_1279,"Tucson, AZ",32.153036,-110.870773,16.65558603658911,place_exact,Tucson city,US,AZ
NICAP,NICAP_DB_1280,"Washington, D.C.",38.904247,-77.016517,8.388249029313434,place_exact,Washington city,US,DC
NICAP,NICAP_DB_1281,"Athens, GA",33.96095,-83.37794,11.283394879201916,geonames_exact,Athens,US,GA
NICAP,NICAP_DB_1282,"Abilene, TX",32.454514,-99.738147,11.080925432672329,place_exact,Abilene city,US,TX
NICAP,NICAP_DB_1283,"Duncanville, TX",32.64595,-96.91387,5.0,place_exact,Duncanville city,US,TX
NICAP,NICAP_DB_1284,"Fairfield, CA",38.26206,-122.032386,6.919196870543093,place_exact,Fairfield city,US,CA
NICAP,NICAP_DB_1285,"West Palm Beach (near), FL",26.745114,-80.127038,7.87089307371011,place_exact,West Palm Beach city,US,FL
NICAP,NICAP_DB_1286,"Boron, CA",35.01978,-117.665938,5.0,place_exact,Boron CDP,US,CA
NICAP,NICAP_DB_1287,"Red Bluff, CA",40.173515,-122.241525,5.0,place_exact,Red Bluff city,US,CA
NICAP,NICAP_DB_1288,"Neffesville, PA",,,,unresolved,,US,PA
NICAP,NICAP_DB_1289,"Congaree AFB, SC",,,,unresolved,,US,SC
NICAP,NICAP_DB_1290,"Dayton (WPAFB), OH",39.784743,-84.199632,8.014899098276631,place_exact,Dayton city,US,OH
NICAP,NICAP_DB_1291,"Dallas, TX",32.793333,-96.766513,19.771028658676872,place_exact,Dallas city,US,TX
NICAP,NICAP_DB_1292,"Ontario, CA",34.037648,-117.604433,7.584345221866187,place_exact,Ontario city,US,CA
NICAP,NICAP_DB_1293,"Elgin, IL",42.038963,-88.325671,6.616092905433941,place_exact,Elgin city,US,IL
NICAP,NICAP_DB_1294,"Sinuiju, North Korea",,,,unresolved,,KR,
NICAP,NICAP_DB_1295,"Akron, OH",41.080456,-81.521429,8.443410737900228,place_exact,Akron city,US,OH
NICAP,NICAP_DB_1296,"Hermanas, NM",,,,unresolved,,US,NM
NICAP,NICAP_DB_1297,"Tucson, AZ",32.153036,-110.870773,16.65558603658911,place_exact,Tucson city,US,AZ
NICAP,NICAP_DB_1298,"Leveland, TX",30.338215,-95.090283,7.5,place_fuzzy,Cleveland city,US,TX
NICAP,NICAP_DB_1299,"Frontenac-Pittsburg, KS",,,,unresolved,,US,KS
NICAP,NICAP_DB_1300,"Delaware, OH",40.286476,-83.074864,5.0,place_exact,Delaware city,US,OH
NICAP,NICAP_DB_1301,"Holloman AFB, NM",32.918017352,-106.133633242,10.0,dod_site,Holloman Air Force Base,US,NM
NICAP,NICAP_DB_1302,"Lathrop Wells, NV",,,,unresolved,,US,NV
NICAP,NICAP_DB_1303,"Biloxi, MS",30.426663,-88.935762,7.030220543403236,place_exact,Biloxi city,US,MS
NICAP,NICAP_DB_1304,"Veracruz, Mexico",19.18095,-96.1429,20.69596579046264,geonames_exact,Veracruz,MX,
NICAP,NICAP_DB_1305,"Pittsburg, KS",37.412576,-94.69834,5.0,place_exact,Pittsburg city,US,KS
NICAP,NICAP_DB_1306,"Brookley AFB, Mobile, AL",,,,unresolved,,US,AL
NICAP,NICAP_DB_1308,"LeRoy, NY",42.978006,-77.990874,7.5,place_fuzzy,Le Roy village,US,NY
NICAP,NICAP_DB_1309,"Atlanta, GA",33.762909,-84.422675,12.480315594300222,place_exact,Atlanta city,US,GA
NICAP,NICAP_DB_1310,"Villacoublay, France",,,,unresolved,,FR,
NICAP,NICAP_DB_1311,"Colorado Springs, CO",38.867255,-104.760749,14.997511808444907,place_exact,Colorado Springs city,US,CO
NICAP,NICAP_DB_1312,"Thule (West of), Greenland",,,,unresolved,,GL,
NICAP,NICAP_DB_1313,"Santa Monica, CA",34.010911,-118.498245,5.0,place_exact,Santa Monica city,US,CA
NICAP,NICAP_DB_1314,"NY to Puerto Rico, In Airspace",,,,unresolved,,US,
NICAP,NICAP_DB_1315,"Albuquerque, NM",35.10478,-106.646809,14.682227578493212,place_exact,Albuquerque city,US,NM
NICAP,NICAP_DB_1316,"Atlanta, GA",33.762909,-84.422675,12.480315594300222,place_exact,Atlanta city,US,GA
NICAP,NICAP_DB_1317,"Marietta, GA",33.953561,-84.542463,5.193646588755235,place_exact,Marietta city,US,GA
NICAP,NICAP_DB_1318,"Marietta, GA",33.953561,-84.542463,5.193646588755235,place_exact,Marietta city,US,GA
NICAP,NICAP_DB_1319,"Yaak, MT",48.829879,-115.686413,5.661575242123187,place_exact,Yaak CDP,US,MT
NICAP,NICAP_DB_1320,"Tokyo, Japan",35.6895,139.69171,40.0,geonames_exact,Tokyo,JP,
NICAP,NICAP_DB_1321,"Chicago, IL",41.837045,-87.684939,16.190785623653692,place_exact,Chicago city,US,IL
NICAP,NICAP_DB_1322,"Tucson, AZ",32.153036,-110.870773,16.65558603658911,place_exact,Tucson city,US,AZ
NICAP,NICAP_DB_1323,"Lake Charles AFB, LA",30.200602,-93.210843,15.0,place_exact_basename,Lake Charles city,US,LA
NICAP,NICAP_DB_1324,"Tucson, AZ",32.153036,-110.870773,16.65558603658911,place_exact,Tucson city,US,AZ
NICAP,NICAP_DB_1325,"San Antonio, TX",29.463408,-98.524287,23.962933858589,place_exact,San Antonio city,US,TX
NICAP,NICAP_DB_1326,"San Antonio, TX",29.463408,-98.524287,23.962933858589,place_exact,San Antonio city,US,TX
NICAP,NICAP_DB_1327,"Portland, OR",45.536951,-122.649971,12.39414584031958,place_exact,Portland city,US,OR
NICAP,NICAP_DB_1328,"Rabat, Fr. Morocco",34.01325,-6.83255,40.0,geonames_exact,Rabat,MA,
NICAP,NICAP_DB_1329,"Allen, MD",38.288387,-75.693051,5.0,place_exact,Allen CDP,US,MD
NICAP,NICAP_DB_1330,"Allentown, PA",40.593648,-75.478393,5.0,place_exact,Allentown city,US,PA
NICAP,NICAP_DB_1331,"Santa Barbara, CA",34.400601,-119.712955,5.0,place_exact,Santa Barbara city,US,CA
NICAP,NICAP_DB_1332,"Operation Mainbrace, At Sea",,,,unresolved,,US,
NICAP,NICAP_DB_1333,"White Lake, SD",43.72828,-98.71202,5.0,place_exact,White Lake city,US,SD
NICAP,NICAP_DB_1334,"El Paso, TX",31.84778,-106.431106,17.247067538183604,place_exact,El Paso city,US,TX
NICAP,NICAP_DB_1335,"Olmsted AFB, PA",,,,unresolved,,US,PA
NICAP,NICAP_DB_1336,"Ciudad Jaurez, Mexico",31.72024,-106.46084,58.335345203401346,geonames_fuzzy,Ciudad Juárez,MX,
NICAP,NICAP_DB_1337,"Portland, ME",43.633157,-70.185305,5.0,place_exact,Portland city,US,ME
NICAP,NICAP_DB_1338,"Belle Glade, FL",26.692215,-80.665559,5.0,place_exact,Belle Glade city,US,FL
NICAP,NICAP_DB_1339,"Warner Robins AFB, GA",32.597096,-83.653936,15.0,place_exact_basename,Warner Robins city,US,GA
NICAP,NICAP_DB_1340,"Tucson, AZ",32.153036,-110.870773,16.65558603658911,place_exact,Tucson city,US,AZ
NICAP,NICAP_DB_1341,"Operation Mainbrace, At Sea",,,,unresolved,,US,
NICAP,NICAP_DB_1343,"Yorkshire (Topcliffe RAF Station), UK",,,,unresolved,,GB,
NICAP,NICAP_DB_1344,"North Sea (Operation Mainbrace), At Sea",,,,unresolved,,US,
NICAP,NICAP_DB_1345,"Fairfax County, VA",,,,unresolved,,US,VA
NICAP,NICAP_DB_1346,"Gander Lake, CAN",,,,unresolved,,US,
NICAP,NICAP_DB_1347,"Charleston, WV",38.348692,-81.632324,6.021695848254783,place_exact,Charleston city,US,WV
NICAP,NICAP_DB_1348,"Guantanamo Bay, Cuba",,,,unresolved,,CU,
NICAP,NICAP_DB_1349,"Azores Islands (400 miles NNW of), At Sea",,,,unresolved,,US,
NICAP,NICAP_DB_1350,"Hempstead, TX",30.100601,-96.07773,5.0,place_exact,Hempstead city,US,TX
NICAP,NICAP_DB_1351,"Inyokern, CA",35.654387,-117.819476,5.0,place_exact,Inyokern CDP,US,CA
NICAP,NICAP_DB_1352,"Tsushima Island, Japan",,,,unresolved,,JP,
NICAP,NICAP_DB_1353,"Goose Bay AFB, Labrador, CAN",,,,unresolved,,US,
NICAP,NICAP_DB_1354,"Rochester, England, UK",,,,unresolved,,GB,
NICAP,NICAP_DB_1355,"Aurora, CO",39.703633,-104.720088,13.576679941068884,place_exact,Aurora city,US,CO
NICAP,NICAP_DB_1356,"Denver, CO",39.76185,-104.881105,13.274259669668128,place_exact,Denver city,US,CO
NICAP,NICAP_DB_1357,"Edwards AFB, CA",34.890359963,-117.848869349,10.0,dod_site,Edwards Air Force Base,US,CA
NICAP,NICAP_DB_1358,"Southern Pines, NC",35.190383,-79.395864,5.0,place_exact,Southern Pines town,US,NC
NICAP,NICAP_DB_1359,"Shaw AFB, SC",33.9771011820001,-80.474101102,10.0,dod_site,Shaw Air Force Base,US,SC
NICAP,NICAP_DB_1360,"Pascagoula, MS",30.360067,-88.556327,5.0,place_exact,Pascagoula city,US,MS
NICAP,NICAP_DB_1361,"Alamogordo, NM",32.883616,-105.96361,5.0,place_exact,Alamogordo city,US,NM
NICAP,NICAP_DB_1362,"Otis AFB, MA",42.19315,-73.09177,5.0,geonames_exact,Otis,US,MA
NICAP,NICAP_DB_1363,"Newport News, VA",37.076136,-76.52198,8.911402283965563,place_exact,Newport News city,US,VA
NICAP,NICAP_DB_1364,"Palo Alto, CA",37.39652,-122.143088,5.266608860442257,place_exact,Palo Alto city,US,CA
NICAP,NICAP_DB_1365,"Oshima, Japan",36.98711,136.77249,5.0,geonames_exact,Oshima,JP,
NICAP,NICAP_DB_1366,"Ashiya, Japan",34.72807,135.30264,9.691336337162177,geonames_exact,Ashiya,JP,
NICAP,NICAP_DB_1367,"Taos, NM",36.387106,-105.580351,5.0,place_exact,Taos town,US,NM
NICAP,NICAP_DB_1368,"Killeen, TX",31.075273,-97.731617,7.945877337756144,place_exact,Killeen city,US,TX
NICAP,NICAP_DB_1369,"Tierra Amarilla AFS, NM",36.705901,-106.565132,7.5,place_fuzzy,Tierra Amarilla CDP,US,NM
NICAP,NICAP_DB_1370,"Hawaii (500 miles S of), At Sea",,,,unresolved,,US,
NICAP,NICAP_DB_1371,"San Antonio, TX",29.463408,-98.524287,23.962933858589,place_exact,San Antonio city,US,TX
NICAP,NICAP_DB_1372,"Momence, IL",41.163576,-87.663504,5.0,place_exact,Momence city,US,IL
NICAP,NICAP_DB_1373,"Nr. Gloucestershire, England",,,,unresolved,,GB,
NICAP,NICAP_DB_1374,"Knoxville, TN",35.97068,-83.94927,10.660167978664001,place_exact,Knoxville city,US,TN
NICAP,NICAP_DB_1375,"Elberton, AL",,,,unresolved,,US,AL
NICAP,NICAP_DB_1376,"Gaillac, France",43.9016,1.89686,5.0,geonames_exact,Gaillac,FR,
NICAP,NICAP_DB_1377,"Erding Air Depot, West Germany",,,,unresolved,,DE,
NICAP,NICAP_DB_1378,"Hempstead, Long Island, NY",,,,unresolved,,US,NY
NICAP,NICAP_DB_1379,"Richmond (near), VA",37.531399,-77.476009,8.30542170980967,place_exact,Richmond city,US,VA
NICAP,NICAP_DB_1380,"Fayetteville, GA",33.449099,-84.472824,5.0,place_exact,Fayetteville city,US,GA
NICAP,NICAP_DB_1382,"Laredo AFB, TX",27.561661,-99.488203,15.0,place_exact_basename,Laredo city,US,TX
NICAP,NICAP_DB_1383,"Columbia (Congaree AFB), SC",34.040519,-80.906099,12.547754309924235,place_exact,Columbia city,US,SC
NICAP,NICAP_DB_1384,"West Hokkaido, Japan",,,,unresolved,,JP,
NICAP,NICAP_DB_1385,"Caribou, ME",46.836549,-67.936056,9.55364933182894,place_exact,Caribou city,US,ME
NICAP,NICAP_DB_1386,"Vineland, NJ",39.465007,-74.997115,8.872881881828976,place_exact,Vineland city,US,NJ
NICAP,NICAP_DB_1387,"Tierra Amarilla AFS, NM",36.705901,-106.565132,7.5,place_fuzzy,Tierra Amarilla CDP,US,NM
NICAP,NICAP_DB_1388,"Los Alamos, NM",35.893959,-106.290025,5.0,place_exact,Los Alamos CDP,US,NM
NICAP,NICAP_DB_1389,"Opheim, MT",48.857055,-106.40836,5.0,place_exact,Opheim town,US,MT
NICAP,NICAP_DB_1390,"Glasgow, MT",48.199027,-106.632077,5.0,place_exact,Glasgow city,US,MT
NICAP,NICAP_DB_1391,"Pyongyang (near), North Korea",,,,unresolved,,KR,
NICAP,NICAP_DB_1392,"Wichita, TX",,,,unresolved,,US,TX
NICAP,NICAP_DB_1393,"Wichita, KS",37.690638,-97.345836,13.65536947707954,place_exact,Wichita city,US,KS
NICAP,NICAP_DB_1394,"Landrum (near), SC",35.175093,-82.185727,5.0,place_exact,Landrum city,US,SC
NICAP,NICAP_DB_1395,"Salton Sea, CA",,,,unresolved,,US,CA
NICAP,NICAP_DB_1396,"Carribean Sea, At Sea",,,,unresolved,,US,
NICAP,NICAP_DB_1397,"Annandale, VA",38.832801,-77.196229,5.0,place_exact,Annandale CDP,US,VA
NICAP,NICAP_DB_1398,"White Sands, NM",32.38044,-106.479113,5.0,place_exact,White Sands CDP,US,NM
NICAP,NICAP_DB_1399,"Panama Canal, Panama",,,,unresolved,,PA,
NICAP,NICAP_DB_1400,"Goose Bay AFB, Labrador, CAN",,,,unresolved,,US,
NICAP,NICAP_DB_1401,"Albuquerque, NV",,,,unresolved,,US,NV
NICAP,NICAP_DB_1402,"Washington National Airport, D.C.",,,,unresolved,,US,DC
NICAP,NICAP_DB_1403,"Colorado Springs, CO",38.867255,-104.760749,14.997511808444907,place_exact,Colorado Springs city,US,CO
NICAP,NICAP_DB_1404,"Congaree AFB, SC",,,,unresolved,,US,SC
NICAP,NICAP_DB_1405,"Laredo (8 miles SW of), TX",27.561661,-99.488203,11.071682879209364,place_exact,Laredo city,US,TX
NICAP,NICAP_DB_1406,"Lackland AFB, TX",,,,unresolved,,US,TX
NICAP,NICAP_DB_1407,"Angoon, AK",57.441257,-134.478357,5.3142345116154255,place_exact,Angoon city,US,AK
NICAP,NICAP_DB_1408,"Gulf of Mexico (89 miles S of Louisiana), At Sea",,,,unresolved,,US,
NICAP,NICAP_DB_1409,"Gulf of Mexico (89 miles S of Louisiana), At Sea",,,,unresolved,,US,
NICAP,NICAP_DB_1410,"Chicago, IL",41.837045,-87.684939,16.190785623653692,place_exact,Chicago city,US,IL
NICAP,NICAP_DB_1411,"Ladd AFB, AK",,,,unresolved,,US,AK
NICAP,NICAP_DB_1412,"Madison, WI",43.087815,-89.429856,9.570485997180196,place_exact,Madison city,US,WI
NICAP,NICAP_DB_1413,"Pope AFB, SC",,,,unresolved,,US,SC
NICAP,NICAP_DB_1414,"Hungnam, Korea",,,,unresolved,,KR,
NICAP,NICAP_DB_1415,"Odessa, WA",47.332599,-118.689445,5.0,place_exact,Odessa town,US,WA
NICAP,NICAP_DB_1416,"Hanford AEC Plant, WA",,,,unresolved,,US,WA
NICAP,NICAP_DB_1417,"Hanford AEC Plant, WA",,,,unresolved,,US,WA
NICAP,NICAP_DB_1418,"Charlottesville, VA",38.037658,-78.485381,5.0,place_exact,Charlottesville city,US,VA
NICAP,NICAP_DB_1419,"Goose Bay AFB, Labrador, CAN",,,,unresolved,,US,
NICAP,NICAP_DB_1420,"Honshu, Japan",,,,unresolved,,JP,
NICAP,NICAP_DB_1421,"Greensboro, NC",36.095148,-79.826996,12.213322034201468,place_exact,Greensboro city,US,NC
NICAP,NICAP_DB_1422,"San Diego, CA",32.814977,-117.135562,19.368204712305623,place_exact,San Diego city,US,CA
NICAP,NICAP_DB_1423,"Itazuke AFB, Japan",,,,unresolved,,JP,
NICAP,NICAP_DB_1424,"Oakridge, TN",35.966483,-84.290549,14.859189076123904,place_fuzzy,Oak Ridge city,US,TN
NICAP,NICAP_DB_1425,"Anderson AFB, Guam",13.596922954,144.8981435,10.0,dod_site,Andersen Air Force Base,US,GU
NICAP,NICAP_DB_1426,"Moses Lake (Larson AFB), WA",47.12785,-119.276384,5.0,place_exact,Moses Lake city,US,WA
NICAP,NICAP_DB_1427,"Camp Carson, CO",,,,unresolved,,US,CO
NICAP,NICAP_DB_1428,"Dallas (near), TX",32.793333,-96.766513,19.771028658676872,place_exact,Dallas city,US,TX
NICAP,NICAP_DB_1429,"Borger, TX",35.659435,-101.40236,5.0,place_exact,Borger city,US,TX
NICAP,NICAP_DB_1430,"Marysville, CA",39.151535,-121.583374,5.0,place_exact,Marysville city,US,CA
NICAP,NICAP_DB_1431,"Chitose AFB, Japan",42.81944,141.65222,9.896969233053117,geonames_exact,Chitose,JP,
NICAP,NICAP_DB_1433,"Amarillo (About 35 miles W of), TX",35.198921,-101.831647,10.851844881555087,place_exact,Amarillo city,US,TX
NICAP,NICAP_DB_1434,"Chitose AFB, Misawa, Japan",,,,unresolved,,JP,
NICAP,NICAP_DB_1435,"Chitose AFB, Japan",42.81944,141.65222,9.896969233053117,geonames_exact,Chitose,JP,
NICAP,NICAP_DB_1436,"Terrigal, New South Wales, AU",,,,unresolved,,US,
NICAP,NICAP_DB_1437,"Ramey AFB (NE of), Puerto Rico",,,,unresolved,,US,PR
NICAP,NICAP_DB_1438,"Goose Bay AFB, Labrador, CAN",,,,unresolved,,US,
NICAP,NICAP_DB_1439,"Location: Confidential, unknown",,,,unresolved,,US,
NICAP,NICAP_DB_1440,"Salisbury Plain, UK",,,,unresolved,,GB,
NICAP,NICAP_DB_1441,"Yaak, MT",48.829879,-115.686413,5.661575242123187,place_exact,Yaak CDP,US,MT
NICAP,NICAP_DB_1442,"Anaco, Venezuela",9.42958,-64.46428,11.806650668161566,geonames_exact,Anaco,VE,
NICAP,NICAP_DB_1443,"Muskogee, OK",35.743797,-95.356405,7.030849545633395,place_exact,Muskogee city,US,OK
NICAP,NICAP_DB_1444,"Mobile, AL",30.668426,-88.100226,12.671149329612264,place_exact,Mobile city,US,AL
NICAP,NICAP_DB_1445,"Craig, MT",47.070565,-111.967987,5.0,place_exact,Craig CDP,US,MT
NICAP,NICAP_DB_1446,"Dallas (near), TX",32.793333,-96.766513,19.771028658676872,place_exact,Dallas city,US,TX
NICAP,NICAP_DB_1447,"Duncanville, TX",32.64595,-96.91387,5.0,place_exact,Duncanville city,US,TX
NICAP,NICAP_DB_1448,"Moses Lake (Larson AFB), WA",47.12785,-119.276384,5.0,place_exact,Moses Lake city,US,WA
NICAP,NICAP_DB_1449,"Misawa AFB, Japan",40.68682,141.38969,6.542553018508906,geonames_exact,Misawa,JP,
NICAP,NICAP_DB_1450,"Unknown Location in Japan, Japan",,,,unresolved,,JP,
NICAP,NICAP_DB_1451,"Santa Ana, CA",33.736332,-117.8829,5.609795837045527,place_exact,Santa Ana city,US,CA
NICAP,NICAP_DB_1452,"Sonoma, CA",38.290331,-122.459831,5.0,place_exact,Sonoma city,US,CA
NICAP,NICAP_DB_1453,"Guatemala City (near), Guatemala",,,,unresolved,,US,
NICAP,NICAP_DB_1454,"Harmon AFB, Newfoundland",,,,unresolved,,CA,
NICAP,NICAP_DB_1455,"Patrick AFB, FL",,,,unresolved,,US,FL
NICAP,NICAP_DB_1456,"Bergstrom AFB, TX",,,,unresolved,,US,TX
NICAP,NICAP_DB_1457,"Continental Divide, NM",35.432904,-108.33582,5.0,place_exact,Continental Divide CDP,US,NM
NICAP,NICAP_DB_1458,"Sampson AFB, NY",,,,unresolved,,US,NY
NICAP,NICAP_DB_1459,"Mather AFB, CA",38.548362,-121.283841,15.0,place_exact_basename,Mather CDP,US,CA
NICAP,NICAP_DB_1460,"Livermore (near), CA",37.686977,-121.759781,5.5174193242855845,place_exact,Livermore city,US,CA
NICAP,NICAP_DB_1461,"Dobbins (Turner AFB), GA",,,,unresolved,,US,GA
NICAP,NICAP_DB_1462,"Point Mugu, CA",,,,unresolved,,US,CA
NICAP,NICAP_DB_1463,"El Toro Marine Base, CA",,,,unresolved,,US,CA
NICAP,NICAP_DB_1464,"Corona, CA",33.861969,-117.565495,6.780555368928943,place_exact,Corona city,US,CA
NICAP,NICAP_DB_1465,"St. Georges, DE",39.559142,-75.648683,5.0,place_exact,St. Georges CDP,US,DE
NICAP,NICAP_DB_1466,"Stuttgart, Germany",48.78232,9.17702,24.75203021976177,geonames_exact,Stuttgart,DE,
NICAP,NICAP_DB_1467,"Stuttgart, Germany",48.78232,9.17702,24.75203021976177,geonames_exact,Stuttgart,DE,
NICAP,NICAP_DB_1468,"Mailbu Beach, CA",,,,unresolved,,US,CA
NICAP,NICAP_DB_1469,"Presque Isle AFB, ME",46.688952,-67.991914,15.0,place_exact_basename,Presque Isle city,US,ME
NICAP,NICAP_DB_1470,"Conway, SC",33.838665,-79.042966,5.212519885387063,place_exact,Conway city,US,SC
NICAP,NICAP_DB_1471,"Finland AFS, MN",,,,unresolved,,US,MN
NICAP,NICAP_DB_1472,"Terre Haute, IN",39.468645,-87.37255,6.276622906556607,place_exact,Terre Haute city,US,IN
NICAP,NICAP_DB_1473,"Keflavik Airport, Iceland",64.00492,-22.56242,5.0,geonames_exact,Keflavík,IS,
NICAP,NICAP_DB_1474,"Yuma, AZ",32.516286,-114.521782,11.785785977655928,place_exact,Yuma city,US,AZ
NICAP,NICAP_DB_1475,"Rosalia, WA",47.236287,-117.376477,5.0,place_exact,Rosalia town,US,WA
NICAP,NICAP_DB_1476,"Truk Atoll, At Sea",,,,unresolved,,US,
NICAP,NICAP_DB_1477,"unknown location, Okinawa",,,,unresolved,,JP,
NICAP,NICAP_DB_1478,"Barter Island, AK",,,,unresolved,,US,AK
NICAP,NICAP_DB_1479,"Korea (near), Korea",,,,unresolved,,KR,
NICAP,NICAP_DB_1480,"Washington, NC",35.557979,-77.054238,5.0,place_exact,Washington city,US,NC
NICAP,NICAP_DB_1481,"Virginia, NC",,,,unresolved,,US,NC
NICAP,NICAP_DB_1482,"Misawa AFB, Japan",40.68682,141.38969,6.542553018508906,geonames_exact,Misawa,JP,
NICAP,NICAP_DB_1483,"Bet. Tunis, Tunisia, and Tripoli, Libya",,,,unresolved,,LY,
NICAP,NICAP_DB_1484,"Vichy, MO",,,,unresolved,,US,MO
NICAP,NICAP_DB_1485,"Ft. Worth (Carswell AFB), TX",32.781518,-97.346746,19.99345544032958,place_exact,Fort Worth city,US,TX
NICAP,NICAP_DB_1486,"Ramer, AL",,,,unresolved,,US,AL
NICAP,NICAP_DB_1487,"Willow, AK",61.886957,-149.620229,28.192270556149094,place_exact,Willow CDP,US,AK
NICAP,NICAP_DB_1488,"Elmendorf AFB, Anchorage, AK",,,,unresolved,,US,AK
NICAP,NICAP_DB_1489,"Port Austin, MI",44.042552,-82.995086,5.0,place_exact,Port Austin village,US,MI
NICAP,NICAP_DB_1490,"Pittsburg-Stockton, CA",,,,unresolved,,US,CA
NICAP,NICAP_DB_1491,"Erie, PA",42.116594,-80.073503,5.0,place_exact,Erie city,US,PA
NICAP,NICAP_DB_1492,"Sherman, TX",33.628596,-96.626722,7.288195661478909,place_exact,Sherman city,US,TX
NICAP,NICAP_DB_1493,"Charleston, WV",38.348692,-81.632324,6.021695848254783,place_exact,Charleston city,US,WV
NICAP,NICAP_DB_1494,"Thule Air Base, Greenland",,,,unresolved,,GL,
NICAP,NICAP_DB_1495,"Great Falls AFB, MT",47.502518,-111.29997,15.0,place_exact_basename,Great Falls city,US,MT
NICAP,NICAP_DB_1496,"Shreveport, LA",32.466879,-93.792193,11.139438046867534,place_exact,Shreveport city,US,LA
NICAP,NICAP_DB_1497,"Luke AFB (130 miles W of), AZ",33.53552475,-112.373095631,10.0,dod_site,Luke AFB,US,AZ
NICAP,NICAP_DB_1498,"Glendale, AZ",33.533111,-112.189901,8.420409412057507,place_exact,Glendale city,US,AZ
NICAP,NICAP_DB_1499,"Congaree AFB, SC",,,,unresolved,,US,SC
NICAP,NICAP_DB_1500,"Shaw AFB, SC",33.9771011820001,-80.474101102,10.0,dod_site,Shaw Air Force Base,US,SC
NICAP,NICAP_DB_1501,"Yuma, AZ",32.516286,-114.521782,11.785785977655928,place_exact,Yuma city,US,AZ
NICAP,NICAP_DB_1502,"Kyushu (Ashiya AFB), Japan",,,,unresolved,,JP,
NICAP,NICAP_DB_1503,"Hackettstown, NJ",40.853704,-74.824877,5.0,place_exact,Hackettstown town,US,NJ
NICAP,NICAP_DB_1504,"RCAF Station Chatham, New Brunswick, CAN",,,,unresolved,,US,
NICAP,NICAP_DB_1505,"N of Hiroshima (Sea of Japan), Japan",,,,unresolved,,JP,
NICAP,NICAP_DB_1506,"N of Hiroshima (Sea of Japan), Japan",,,,unresolved,,JP,
NICAP,NICAP_DB_1507,"New Haven, CT",41.310809,-72.924953,5.0,place_exact,New Haven city,US,CT
NICAP,NICAP_DB_1508,"Pork Chop Hill, Korea",,,,unresolved,,KR,
NICAP,NICAP_DB_1509,"Elmira, NY",42.093388,-76.80961,5.0,place_exact,Elmira city,US,NY
NICAP,NICAP_DB_1510,"Prescott, AZ",34.585842,-112.446241,7.194755373804511,place_exact,Prescott city,US,AZ
NICAP,NICAP_DB_1511,"Cape, S. Africa",,,,unresolved,,US,
NICAP,NICAP_DB_1512,"Pasadena, TX",29.654996,-95.151055,7.090708630940132,place_exact,Pasadena city,US,TX
NICAP,NICAP_DB_1513,"San Antonio, TX",29.463408,-98.524287,23.962933858589,place_exact,San Antonio city,US,TX
NICAP,NICAP_DB_1514,"Rabat (Nouasseur AFB), Fr. Morocco",34.01325,-6.83255,40.0,geonames_exact,Rabat,MA,
NICAP,NICAP_DB_1515,"Mount Taylor, NM",35.124147,-107.807469,5.0,place_exact,Mount Taylor CDP,US,NM
NICAP,NICAP_DB_1516,"Spooner, WI",45.825917,-91.886125,5.0,place_exact,Spooner city,US,WI
NICAP,NICAP_DB_1517,"Honshu, Japan",,,,unresolved,,JP,
NICAP,NICAP_DB_1518,"Williams AFB, AZ",35.24664,-112.183296,15.0,place_exact_basename,Williams city,US,AZ
NICAP,NICAP_DB_1519,"Laredo, TX",27.561661,-99.488203,11.071682879209364,place_exact,Laredo city,US,TX
NICAP,NICAP_DB_1520,"Fukuoka, Japan",33.6,130.41667,40.0,geonames_exact,Fukuoka,JP,
NICAP,NICAP_DB_1521,"Goose Bay AFB, Labrador (between Sondrestrom AFB, Greenland and), CAN",,,,unresolved,,US,
NICAP,NICAP_DB_1522,"Sweetwater, NV",,,,unresolved,,US,NV
NICAP,NICAP_DB_1523,"Torbay Airport, Newfoundland, CAN",,,,unresolved,,US,
NICAP,NICAP_DB_1524,"Antung, Manchuria, China",,,,unresolved,,CN,
NICAP,NICAP_DB_1525,"Tucson, AZ",32.153036,-110.870773,16.65558603658911,place_exact,Tucson city,US,AZ
NICAP,NICAP_DB_1526,"East Prairie, MO",36.778916,-89.384081,5.0,place_exact,East Prairie city,US,MO
NICAP,NICAP_DB_1527,"Calumet, MI",47.247744,-88.453416,5.0,place_exact,Calumet village,US,MI
NICAP,NICAP_DB_1528,"Goose Bay AFB, Labrador, CAN",,,,unresolved,,US,
NICAP,NICAP_DB_1529,"Goose Bay AFB, Labrador, CAN",,,,unresolved,,US,
NICAP,NICAP_DB_1530,"Goose Bay AFB, Labrador, CAN",,,,unresolved,,US,
NICAP,NICAP_DB_1531,"Yuma, AZ",32.516286,-114.521782,11.785785977655928,place_exact,Yuma city,US,AZ
NICAP,NICAP_DB_1532,"Yuma, AZ",32.516286,-114.521782,11.785785977655928,place_exact,Yuma city,US,AZ
NICAP,NICAP_DB_1533,"Pacific Northwest, OR",,,,unresolved,,US,OR
NICAP,NICAP_DB_1534,"Prescott, AZ",34.585842,-112.446241,7.194755373804511,place_exact,Prescott city,US,AZ
NICAP,NICAP_DB_1535,"Capetown, Union of South Africa, Africa",,,,unresolved,,US,
NICAP,NICAP_DB_1536,"Lackland AFB, TX",,,,unresolved,,US,TX
NICAP,NICAP_DB_1537,"San Antonio, TX",29.463408,-98.524287,23.962933858589,place_exact,San Antonio city,US,TX
NICAP,NICAP_DB_1538,"Otis AFB, NJ",,,,unresolved,,US,NJ
NICAP,NICAP_DB_1539,"Yaak, MT",48.829879,-115.686413,5.661575242123187,place_exact,Yaak CDP,US,MT
NICAP,NICAP_DB_1540,"Muskogee, OK",35.743797,-95.356405,7.030849545633395,place_exact,Muskogee city,US,OK
NICAP,NICAP_DB_1541,"Goose Bay AFB, Labrador, CAN",,,,unresolved,,US,
NICAP,NICAP_DB_1542,"San Antonio, TX",29.463408,-98.524287,23.962933858589,place_exact,San Antonio city,US,TX
NICAP,NICAP_DB_1543,"unknown location, Iwo Jima",,,,unresolved,,US,
NICAP,NICAP_DB_1544,"Naha, Okinawa",26.213,127.67851,17.822036920621617,geonames_exact,Naha,JP,
NICAP,NICAP_DB_1545,"Goose Bay AFB, Labrador, CAN",,,,unresolved,,US,
NICAP,NICAP_DB_1546,"Hampton Bays, Long Island, NY",,,,unresolved,,US,NY
NICAP,NICAP_DB_1547,"Bonin Islands, Iwo Jima",,,,unresolved,,US,
NICAP,NICAP_DB_1548,"Simiutak, Greenland",,,,unresolved,,GL,
NICAP,NICAP_DB_1549,"Ramore, Ontario, CAN",,,,unresolved,,US,
NICAP,NICAP_DB_1550,"Tipp City, OH",39.964474,-84.18638,5.0,place_exact,Tipp City city,US,OH
NICAP,NICAP_DB_1551,"Columbus, OH",39.985531,-82.985594,15.914945428747155,place_exact,Columbus city,US,OH
NICAP,NICAP_DB_1552,"Shaw AFB, SC",33.9771011820001,-80.474101102,10.0,dod_site,Shaw Air Force Base,US,SC
NICAP,NICAP_DB_1553,"Oak Ridge, TN",35.966483,-84.290549,9.90612605074927,place_exact,Oak Ridge city,US,TN
NICAP,NICAP_DB_1554,"Omaha (Offutt AFB), NE",41.262705,-96.053475,12.765417902372889,place_exact,Omaha city,US,NE
NICAP,NICAP_DB_1555,"Mt. Vernon, OH",40.386191,-82.484004,5.0,place_exact,Mount Vernon city,US,OH
NICAP,NICAP_DB_1556,"Perrin AFB, TX",33.034582,-98.068784,15.0,place_exact_basename,Perrin CDP,US,TX
NICAP,NICAP_DB_1557,"Port Clinton, OH",41.509718,-82.938339,5.0,place_exact,Port Clinton city,US,OH
NICAP,NICAP_DB_1558,"Toledo, OH",41.664071,-83.581861,9.625487116100786,place_exact,Toledo city,US,OH
NICAP,NICAP_DB_1559,"Saraland, AL",30.85401,-88.097202,6.0834839433410925,place_exact,Saraland city,US,AL
NICAP,NICAP_DB_1560,"Amarillo, TX",35.198921,-101.831647,10.851844881555087,place_exact,Amarillo city,US,TX
NICAP,NICAP_DB_1561,"Rapid City (east of), SD",44.071071,-103.217924,7.935058047816804,place_exact,Rapid City city,US,SD
NICAP,NICAP_DB_1562,"Moscow, ID",46.730609,-116.998909,5.0,place_exact,Moscow city,US,ID
NICAP,NICAP_DB_1563,"Ellsworth AFB, SD",44.1570836670001,-103.094007763,10.0,dod_site,Ellsworth AFB,US,SD
NICAP,NICAP_DB_1564,"Rapid City, SD",44.071071,-103.217924,7.935058047816804,place_exact,Rapid City city,US,SD
NICAP,NICAP_DB_1566,"Columbus, OH",39.985531,-82.985594,15.914945428747155,place_exact,Columbus city,US,OH
NICAP,NICAP_DB_1567,"Crestline, ID",,,,unresolved,,US,ID
NICAP,NICAP_DB_1568,"Castle AFB (near), CA",,,,unresolved,,US,CA
NICAP,NICAP_DB_1569,"Maumee, OH",41.571125,-83.66625,5.0,place_exact,Maumee city,US,OH
NICAP,NICAP_DB_1570,"Columbus, OH",39.985531,-82.985594,15.914945428747155,place_exact,Columbus city,US,OH
NICAP,NICAP_DB_1571,"Port Moresby, New Guinea",,,,unresolved,,US,
NICAP,NICAP_DB_1572,"Australia, AU",,,,unresolved,,US,
NICAP,NICAP_DB_1573,"Greenville, MS",33.383461,-91.052314,5.564034068112012,place_exact,Greenville city,US,MS
NICAP,NICAP_DB_1574,"London, UK",51.50853,-0.12574,40.0,geonames_exact,London,GB,
NICAP,NICAP_DB_1575,"Sidi Slimane AFB, Fr. Morocco",34.26479,-5.92598,10.076755430196764,geonames_exact,Sidi Slimane,MA,
NICAP,NICAP_DB_1576,"Vandalia, IL",38.974564,-89.110695,5.0,place_exact,Vandalia city,US,IL
NICAP,NICAP_DB_1577,"Cleveland, OH",41.478462,-81.679435,9.459480840816676,place_exact,Cleveland city,US,OH
NICAP,NICAP_DB_1578,"Palmdale, CA",34.591038,-118.105403,11.04949137089828,place_exact,Palmdale city,US,CA
NICAP,NICAP_DB_1579,"Easton, PA",40.685971,-75.218548,5.0,place_exact,Easton city,US,PA
NICAP,NICAP_DB_1580,"Chiloquin, OR",42.576417,-121.867752,5.0,place_exact,Chiloquin city,US,OR
NICAP,NICAP_DB_1581,"Columbus (Bexley), OH",39.985531,-82.985594,15.914945428747155,place_exact,Columbus city,US,OH
NICAP,NICAP_DB_1582,"Offutt AFB, Omaha, NE",,,,unresolved,,US,NE
NICAP,NICAP_DB_1583,"Dobbins AFB, GA",,,,unresolved,,US,GA
NICAP,NICAP_DB_1584,"Minneapolis, MN",44.963324,-93.26832,7.884118748753372,place_exact,Minneapolis city,US,MN
NICAP,NICAP_DB_1585,"Presque Isle, ME",46.688952,-67.991914,9.339591425753055,place_exact,Presque Isle city,US,ME
NICAP,NICAP_DB_1586,"English Channel, UK",,,,unresolved,,GB,
NICAP,NICAP_DB_1587,"Omaha (Offutt AFB), NE",41.262705,-96.053475,12.765417902372889,place_exact,Omaha city,US,NE
NICAP,NICAP_DB_1588,"Mt. Vernon, OH",40.386191,-82.484004,5.0,place_exact,Mount Vernon city,US,OH
NICAP,NICAP_DB_1589,"Norton AFB, CA",,,,unresolved,,US,CA
NICAP,NICAP_DB_1590,"London, UK",51.50853,-0.12574,40.0,geonames_exact,London,GB,
NICAP,NICAP_DB_1591,"Toledo (near), OH",41.664071,-83.581861,9.625487116100786,place_exact,Toledo city,US,OH
NICAP,NICAP_DB_1592,"36.55N 76.00 (Atlantic), At Sea",,,,unresolved,,US,
NICAP,NICAP_DB_1593,"Kinross AFB, MI",,,,unresolved,,US,MI
NICAP,NICAP_DB_1594,"Keflavik AFB, Iceland",64.00492,-22.56242,5.0,geonames_exact,Keflavík,IS,
NICAP,NICAP_DB_1595,"North Truro, MA",,,,unresolved,,US,MA
NICAP,NICAP_DB_1596,"Holloman AFB, NM",32.918017352,-106.133633242,10.0,dod_site,Holloman Air Force Base,US,NM
NICAP,NICAP_DB_1597,"Newark, NJ",40.72422,-74.172574,5.271785950805581,place_exact,Newark city,US,NJ
NICAP,NICAP_DB_1598,"Houston (Ellington AFB), TX",29.785743,-95.388806,27.15177795692618,place_exact,Houston city,US,TX
NICAP,NICAP_DB_1599,"Houston, TX",29.785743,-95.388806,27.15177795692618,place_exact,Houston city,US,TX
NICAP,NICAP_DB_1600,"Central, OH",,,,unresolved,,US,OH
NICAP,NICAP_DB_1601,"Toledo, OH",41.664071,-83.581861,9.625487116100786,place_exact,Toledo city,US,OH
NICAP,NICAP_DB_1602,"Mediterranean, At Sea",,,,unresolved,,US,
NICAP,NICAP_DB_1603,"Agoura (Ground site 3 miles WNW of), CA",34.14306,-118.73787,5.0,geonames_exact,Agoura,US,CA
NICAP,NICAP_DB_1604,"Hassleholm, Sweden",56.15905,13.76638,7.5,geonames_fuzzy,Hässleholm,SE,
NICAP,NICAP_DB_1605,"Bismarck, ND",46.814583,-100.770089,6.318514241672818,place_exact,Bismarck city,US,ND
NICAP,NICAP_DB_1606,"El Cajon, CA",32.801673,-116.960468,5.0,place_exact,El Cajon city,US,CA
NICAP,NICAP_DB_1607,"Scott AFB, IL",38.5446305180001,-89.852834251,10.0,dod_site,Scott Air Force Base,US,IL
NICAP,NICAP_DB_1608,"CS 4859 (Mil Grid), Korea",,,,unresolved,,KR,
NICAP,NICAP_DB_1609,"Marysville, CA",39.151535,-121.583374,5.0,place_exact,Marysville city,US,CA
NICAP,NICAP_DB_1610,"White Plains, NY",41.0238,-73.751048,5.0,place_exact,White Plains city,US,NY
NICAP,NICAP_DB_1611,"Dayton, OH",39.784743,-84.199632,8.014899098276631,place_exact,Dayton city,US,OH
NICAP,NICAP_DB_1612,"Unknown City, AU",,,,unresolved,,US,
NICAP,NICAP_DB_1613,"Toms River, Marlton, Woodbury, and Surf City, NJ",,,,unresolved,,US,NJ
NICAP,NICAP_DB_1614,"Quantico, VA",38.522437,-77.290146,5.0,place_exact,Quantico town,US,VA
NICAP,NICAP_DB_1615,"Marignane Airfield, France",,,,unresolved,,FR,
NICAP,NICAP_DB_1616,"Arras, France",50.29301,2.78186,6.859446041773344,geonames_exact,Arras,FR,
NICAP,NICAP_DB_1617,"Luneville, France",48.59273,6.49383,5.0,geonames_exact,Lunéville,FR,
NICAP,NICAP_DB_1618,"Sonoita (5 mi N of), AZ",31.66561,-110.639105,5.0,place_exact,Sonoita CDP,US,AZ
NICAP,NICAP_DB_1619,"Kelly AFB, TX",,,,unresolved,,US,TX
NICAP,NICAP_DB_1620,"New York City, NY",40.71427,-74.00597,40.0,geonames_exact,New York City,US,NY
NICAP,NICAP_DB_1621,"Constantine Department, Algeria",,,,unresolved,,US,
NICAP,NICAP_DB_1622,"Cold Bay, AK",55.215824,-162.775686,7.84128696919921,place_exact,Cold Bay city,US,AK
NICAP,NICAP_DB_1623,"Blackstone, VA",37.081822,-78.002812,5.0,place_exact,Blackstone town,US,VA
NICAP,NICAP_DB_1624,"Rangeley, ME",44.965902,-70.652146,5.0,place_exact,Rangeley CDP,US,ME
NICAP,NICAP_DB_1625,"Santa Ana (near), CA",33.736332,-117.8829,5.609795837045527,place_exact,Santa Ana city,US,CA
NICAP,NICAP_DB_1626,"Tuscaloosa (35 miles SW of, AL",,,,unresolved,,US,AL
NICAP,NICAP_DB_1627,"Ft. Worth (Carswell AFB), TX",32.781518,-97.346746,19.99345544032958,place_exact,Fort Worth city,US,TX
NICAP,NICAP_DB_1628,"Savannah River AEC (near), SC",,,,unresolved,,US,SC
NICAP,NICAP_DB_1629,"York, PA",39.964798,-76.73184,5.0,place_exact,York city,US,PA
NICAP,NICAP_DB_1630,"Newburyport, MA",42.812141,-70.886646,5.0,place_exact,Newburyport city,US,MA
NICAP,NICAP_DB_1631,"Rouen, France",49.44313,1.09932,10.785684957386806,geonames_exact,Rouen,FR,
NICAP,NICAP_DB_1632,"Montevideo, Uruguay",,,,unresolved,,US,
NICAP,NICAP_DB_1633,"Harrisburg (near), PA",40.275891,-76.88502,5.0,place_exact,Harrisburg city,US,PA
NICAP,NICAP_DB_1634,"Nouasseur, Fr. Morocco",,,,unresolved,,MA,
NICAP,NICAP_DB_1635,"Cincinnati, OH",39.140183,-84.505829,9.465592755988514,place_exact,Cincinnati city,US,OH
NICAP,NICAP_DB_1636,"Pittsburgh, PA",40.439775,-79.976333,7.983918475424346,place_exact,Pittsburgh city,US,PA
NICAP,NICAP_DB_1637,"Nouasseur AFB, Fr. Morocco",,,,unresolved,,MA,
NICAP,NICAP_DB_1638,"Alexandria, VA",38.819251,-77.08367,5.0,place_exact,Alexandria city,US,VA
NICAP,NICAP_DB_1639,"Baltimore, MD",39.300032,-76.610476,9.652848215250598,place_exact,Baltimore city,US,MD
NICAP,NICAP_DB_1640,"Ft Lauderdale, FL",26.141227,-80.146731,6.3097414632719575,place_exact,Fort Lauderdale city,US,FL
NICAP,NICAP_DB_1641,"Fentress (3 miles SW of), VA",,,,unresolved,,US,VA
NICAP,NICAP_DB_1642,"At Sea (USS Curtiss), At Sea",,,,unresolved,,US,
NICAP,NICAP_DB_1643,"Chicago, IL",41.837045,-87.684939,16.190785623653692,place_exact,Chicago city,US,IL
NICAP,NICAP_DB_1644,"Saint Mexant, France",45.28514,1.65799,5.0,geonames_exact,Saint-Mexant,FR,
NICAP,NICAP_DB_1645,"Grand Canton, AZ",,,,unresolved,,US,AZ
NICAP,NICAP_DB_1646,"San Nicholas Island, CA",,,,unresolved,,US,CA
NICAP,NICAP_DB_1647,"Pittsfield, ME",44.763273,-69.372732,5.0,place_exact,Pittsfield CDP,US,ME
NICAP,NICAP_DB_1648,"Hartland, ME",44.885558,-69.469166,5.0,place_exact,Hartland CDP,US,ME
NICAP,NICAP_DB_1649,"Athens, GA",33.96095,-83.37794,11.283394879201916,geonames_exact,Athens,US,GA
NICAP,NICAP_DB_1650,"Newburyport, MA",42.812141,-70.886646,5.0,place_exact,Newburyport city,US,MA
NICAP,NICAP_DB_1651,"Pyrenees, France",,,,unresolved,,FR,
NICAP,NICAP_DB_1652,"La Porte, IN",41.606978,-86.713639,5.0,place_exact,La Porte city,US,IN
NICAP,NICAP_DB_1653,"Tokyo, Japan",35.6895,139.69171,40.0,geonames_exact,Tokyo,JP,
NICAP,NICAP_DB_1654,"Washington, D.C.",38.904247,-77.016517,8.388249029313434,place_exact,Washington city,US,DC
NICAP,NICAP_DB_1655,"Washington (near), D.C.",38.904247,-77.016517,8.388249029313434,place_exact,Washington city,US,DC
NICAP,NICAP_DB_1656,"Northern Area, Sweden",,,,unresolved,,SE,
NICAP,NICAP_DB_1657,"Washington, D.C.",38.904247,-77.016517,8.388249029313434,place_exact,Washington city,US,DC
NICAP,NICAP_DB_1658,"Norrbotten Province, Sweden",,,,unresolved,,SE,
NICAP,NICAP_DB_1659,"Pacific bet. Hawaii and Calif, At Sea",,,,unresolved,,US,
NICAP,NICAP_DB_1660,"Washington, D.C.",38.904247,-77.016517,8.388249029313434,place_exact,Washington city,US,DC
NICAP,NICAP_DB_1661,"Great Yarmouth (10 miles NNW of), UK",52.60831,1.73052,7.964546440319122,geonames_exact,Great Yarmouth,GB,
NICAP,NICAP_DB_1662,"Dallas, TX",32.793333,-96.766513,19.771028658676872,place_exact,Dallas city,US,TX
NICAP,NICAP_DB_1663,"Vienna, Austria",48.20849,16.37208,40.0,geonames_exact,Vienna,AT,
NICAP,NICAP_DB_1664,"Cannon AFB, NM",34.386475278,-103.317512583,10.0,dod_site,Cannon Air Force Base,US,NM
NICAP,NICAP_DB_1665,"Elsinore, CA",,,,unresolved,,US,CA
NICAP,NICAP_DB_1666,"La Porte, IN",41.606978,-86.713639,5.0,place_exact,La Porte city,US,IN
NICAP,NICAP_DB_1667,"Dayton (15 miles NW of ), OH",39.784743,-84.199632,8.014899098276631,place_exact,Dayton city,US,OH
NICAP,NICAP_DB_1668,"Richmond, IN",39.832086,-84.890917,5.25661390799988,place_exact,Richmond city,US,IN
NICAP,NICAP_DB_1669,"Bambridge, NY",43.027975,-73.381296,7.5,place_fuzzy,Cambridge village,US,NY
NICAP,NICAP_DB_1670,"Concord, NH",43.232493,-71.561252,8.58066389557876,place_exact,Concord city,US,NH
NICAP,NICAP_DB_1671,"Boston (near), MA",42.338551,-71.018253,7.459579344708387,place_exact,Boston city,US,MA
NICAP,NICAP_DB_1672,"Minneapolis, MN",44.963324,-93.26832,7.884118748753372,place_exact,Minneapolis city,US,MN
NICAP,NICAP_DB_1673,"unknown Location, West Germany",,,,unresolved,,DE,
NICAP,NICAP_DB_1674,"Texarkana, TX",33.451136,-94.090087,6.009400672649847,place_exact,Texarkana city,US,TX
NICAP,NICAP_DB_1675,"Estacado, TX",,,,unresolved,,US,TX
NICAP,NICAP_DB_1676,"Baltimore, MD",39.300032,-76.610476,9.652848215250598,place_exact,Baltimore city,US,MD
NICAP,NICAP_DB_1677,"Baltimore & Washington, DC area, Various",,,,unresolved,,US,
NICAP,NICAP_DB_1678,"French Equatorial, Africa",,,,unresolved,,US,
NICAP,NICAP_DB_1679,"Ridgeway, Ontario, CAN",,,,unresolved,,US,
NICAP,NICAP_DB_1680,"Savannah, GA",32.002499,-81.153586,11.090148801726892,place_exact,Savannah city,US,GA
NICAP,NICAP_DB_1681,"Delray Beach, FL",26.455903,-80.09042,5.0,place_exact,Delray Beach city,US,FL
NICAP,NICAP_DB_1682,"Miami Beach, FL",25.810596,-80.148852,5.0,place_exact,Miami Beach city,US,FL
NICAP,NICAP_DB_1683,"Columbus (near), OH",39.985531,-82.985594,15.914945428747155,place_exact,Columbus city,US,OH
NICAP,NICAP_DB_1684,"Bt. Dayton & Columbus, OH",,,,unresolved,,US,OH
NICAP,NICAP_DB_1685,"Danvers, MA",42.574174,-70.950516,5.0,place_exact,Danvers CDP,US,MA
NICAP,NICAP_DB_1686,"Indian Lake, OH",,,,unresolved,,US,OH
NICAP,NICAP_DB_1687,"Columbus (near), OH",39.985531,-82.985594,15.914945428747155,place_exact,Columbus city,US,OH
NICAP,NICAP_DB_1688,"E of Seven Isles, Quebec, CAN",,,,unresolved,,US,
NICAP,NICAP_DB_1689,"Brookley AFB (Mobile), AL",,,,unresolved,,US,AL
NICAP,NICAP_DB_1690,"Oslo, Norway",59.91273,10.74609,32.90250750322838,geonames_exact,Oslo,NO,
NICAP,NICAP_DB_1691,"Walesville, NY",,,,unresolved,,US,NY
NICAP,NICAP_DB_1693,"Albuquerque, NM",35.10478,-106.646809,14.682227578493212,place_exact,Albuquerque city,US,NM
NICAP,NICAP_DB_1694,"Bermuda (near), At Sea",,,,unresolved,,US,
NICAP,NICAP_DB_1695,"West Berlin, West Germany",,,,unresolved,,DE,
NICAP,NICAP_DB_1696,"Lancashire, UK",,,,unresolved,,GB,
NICAP,NICAP_DB_1697,"Lowry AFB, CO",,,,unresolved,,US,CO
NICAP,NICAP_DB_1698,"Hunterdon County, NJ",,,,unresolved,,US,NJ
NICAP,NICAP_DB_1699,"St. Louis, MO",38.635699,-90.244582,8.429990114664035,place_exact,St. Louis city,US,MO
NICAP,NICAP_DB_1700,"Normandy, MO",38.707105,-90.300898,5.0,place_exact,Normandy city,US,MO
NICAP,NICAP_DB_1701,"French Equatorial, Africa",,,,unresolved,,US,
NICAP,NICAP_DB_1702,"Middle Sister Island, CAN",,,,unresolved,,US,
NICAP,NICAP_DB_1703,"Southern Rhodesia, Africa",,,,unresolved,,US,
NICAP,NICAP_DB_1704,"Pepperrell AFB, Newfoundland, CAN",,,,unresolved,,US,
NICAP,NICAP_DB_1705,"Brentwood, CA",37.935578,-121.71897,5.0,place_exact,Brentwood city,US,CA
NICAP,NICAP_DB_1706,"North Atlantic, At Sea",,,,unresolved,,US,
NICAP,NICAP_DB_1707,"unknown location, Korea",,,,unresolved,,KR,
NICAP,NICAP_DB_1708,"Key Largo, FL",25.122584,-80.411571,5.0,place_exact,Key Largo CDP,US,FL
NICAP,NICAP_DB_1709,"Los Angeles (15 miles SE of), CA",34.019394,-118.410825,23.2472560101187,place_exact,Los Angeles city,US,CA
NICAP,NICAP_DB_1710,"New York State, NY",,,,unresolved,,US,NY
NICAP,NICAP_DB_1711,"Westlake, OH",41.449531,-81.930162,5.0,place_exact,Westlake city,US,OH
NICAP,NICAP_DB_1712,"The Hague, Netherlands",52.07667,4.29861,21.77824602671207,geonames_exact,The Hague,NL,
NICAP,NICAP_DB_1713,"San Antonio, TX",29.463408,-98.524287,23.962933858589,place_exact,San Antonio city,US,TX
NICAP,NICAP_DB_1714,"unknown location, West Germany",,,,unresolved,,DE,
NICAP,NICAP_DB_1715,"Yoron-Jima Island, Okinawa",,,,unresolved,,JP,
NICAP,NICAP_DB_1716,"Maxwell AFB, Montgomery, AL",,,,unresolved,,US,AL
NICAP,NICAP_DB_1717,"Yoron-Jima Island, Okinawa",,,,unresolved,,JP,
NICAP,NICAP_DB_1718,"San Marcos, TX",29.873187,-97.936139,6.4007153419667775,place_exact,San Marcos city,US,TX
NICAP,NICAP_DB_1719,"N France or W Germany, Europe",,,,unresolved,,US,
NICAP,NICAP_DB_1720,"Egilstadir, Iceland",65.26687,-14.39485,7.5,geonames_fuzzy,Egilsstaðir,IS,
NICAP,NICAP_DB_1721,"Danville, VA",36.583334,-79.408071,7.018848370241691,place_exact,Danville city,US,VA
NICAP,NICAP_DB_1722,"Dorchester, MA",42.29732,-71.0745,9.890702705066005,geonames_exact,Dorchester,US,MA
NICAP,NICAP_DB_1723,"Tinker AFB, OK",35.4154028730001,-97.390454264,10.0,dod_site,Tinker Air Force Base,US,OK
NICAP,NICAP_DB_1724,"Prince Christian, Greenland",,,,unresolved,,GL,
NICAP,NICAP_DB_1725,"Porto Alegre, Brazil",-30.03283,-51.23019,38.57786930352686,geonames_exact,Porto Alegre,BR,
NICAP,NICAP_DB_1726,"Nowra, AU",,,,unresolved,,US,
NICAP,NICAP_DB_1727,"Nowra, AU",,,,unresolved,,US,
NICAP,NICAP_DB_1728,"City not noted, UK",,,,unresolved,,GB,
NICAP,NICAP_DB_1729,"Butler, MO",38.259362,-94.339531,5.0,place_exact,Butler city,US,MO
NICAP,NICAP_DB_1730,"Butler, MO",38.259362,-94.339531,5.0,place_exact,Butler city,US,MO
NICAP,NICAP_DB_1731,"Origny, France",47.24329,0.6952,7.5,geonames_fuzzy,Sorigny,FR,
NICAP,NICAP_DB_1732,"Nelson, NZ",,,,unresolved,,US,
NICAP,NICAP_DB_1733,"Helsinki, Finland",60.16952,24.93545,25.668346265390763,geonames_exact,Helsinki,FI,
NICAP,NICAP_DB_1734,"Bihar, India",,,,unresolved,,IN,
NICAP,NICAP_DB_1735,"Roanoke (near), VA",37.278458,-79.958174,6.996171524483945,place_exact,Roanoke city,US,VA
NICAP,NICAP_DB_1736,"Marion, VA",36.837393,-81.515664,5.0,place_exact,Marion town,US,VA
NICAP,NICAP_DB_1737,"Rome, Italy",41.89193,12.51133,40.0,geonames_exact,Rome,IT,
NICAP,NICAP_DB_1738,"City not noted, NM",,,,unresolved,,US,NM
NICAP,NICAP_DB_1739,"Kimpo AB, Korea",,,,unresolved,,KR,
NICAP,NICAP_DB_1740,"Denver (near), CO",39.76185,-104.881105,13.274259669668128,place_exact,Denver city,US,CO
NICAP,NICAP_DB_1741,"Danane, Fr. West Africa",,,,unresolved,,US,
NICAP,NICAP_DB_1742,"Cuyahoga Falls, OH",41.182881,-81.553008,5.449215437922131,place_exact,Cuyahoga Falls city,US,OH
NICAP,NICAP_DB_1743,"Unknown City, Korea",,,,unresolved,,KR,
NICAP,NICAP_DB_1744,"Barstow, CA",34.866987,-117.043035,6.894901562426802,place_exact,Barstow city,US,CA
NICAP,NICAP_DB_1745,"Santa Maria Airport, Azores",,,,unresolved,,PT,
NICAP,NICAP_DB_1746,"Marshfield (3 miles E of), MO",37.342202,-92.911043,5.0,place_exact,Marshfield city,US,MO
NICAP,NICAP_DB_1747,"Gatlinburg, TN",35.724979,-83.493805,5.0,place_exact,Gatlinburg city,US,TN
NICAP,NICAP_DB_1748,"Altoona, PA",40.508052,-78.401114,5.0,place_exact,Altoona city,US,PA
NICAP,NICAP_DB_1749,"Cherry Valley, NY",42.79818,-74.75217,5.0,place_exact,Cherry Valley village,US,NY
NICAP,NICAP_DB_1750,"Waben (near), France",,,,unresolved,,FR,
NICAP,NICAP_DB_1751,"North Weald, Essex, UK",,,,unresolved,,GB,
NICAP,NICAP_DB_1752,"Houston, TX",29.785743,-95.388806,27.15177795692618,place_exact,Houston city,US,TX
NICAP,NICAP_DB_1753,"St.-Jean-d'Asse, France",,,,unresolved,,FR,
NICAP,NICAP_DB_1754,"Cuisy (Seine-Et-Marne), France",,,,unresolved,,FR,
NICAP,NICAP_DB_1755,"Dutch Islands, Harwich area, UK",,,,unresolved,,GB,
NICAP,NICAP_DB_1756,"Brosses-Thillot, Saone-Et-Loire (near), France",,,,unresolved,,FR,
NICAP,NICAP_DB_1757,"Chateauneuf-Sur-Charente, France",45.59849,-0.05398,5.0,geonames_exact,Châteauneuf-sur-Charente,FR,
NICAP,NICAP_DB_1758,"Clamecy (Nievre), France",47.46017,3.5194,5.0,geonames_exact,Clamecy,FR,
NICAP,NICAP_DB_1759,"Fronfrede (Loire), France",,,,unresolved,,FR,
NICAP,NICAP_DB_1760,"Nouasseur, Fr. Morocco",,,,unresolved,,MA,
NICAP,NICAP_DB_1761,"Kingfisher, OK",35.844726,-97.939308,5.0,place_exact,Kingfisher city,US,OK
NICAP,NICAP_DB_1762,"Banlolet, Seine-Infeneure, France",,,,unresolved,,FR,
NICAP,NICAP_DB_1763,"Coheix, Puy-De-Dorne, France",,,,unresolved,,FR,
NICAP,NICAP_DB_1764,"Schirmeck, France",48.48313,7.22004,5.0,geonames_exact,Schirmeck,FR,
NICAP,NICAP_DB_1765,"La Rochelle (near), France",46.16308,-1.15222,8.764131445842194,geonames_exact,La Rochelle,FR,
NICAP,NICAP_DB_1766,"Marysville, OH",40.227986,-83.35936,5.0,place_exact,Marysville city,US,OH
NICAP,NICAP_DB_1768,"Cincinnati, OH",39.140183,-84.505829,9.465592755988514,place_exact,Cincinnati city,US,OH
NICAP,NICAP_DB_1769,"Tinker AFB, OK",35.4154028730001,-97.390454264,10.0,dod_site,Tinker Air Force Base,US,OK
NICAP,NICAP_DB_1770,"Porto Alegre, Brazil",-30.03283,-51.23019,38.57786930352686,geonames_exact,Porto Alegre,BR,
NICAP,NICAP_DB_1771,"Belgrade, Yugoslavia",,,,unresolved,,US,
NICAP,NICAP_DB_1772,"Linzeux (near), France",,,,unresolved,,FR,
NICAP,NICAP_DB_1773,"Rome, Italy",41.89193,12.51133,40.0,geonames_exact,Rome,IT,
NICAP,NICAP_DB_1774,"Miho AB, Japan",,,,unresolved,,JP,
NICAP,NICAP_DB_1775,"SE of Taiwan, Taiwan",,,,unresolved,,TW,
NICAP,NICAP_DB_1776,"Terciera Islands, Azores",,,,unresolved,,PT,
NICAP,NICAP_DB_1777,"Lookout Point, NZ",,,,unresolved,,US,
NICAP,NICAP_DB_1778,"Kentucky (Indiana & Ohio), Various",,,,unresolved,,US,
NICAP,NICAP_DB_1779,"Forli, Italy",44.22177,12.04144,10.802592281485033,geonames_exact,Forlì,IT,
NICAP,NICAP_DB_1780,"Augusta, ME",44.334904,-69.734199,7.96745516321101,place_exact,Augusta city,US,ME
NICAP,NICAP_DB_1781,"New Orleans (130 miles ESE of), LA",30.05342,-89.934502,13.9678246934398,place_exact,New Orleans city,US,LA
NICAP,NICAP_DB_1782,"Corvallis, OR",44.569949,-123.278285,5.0,place_exact,Corvallis city,US,OR
NICAP,NICAP_DB_1783,"Rio de Janeiro, Brazil",-22.90642,-43.18223,40.0,geonames_exact,Rio de Janeiro,BR,
NICAP,NICAP_DB_1784,"Cordoba, Argentina",-31.40648,-64.18853,40.0,geonames_exact,Córdoba,AR,
NICAP,NICAP_DB_1785,"Matasquan, NJ",40.112421,-74.038159,7.5,place_fuzzy,Manasquan borough,US,NJ
NICAP,NICAP_DB_1786,"Manila, Philippines",14.6042,120.9822,40.0,geonames_exact,Manila,PH,
NICAP,NICAP_DB_1787,"Cueta, Sp. Morocco",,,,unresolved,,MA,
NICAP,NICAP_DB_1788,"Gulfport, MS",30.419487,-89.069022,8.002191449846723,place_exact,Gulfport city,US,MS
NICAP,NICAP_DB_1789,"Wilmington, NC",34.209225,-77.885767,7.692379750260788,place_exact,Wilmington city,US,NC
NICAP,NICAP_DB_1790,"North East, PA",42.213367,-79.833351,5.0,place_exact,North East borough,US,PA
NICAP,NICAP_DB_1791,"Cape Province, S. Africa",,,,unresolved,,US,
NICAP,NICAP_DB_1792,"Edenton, NC",36.058565,-76.598979,5.0,place_exact,Edenton town,US,NC
NICAP,NICAP_DB_1793,"Vienna, Austria",48.20849,16.37208,40.0,geonames_exact,Vienna,AT,
NICAP,NICAP_DB_1794,"Pontiac, MI",42.649228,-83.287363,5.0,place_exact,Pontiac city,US,MI
NICAP,NICAP_DB_1795,"Nogales (NE of), AZ",31.361928,-110.93482,5.0,place_exact,Nogales city,US,AZ
NICAP,NICAP_DB_1796,"San Diego, CA",32.814977,-117.135562,19.368204712305623,place_exact,San Diego city,US,CA
NICAP,NICAP_DB_1797,"Agrinion, Greece",38.62139,21.40778,10.272426685063273,geonames_fuzzy,Agrínio,GR,
NICAP,NICAP_DB_1798,"Virginia, nr. Washington, D. C, VA",,,,unresolved,,US,VA
NICAP,NICAP_DB_1799,"Cochise, NM",,,,unresolved,,US,NM
NICAP,NICAP_DB_1800,"Punta San Juan (near), Venezula",,,,unresolved,,US,
NICAP,NICAP_DB_1801,"Bet. Virginia and Kansas, air space",,,,unresolved,,US,
NICAP,NICAP_DB_1802,"Pacific Ocean, At Sea",,,,unresolved,,US,
NICAP,NICAP_DB_1803,"Lakeland, FL",28.055496,-81.954772,8.726386753850518,place_exact,Lakeland city,US,FL
NICAP,NICAP_DB_1804,"Fairbanks, AK",64.836531,-147.651745,6.045071307363638,place_exact,Fairbanks city,US,AK
NICAP,NICAP_DB_1805,"Winterset, IA",41.349897,-94.018065,5.0,place_exact,Winterset city,US,IA
NICAP,NICAP_DB_1806,"Fuju \[?\],, Japan",,,,unresolved,,JP,
NICAP,NICAP_DB_1807,"Cochise (20 miles E of ), NM",,,,unresolved,,US,NM
NICAP,NICAP_DB_1808,"Miramar NAS, CA",,,,unresolved,,US,CA
NICAP,NICAP_DB_1809,"Valera (near), Venezula",,,,unresolved,,US,
NICAP,NICAP_DB_1810,"Knights Landing, CA",38.797972,-121.717447,5.0,place_exact,Knights Landing CDP,US,CA
NICAP,NICAP_DB_1811,"Harrisburg, PA",40.275891,-76.88502,5.0,place_exact,Harrisburg city,US,PA
NICAP,NICAP_DB_1812,"Ft. Wayne, IN",41.089132,-85.1439,11.290609726671098,place_exact,Fort Wayne city,US,IN
NICAP,NICAP_DB_1813,"Bethesda, MD",38.987292,-77.118612,5.0,place_exact,Bethesda CDP,US,MD
NICAP,NICAP_DB_1814,"Ryukyu Islands, South Japan",,,,unresolved,,JP,
NICAP,NICAP_DB_1815,"Miami to New York, In Airspace",,,,unresolved,,US,
NICAP,NICAP_DB_1816,"Green City, MO",40.264833,-92.961534,5.0,place_exact,Green City city,US,MO
NICAP,NICAP_DB_1817,"Blackstone, VA",37.081822,-78.002812,5.0,place_exact,Blackstone town,US,VA
NICAP,NICAP_DB_1818,"Los Angeles (SW OF), CA",34.019394,-118.410825,23.2472560101187,place_exact,Los Angeles city,US,CA
NICAP,NICAP_DB_1819,"Huntley, IL",42.160801,-88.435461,5.0,place_exact,Huntley village,US,IL
NICAP,NICAP_DB_1820,"Salton Sea (35 miles N of), CA",,,,unresolved,,US,CA
NICAP,NICAP_DB_1821,"Tokyo, Japan",35.6895,139.69171,40.0,geonames_exact,Tokyo,JP,
NICAP,NICAP_DB_1822,"Ryukyu Islands, South Japan",,,,unresolved,,JP,
NICAP,NICAP_DB_1823,"Sonoma (and Soledad), CA",38.290331,-122.459831,5.0,place_exact,Sonoma city,US,CA
NICAP,NICAP_DB_1824,"Beaumont, CA",33.876722,-116.953009,5.907501934922333,place_exact,Beaumont city,US,CA
NICAP,NICAP_DB_1825,"Rockford, IL",42.2593,-89.063478,8.619539766007103,place_exact,Rockford city,US,IL
NICAP,NICAP_DB_1826,"New Orleans (3 miles NE of Moisant Airport), LA",30.05342,-89.934502,13.9678246934398,place_exact,New Orleans city,US,LA
NICAP,NICAP_DB_1827,"Tintinara, AU",,,,unresolved,,US,
NICAP,NICAP_DB_1828,"Dahlgren, VA",38.341976,-77.064267,5.0,place_exact,Dahlgren CDP,US,VA
NICAP,NICAP_DB_1829,"Travis County, TX",,,,unresolved,,US,TX
NICAP,NICAP_DB_1830,"Keflavik Airport, Iceland",64.00492,-22.56242,5.0,geonames_exact,Keflavík,IS,
NICAP,NICAP_DB_1831,"Thurmon, CO",,,,unresolved,,US,CO
NICAP,NICAP_DB_1832,"Duluth, MN",46.774458,-92.134135,9.084330489609261,place_exact,Duluth city,US,MN
NICAP,NICAP_DB_1833,"Mojave, CA",35.014995,-118.190209,8.197154411406707,place_exact,Mojave CDP,US,CA
NICAP,NICAP_DB_1834,"Niagara Falls, NY",43.092841,-79.014743,5.0,place_exact,Niagara Falls city,US,NY
NICAP,NICAP_DB_1835,"Tokyo, Japan",35.6895,139.69171,40.0,geonames_exact,Tokyo,JP,
NICAP,NICAP_DB_1836,"Cheyenne, WY",41.135259,-104.790749,6.093695758732955,place_exact,Cheyenne city,US,WY
NICAP,NICAP_DB_1837,"Alexandra Park, London, UK",,,,unresolved,,GB,
NICAP,NICAP_DB_1838,"Parker, AZ",34.033963,-114.228159,5.029661088648684,place_exact,Parker town,US,AZ
NICAP,NICAP_DB_1839,"Namur, Belgium",50.4669,4.86746,10.532758423129243,geonames_exact,Namur,BE,
NICAP,NICAP_DB_1840,"City not noted, NM",,,,unresolved,,US,NM
NICAP,NICAP_DB_1841,"Adelaide (near), AU",,,,unresolved,,US,
NICAP,NICAP_DB_1842,"Utica, NY / Boston, MA, Various",,,,unresolved,,US,
NICAP,NICAP_DB_1843,"Washington, D.C.",38.904247,-77.016517,8.388249029313434,place_exact,Washington city,US,DC
NICAP,NICAP_DB_1844,"Holt, FL",,,,unresolved,,US,FL
NICAP,NICAP_DB_1845,"In air over S. Alabama, AL",,,,unresolved,,US,AL
NICAP,NICAP_DB_1846,"Sacramento, CA",38.567694,-121.468161,10.65415918784772,place_exact,Sacramento city,US,CA
NICAP,NICAP_DB_1847,"China Lake, CA",,,,unresolved,,US,CA
NICAP,NICAP_DB_1848,"Goose Bay, Newfoundland, CAN",,,,unresolved,,US,
NICAP,NICAP_DB_1849,"Pepperrell AFB, Newfoundland, CAN",,,,unresolved,,US,
NICAP,NICAP_DB_1851,"Augusta, ME",44.334904,-69.734199,7.96745516321101,place_exact,Augusta city,US,ME
NICAP,NICAP_DB_1852,"Santa Catalina Channel, CA",,,,unresolved,,US,CA
NICAP,NICAP_DB_1853,"China Lake, CA",,,,unresolved,,US,CA
NICAP,NICAP_DB_1854,"Toulab, France",,,,unresolved,,FR,
NICAP,NICAP_DB_1855,"Eastern United States, various",,,,unresolved,,US,
NICAP,NICAP_DB_1856,"Nr. Adelaide, AU",,,,unresolved,,US,
NICAP,NICAP_DB_1857,"Canton, OH",40.80765,-81.367228,5.504349916202639,place_exact,Canton city,US,OH
NICAP,NICAP_DB_1858,"Portland, OR",45.536951,-122.649971,12.39414584031958,place_exact,Portland city,US,OR
NICAP,NICAP_DB_1859,"Syracuse (near), NY",43.040998,-76.143554,5.370829731056459,place_exact,Syracuse city,US,NY
NICAP,NICAP_DB_1860,"Lasham, Hants, UK",,,,unresolved,,GB,
NICAP,NICAP_DB_1861,"Kansas City, KS",39.122539,-94.741781,11.982738807690557,place_exact,Kansas City city,US,KS
NICAP,NICAP_DB_1862,"Cincinnati, OH",39.140183,-84.505829,9.465592755988514,place_exact,Cincinnati city,US,OH
NICAP,NICAP_DB_1863,"Columbus, NE",41.436409,-97.356067,5.0,place_exact,Columbus city,US,NE
NICAP,NICAP_DB_1864,"Jedburgh, Scotland, UK",,,,unresolved,,GB,
NICAP,NICAP_DB_1865,"Cincinnati, OH",39.140183,-84.505829,9.465592755988514,place_exact,Cincinnati city,US,OH
NICAP,NICAP_DB_1866,"Unknown Location in Iceland, Iceland",,,,unresolved,,IS,
NICAP,NICAP_DB_1867,"Kelly (7 miles N of Hopkinsville), KY",,,,unresolved,,US,KY
NICAP,NICAP_DB_1868,"Chalmette, LA",29.944015,-89.966005,5.0,place_exact,Chalmette CDP,US,LA
NICAP,NICAP_DB_1869,"Cincinnati, OH",39.140183,-84.505829,9.465592755988514,place_exact,Cincinnati city,US,OH
NICAP,NICAP_DB_1871,"Arlington, VA",38.878337,-77.100703,5.470445441948336,place_exact,Arlington CDP,US,VA
NICAP,NICAP_DB_1872,"Bedford, IN",38.860167,-86.489503,5.0,place_exact,Bedford city,US,IN
NICAP,NICAP_DB_1873,"Fordland, MO",37.154575,-92.941935,5.0,place_exact,Fordland city,US,MO
NICAP,NICAP_DB_1874,"Yonkers, NY",40.945862,-73.867446,5.0,place_exact,Yonkers city,US,NY
NICAP,NICAP_DB_1875,"Bellingham, WA",48.753442,-122.470179,5.6915034530039215,place_exact,Bellingham city,US,WA
NICAP,NICAP_DB_1876,"Washington, D.C.",38.904247,-77.016517,8.388249029313434,place_exact,Washington city,US,DC
NICAP,NICAP_DB_1877,"Rock Garden, TN",,,,unresolved,,US,TN
NICAP,NICAP_DB_1878,"Akron and Alliance, OH",41.080456,-81.521429,8.443410737900228,place_exact,Akron city,US,OH
NICAP,NICAP_DB_1879,"Poughkeepsie, NY",41.694595,-73.919869,5.0,place_exact,Poughkeepsie city,US,NY
NICAP,NICAP_DB_1880,"Loogootee, IN",38.675652,-86.914124,5.0,place_exact,Loogootee city,US,IN
NICAP,NICAP_DB_1881,"Point Lookout, MD",,,,unresolved,,US,MD
NICAP,NICAP_DB_1882,"Transcaucasus region, Russia",,,,unresolved,,RU,
NICAP,NICAP_DB_1883,"Knoxville (40 miles NW of ), TN",35.97068,-83.94927,10.660167978664001,place_exact,Knoxville city,US,TN
NICAP,NICAP_DB_1884,"Minneapolis, MN",44.963324,-93.26832,7.884118748753372,place_exact,Minneapolis city,US,MN
NICAP,NICAP_DB_1885,"Minneapolis, MN",44.963324,-93.26832,7.884118748753372,place_exact,Minneapolis city,US,MN
NICAP,NICAP_DB_1886,"Galloway, UK",,,,unresolved,,GB,
NICAP,NICAP_DB_1887,"Nr. Auckland, NZ",,,,unresolved,,US,
NICAP,NICAP_DB_1888,"Mojave Desert, CA",,,,unresolved,,US,CA
NICAP,NICAP_DB_1889,"Williams, FL",,,,unresolved,,US,FL
NICAP,NICAP_DB_1890,"Cleveland, OH",41.478462,-81.679435,9.459480840816676,place_exact,Cleveland city,US,OH
NICAP,NICAP_DB_1891,"Philadelphia, PA",40.009376,-75.133346,12.43617722614148,place_exact,Philadelphia city,US,PA
NICAP,NICAP_DB_1892,"San Bernardino Mts, CA",34.14114,-117.294635,12.685432393103518,place_fuzzy,San Bernardino city,US,CA
NICAP,NICAP_DB_1893,"Deming, NM",32.263076,-107.75249,5.0,place_exact,Deming city,US,NM
NICAP,NICAP_DB_1894,"St. Louis, MO",38.635699,-90.244582,8.429990114664035,place_exact,St. Louis city,US,MO
NICAP,NICAP_DB_1895,"Lake City, TN",,,,unresolved,,US,TN
NICAP,NICAP_DB_1896,"Spirit Lake, IA",43.416659,-95.113071,5.0,place_exact,Spirit Lake city,US,IA
NICAP,NICAP_DB_1897,"LaVeta, CO",37.508562,-105.008487,7.5,place_fuzzy,La Veta town,US,CO
NICAP,NICAP_DB_1898,"Ashfield & Greenfield, MA",,,,unresolved,,US,MA
NICAP,NICAP_DB_1899,"Marianna, FL",30.761445,-85.256258,5.0,place_exact,Marianna city,US,FL
NICAP,NICAP_DB_1900,"Jacksonville (near), FL",30.336864,-81.661603,29.329257247101683,place_exact,Jacksonville city,US,FL
NICAP,NICAP_DB_1901,"Caddo Lake, LA",,,,unresolved,,US,LA
NICAP,NICAP_DB_1902,"Laguna, CA",38.42102,-121.42384,6.827957234781133,geonames_exact,Laguna,US,CA
NICAP,NICAP_DB_1903,"Caribou, ME",46.836549,-67.936056,9.55364933182894,place_exact,Caribou city,US,ME
NICAP,NICAP_DB_1904,"New Britain, CT",41.676555,-72.786161,5.0,place_exact,New Britain city,US,CT
NICAP,NICAP_DB_1905,"Castle AFB, CA",,,,unresolved,,US,CA
NICAP,NICAP_DB_1906,"Modesto (near), CA",37.637533,-121.003049,7.039122199062418,place_exact,Modesto city,US,CA
NICAP,NICAP_DB_1907,"North/South Dakota Airspace, Various",33.616366,-81.102969,5.0,place_exact,North town,US,
NICAP,NICAP_DB_1908,"North/South Dakota Airspace, Various",33.616366,-81.102969,5.0,place_exact,North town,US,
NICAP,NICAP_DB_1909,"North/South Dakota Airspace, Various",33.616366,-81.102969,5.0,place_exact,North town,US,
NICAP,NICAP_DB_1910,"Wurtsmith AFB, MI",,,,unresolved,,US,MI
NICAP,NICAP_DB_1911,"Orangeville, CAN",,,,unresolved,,US,
NICAP,NICAP_DB_1912,"Itazuke AFB, Japan",,,,unresolved,,JP,
NICAP,NICAP_DB_1913,"Gulf of Mexico (nr. New Orleans), At Sea",,,,unresolved,,US,
NICAP,NICAP_DB_1914,"Wheelus AFB, Tripoli, Libya",,,,unresolved,,LY,
NICAP,NICAP_DB_1915,"Camp Irwin, CA",,,,unresolved,,US,CA
NICAP,NICAP_DB_1917,"Nr. Fishguard, S. Wales",,,,unresolved,,GB,
NICAP,NICAP_DB_1918,"Biloxi (Keesler AFB), MS",30.426663,-88.935762,7.030220543403236,place_exact,Biloxi city,US,MS
NICAP,NICAP_DB_1919,"Japan (S of), At Sea",,,,unresolved,,US,
NICAP,NICAP_DB_1920,"Goose Bay, Labrador, CAN",,,,unresolved,,US,
NICAP,NICAP_DB_1922,"Riverside, CA",33.938143,-117.393168,9.669834170702664,place_exact,Riverside city,US,CA
NICAP,NICAP_DB_1923,"Paris, France",48.85341,2.3488,40.0,geonames_exact,Paris,FR,
NICAP,NICAP_DB_1924,"Montelimar Airdrome (N of), France",,,,unresolved,,FR,
NICAP,NICAP_DB_1925,"Orly Airport, Paris, France",,,,unresolved,,FR,
NICAP,NICAP_DB_1926,"Houston, TX",29.785743,-95.388806,27.15177795692618,place_exact,Houston city,US,TX
NICAP,NICAP_DB_1927,"Spokane, WA",47.666935,-117.433322,8.896614861844926,place_exact,Spokane city,US,WA
NICAP,NICAP_DB_1928,"Spokane, WA",47.666935,-117.433322,8.896614861844926,place_exact,Spokane city,US,WA
NICAP,NICAP_DB_1929,"Honolulu, HI",21.30694,-157.85833,18.734033201636,geonames_exact,Honolulu,US,HI
NICAP,NICAP_DB_1930,"Goose Bay AFB, Labrador, CA",,,,unresolved,,US,CA
NICAP,NICAP_DB_1931,"Westover AFB, MA",,,,unresolved,,US,MA
NICAP,NICAP_DB_1932,"McKinney, TX",33.201125,-96.664161,8.77958925893208,place_exact,McKinney city,US,TX
NICAP,NICAP_DB_1933,"Newport (Almy Pond), RI",41.476681,-71.319627,5.0,place_exact,Newport city,US,RI
NICAP,NICAP_DB_1934,"McKinney (5 miles E of ), TX",33.201125,-96.664161,8.77958925893208,place_exact,McKinney city,US,TX
NICAP,NICAP_DB_1935,"Schenectady, NY",42.802641,-73.9272,5.0,place_exact,Schenectady city,US,NY
NICAP,NICAP_DB_1936,"Henderson, NC",36.32604,-78.414923,5.0,place_exact,Henderson city,US,NC
NICAP,NICAP_DB_1937,"Newport (near), UK",51.58774,-2.99835,12.708501091788913,geonames_exact,Newport,GB,
NICAP,NICAP_DB_1938,"Aliquippa, PA",40.615827,-80.255162,5.0,place_exact,Aliquippa city,US,PA
NICAP,NICAP_DB_1939,"Monroe (58 miles NW of ), LA",32.518986,-92.07718,5.842559370686788,place_exact,Monroe city,US,LA
NICAP,NICAP_DB_1940,"Newton, MS",32.330112,-89.147528,5.0,place_exact,Newton city,US,MS
NICAP,NICAP_DB_1941,"Banning, CA",33.94603,-116.899233,5.1718813254409115,place_exact,Banning city,US,CA
NICAP,NICAP_DB_1942,"Trieste, IT",,,,unresolved,,US,
NICAP,NICAP_DB_1943,"Los Angeles to San Diego, CA",,,,unresolved,,US,CA
NICAP,NICAP_DB_1944,"Euclid, OH",41.592154,-81.519678,5.0,place_exact,Euclid city,US,OH
NICAP,NICAP_DB_1945,"Westover (Otis AFB), MA",,,,unresolved,,US,MA
NICAP,NICAP_DB_1946,"Westover (Otis AFB), MA",,,,unresolved,,US,MA
NICAP,NICAP_DB_1947,"Mastic, Long Island, NY",,,,unresolved,,US,NY
NICAP,NICAP_DB_1948,"Phoenix, AZ",33.572154,-112.090132,24.418586909701933,place_exact,Phoenix city,US,AZ
NICAP,NICAP_DB_1949,"Hutchinson, KS",38.067291,-97.90952,5.31916100318253,place_exact,Hutchinson city,US,KS
NICAP,NICAP_DB_1950,"Rio de Janeiro (USS FDR), Brazil",-22.90642,-43.18223,40.0,geonames_exact,Rio de Janeiro,BR,
NICAP,NICAP_DB_1951,"Atlantic 43.12N 49.30W, At Sea",,,,unresolved,,US,
NICAP,NICAP_DB_1952,"Pasedena, CA",34.160602,-118.137954,7.711709343589137,place_fuzzy,Pasadena city,US,CA
NICAP,NICAP_DB_1953,"Bornholm Island, Den",,,,unresolved,,US,
NICAP,NICAP_DB_1954,"Boulder City, NV",35.84376,-114.911553,15.483383767409785,place_exact,Boulder City city,US,NV
NICAP,NICAP_DB_1955,"Copenhagen, Den",,,,unresolved,,US,
NICAP,NICAP_DB_1956,"Quartsite (20 miles south of), AZ",33.667507,-114.217041,9.69581703622753,place_fuzzy,Quartzsite town,US,AZ
NICAP,NICAP_DB_1957,"Various Cities, CT",,,,unresolved,,US,CT
NICAP,NICAP_DB_1958,"Dallas (near Duncanville AFS, TX",,,,unresolved,,US,TX
NICAP,NICAP_DB_1959,"Lakenheath AFB, Bentwaters, UK",,,,unresolved,,GB,
NICAP,NICAP_DB_1960,"Lakenheath AFB, Bentwaters, UK",,,,unresolved,,GB,
NICAP,NICAP_DB_1961,"Near Azores, At Sea",,,,unresolved,,US,
NICAP,NICAP_DB_1962,"Spragueville (SSW \[of\] ), ME",,,,unresolved,,US,ME
NICAP,NICAP_DB_1963,"Newington, CT",41.686993,-72.730839,5.0,place_exact,Newington CDP,US,CT
NICAP,NICAP_DB_1964,"Citrus Heights, CA",38.69481,-121.287953,5.0,place_exact,Citrus Heights city,US,CA
NICAP,NICAP_DB_1965,"North Bend, OR",43.407163,-124.234483,5.0,place_exact,North Bend city,US,OR
NICAP,NICAP_DB_1966,"Wyoming-Montana, In Air",,,,unresolved,,US,
NICAP,NICAP_DB_1967,"Hamilton AFB, CA",,,,unresolved,,US,CA
NICAP,NICAP_DB_1968,"Bornholm Island, Den",,,,unresolved,,US,
NICAP,NICAP_DB_1969,"Juniata, PA",,,,unresolved,,US,PA
NICAP,NICAP_DB_1970,"Ft. Macleod, Alberta, CAN",,,,unresolved,,US,
NICAP,NICAP_DB_1971,"Dallas, TX",32.793333,-96.766513,19.771028658676872,place_exact,Dallas city,US,TX
NICAP,NICAP_DB_1972,"Copenhagen, Denmark",55.67594,12.56553,33.96490836142503,geonames_exact,Copenhagen,DK,
NICAP,NICAP_DB_1973,"Pasadena, CA",34.160602,-118.137954,5.141139562392758,place_exact,Pasadena city,US,CA
NICAP,NICAP_DB_1974,"Baltic Sea, At Sea",,,,unresolved,,US,
NICAP,NICAP_DB_1975,"Stockton, CA",37.976342,-121.313304,8.462084691926295,place_exact,Stockton city,US,CA
NICAP,NICAP_DB_1976,"Highland, NC",35.053845,-83.197579,7.5,place_fuzzy,Highlands town,US,NC
NICAP,NICAP_DB_1977,"Grand Rapids, MI",42.961156,-85.65557,7.1792540002426435,place_exact,Grand Rapids city,US,MI
NICAP,NICAP_DB_1978,"Oslo, Norway",59.91273,10.74609,32.90250750322838,geonames_exact,Oslo,NO,
NICAP,NICAP_DB_1979,"Wetherfield, Essex, UK",,,,unresolved,,GB,
NICAP,NICAP_DB_1980,"Wheelus AFB, Tripoli, Libya",,,,unresolved,,LY,
NICAP,NICAP_DB_1981,"Minot, ND",48.236125,-101.277533,5.601255097446167,place_exact,Minot city,US,ND
NICAP,NICAP_DB_1982,"Minot, ND",48.236125,-101.277533,5.601255097446167,place_exact,Minot city,US,ND
NICAP,NICAP_DB_1983,"Minot, ND",48.236125,-101.277533,5.601255097446167,place_exact,Minot city,US,ND
NICAP,NICAP_DB_1984,"Malibu, CA",34.02586,-118.759643,5.0,place_exact,Malibu city,US,CA
NICAP,NICAP_DB_1985,"St. Louis (60 miles east of), MO",38.635699,-90.244582,8.429990114664035,place_exact,St. Louis city,US,MO
NICAP,NICAP_DB_1986,"Point Arena, CA",38.912314,-123.695593,5.0,place_exact,Point Arena city,US,CA
NICAP,NICAP_DB_1987,"Miami, FL",25.775163,-80.208615,6.4369903595460585,place_exact,Miami city,US,FL
NICAP,NICAP_DB_1988,"Destin, FL",30.395159,-86.478784,5.0,place_exact,Destin city,US,FL
NICAP,NICAP_DB_1989,"El Toro Marine Corps Air Station, CA",,,,unresolved,,US,CA
NICAP,NICAP_DB_1990,"Jackson, AL",31.532321,-87.891183,5.0,place_exact,Jackson city,US,AL
NICAP,NICAP_DB_1991,"Lemmon, SD",45.93835,-102.159803,5.0,place_exact,Lemmon city,US,SD
NICAP,NICAP_DB_1992,"Frankfurt, Germany",,,,unresolved,,DE,
NICAP,NICAP_DB_1993,"Pierre (near), SD",44.375163,-100.319996,5.0,place_exact,Pierre city,US,SD
NICAP,NICAP_DB_1994,"Hot Springs, SD",43.41953,-103.465089,5.0,place_exact,Hot Springs city,US,SD
NICAP,NICAP_DB_1995,"Charleston AFB, SC",32.828017,-79.972896,15.0,place_exact_basename,Charleston city,US,SC
NICAP,NICAP_DB_1996,"Far East, Asia",,,,unresolved,,US,
NICAP,NICAP_DB_1997,"Far East, Asia",,,,unresolved,,US,
NICAP,NICAP_DB_1998,"Itazuke AFB, Japan",,,,unresolved,,JP,
NICAP,NICAP_DB_1999,"Los Angeles, CA",34.019394,-118.410825,23.2472560101187,place_exact,Los Angeles city,US,CA
NICAP,NICAP_DB_2000,"Airspace over Guam, Guam",,,,unresolved,,US,GU
NICAP,NICAP_DB_2001,"Castle AFB, nr. Modesto, CA",,,,unresolved,,US,CA
NICAP,NICAP_DB_2002,"Between N. Dakota and S. Dakota, various",,,,unresolved,,US,
NICAP,NICAP_DB_2005,"Moriah Center, NY",,,,unresolved,,US,NY
NICAP,NICAP_DB_2006,"Rouen, France",49.44313,1.09932,10.785684957386806,geonames_exact,Rouen,FR,
NICAP,NICAP_DB_2007,"Lubbock (Bet. Ft. Worth and), TX",33.566831,-101.887847,12.447654486778712,place_exact,Lubbock city,US,TX
NICAP,NICAP_DB_2008,"Unknown City, IN",,,,unresolved,,US,IN
NICAP,NICAP_DB_2009,"Las Cruces, NM",32.326444,-106.789695,9.410540355249415,place_exact,Las Cruces city,US,NM
NICAP,NICAP_DB_2010,"Lincoln AFB, NE",40.808955,-96.678944,15.0,place_exact_basename,Lincoln city,US,NE
NICAP,NICAP_DB_2011,"Marrero, LA",29.885726,-90.113221,5.0,place_exact,Marrero CDP,US,LA
NICAP,NICAP_DB_2012,"Tierra Amarilla AFS, NM",36.705901,-106.565132,7.5,place_fuzzy,Tierra Amarilla CDP,US,NM
NICAP,NICAP_DB_2013,"Burbank, CA",34.190079,-118.326405,5.0,place_exact,Burbank city,US,CA
NICAP,NICAP_DB_2014,"Stead AFB, NV",,,,unresolved,,US,NV
NICAP,NICAP_DB_2015,"Castle AFB, CA",,,,unresolved,,US,CA
NICAP,NICAP_DB_2016,"Great Meadows-Hope, NJ",,,,unresolved,,US,NJ
NICAP,NICAP_DB_2017,"Houston (near) Pasadena, TX",,,,unresolved,,US,TX
NICAP,NICAP_DB_2018,"Btn Mockville and Arrity, NC",,,,unresolved,,US,NC
NICAP,NICAP_DB_2019,"San Juan (near), PR",18.404559,-66.063746,6.769824681793629,place_exact,San Juan zona urbana,US,PR
NICAP,NICAP_DB_2020,"Jacksonville, FL",30.336864,-81.661603,29.329257247101683,place_exact,Jacksonville city,US,FL
NICAP,NICAP_DB_2021,"Atlantic Ocean (off Carolinas), At Sea",,,,unresolved,,US,
NICAP,NICAP_DB_2022,"Columbia, SC",34.040519,-80.906099,12.547754309924235,place_exact,Columbia city,US,SC
NICAP,NICAP_DB_2023,"Glynco NAS, GA",,,,unresolved,,US,GA
NICAP,NICAP_DB_2024,"Point Mugu, CA",,,,unresolved,,US,CA
NICAP,NICAP_DB_2025,"Long Beach-Los Angeles Airport, CA",,,,unresolved,,US,CA
NICAP,NICAP_DB_2026,"Oxnard AFB, CA",34.199436,-119.207515,15.0,place_exact_basename,Oxnard city,US,CA
NICAP,NICAP_DB_2027,"Long Beach-Los Angeles Airport, CA",,,,unresolved,,US,CA
NICAP,NICAP_DB_2028,"Roswell, NM",33.373442,-104.529393,5.848639271944658,place_exact,Roswell city,US,NM
NICAP,NICAP_DB_2029,"Reseda, CA",34.20112,-118.53647,8.062257748298551,geonames_exact,Reseda,US,CA
NICAP,NICAP_DB_2030,"Off East Coast, FL",,,,unresolved,,US,FL
NICAP,NICAP_DB_2031,"Wigtownshire, Scotland, UK",,,,unresolved,,GB,
NICAP,NICAP_DB_2032,"Vins sur Caramy (1/2 mile E of), France",,,,unresolved,,FR,
NICAP,NICAP_DB_2033,"Maiquetia, Venezula",,,,unresolved,,US,
NICAP,NICAP_DB_2034,"Ringgold, LA",32.326545,-93.283599,5.0,place_exact,Ringgold town,US,LA
NICAP,NICAP_DB_2035,"Virginia, MN",47.527955,-92.517602,5.0,place_exact,Virginia city,US,MN
NICAP,NICAP_DB_2036,"English Channel, UK",,,,unresolved,,GB,
NICAP,NICAP_DB_2037,"Moriah Center, NY",,,,unresolved,,US,NY
NICAP,NICAP_DB_2038,"Edwards AFB, CA",34.890359963,-117.848869349,10.0,dod_site,Edwards Air Force Base,US,CA
NICAP,NICAP_DB_2039,"Near Calif. coast (McClellan AFB), CA",,,,unresolved,,US,CA
NICAP,NICAP_DB_2040,"Santa Rosa Island, CA",,,,unresolved,,US,CA
NICAP,NICAP_DB_2041,"Moab, UT",38.570111,-109.547823,5.0,place_exact,Moab city,US,UT
NICAP,NICAP_DB_2042,"East Anglia, UK",,,,unresolved,,GB,
NICAP,NICAP_DB_2043,"Houma, LA",29.578681,-90.708023,5.0,place_exact,Houma city,US,LA
NICAP,NICAP_DB_2044,"Detroit, MI",42.383037,-83.102237,12.637000769345725,place_exact,Detroit city,US,MI
NICAP,NICAP_DB_2045,"Kent, UK",,,,unresolved,,GB,
NICAP,NICAP_DB_2046,"Shreveport (near), LA",32.466879,-93.792193,11.139438046867534,place_exact,Shreveport city,US,LA
NICAP,NICAP_DB_2047,"New Jersey & Atlantic coast, various",,,,unresolved,,US,
NICAP,NICAP_DB_2048,"Milan, Italy",45.46427,9.18951,37.033741371889505,geonames_exact,Milan,IT,
NICAP,NICAP_DB_2049,"McChord AFB, WA",,,,unresolved,,US,WA
NICAP,NICAP_DB_2050,"Lancashire, UK",,,,unresolved,,GB,
NICAP,NICAP_DB_2051,"Las Vegas, NV",36.233499,-115.264037,12.777164439386036,place_exact,Las Vegas city,US,NV
NICAP,NICAP_DB_2052,"Gulfport, MS",30.419487,-89.069022,8.002191449846723,place_exact,Gulfport city,US,MS
NICAP,NICAP_DB_2053,"Jackson, MS",32.315834,-90.21285,11.340040035202698,place_exact,Jackson city,US,MS
NICAP,NICAP_DB_2054,"Pacific Ocean, 150 miles off San Francisco, at Sea",,,,unresolved,,US,
NICAP,NICAP_DB_2055,"Baltimore, MD",39.300032,-76.610476,9.652848215250598,place_exact,Baltimore city,US,MD
NICAP,NICAP_DB_2056,"Belo Horizonte, Brazil",-19.92083,-43.93778,40.0,geonames_exact,Belo Horizonte,BR,
NICAP,NICAP_DB_2057,"Azusa, CA",34.138524,-117.912253,5.0,place_exact,Azusa city,US,CA
NICAP,NICAP_DB_2058,"Avon, MA",42.13066,-71.04116,5.0,geonames_exact,Avon,US,MA
NICAP,NICAP_DB_2059,"Campos (near), Brazil",,,,unresolved,,BR,
NICAP,NICAP_DB_2060,"Hamilton, Ont., CAN",,,,unresolved,,US,
NICAP,NICAP_DB_2061,"Las Vegas, NV",36.233499,-115.264037,12.777164439386036,place_exact,Las Vegas city,US,NV
NICAP,NICAP_DB_2062,"Mississippi, through Louisiana and Texas and into Oklahoma, Various",,,,unresolved,,US,
NICAP,NICAP_DB_2064,"Mt. Lemmon, AZ",,,,unresolved,,US,AZ
NICAP,NICAP_DB_2065,"Nemuro Strait, Japan",,,,unresolved,,JP,
NICAP,NICAP_DB_2066,"Niagara Falls, NY",43.092841,-79.014743,5.0,place_exact,Niagara Falls city,US,NY
NICAP,NICAP_DB_2067,"Longmont, CO",40.168199,-105.100522,5.755599283403172,place_exact,Longmont city,US,CO
NICAP,NICAP_DB_2068,"Cleveland, OH",41.478462,-81.679435,9.459480840816676,place_exact,Cleveland city,US,OH
NICAP,NICAP_DB_2069,"Oldsmar, FL",28.048381,-82.671254,5.0,place_exact,Oldsmar city,US,FL
NICAP,NICAP_DB_2070,"Galt, Ontario, CAN",,,,unresolved,,US,
NICAP,NICAP_DB_2071,"Calistoga, CA",38.581408,-122.582696,5.0,place_exact,Calistoga city,US,CA
NICAP,NICAP_DB_2072,"Toronto, Ontario, CAN",,,,unresolved,,US,
NICAP,NICAP_DB_2073,"San Francisco, CA",37.727239,-123.032229,7.348683600936066,place_exact,San Francisco city,US,CA
NICAP,NICAP_DB_2074,"Piqua (area), OH",40.150172,-84.244634,5.0,place_exact,Piqua city,US,OH
NICAP,NICAP_DB_2075,"Joinville (near), Brazil",-26.30444,-48.84556,25.77789750930048,geonames_exact,Joinville,BR,
NICAP,NICAP_DB_2076,"Woodland Hills, CA",34.16834,-118.60592,8.366600265340756,geonames_exact,Woodland Hills,US,CA
NICAP,NICAP_DB_2077,"Fujisawa City, Japan",,,,unresolved,,JP,
NICAP,NICAP_DB_2078,"Cecil NAS, FL",,,,unresolved,,US,FL
NICAP,NICAP_DB_2079,"Cambria AFS, CA",,,,unresolved,,US,CA
NICAP,NICAP_DB_2080,"Dry Tortugas, FL",,,,unresolved,,US,FL
NICAP,NICAP_DB_2082,"Paso Robles, CA",35.62664,-120.691,5.211237856786044,geonames_exact,Paso Robles,US,CA
NICAP,NICAP_DB_2083,"Chesapeake Bay, nr. Norfolk, VA",,,,unresolved,,US,VA
NICAP,NICAP_DB_2084,"Unknown City, Portugal",,,,unresolved,,PT,
NICAP,NICAP_DB_2085,"Tulsa, OK",36.127949,-95.902316,15.07917806483865,place_exact,Tulsa city,US,OK
NICAP,NICAP_DB_2086,"Ubatuba, Brazil",-23.43389,-45.07111,9.582484020336272,geonames_exact,Ubatuba,BR,
NICAP,NICAP_DB_2087,"Devens, MA",42.543366,-71.614028,5.0,place_exact,Devens CDP,US,MA
NICAP,NICAP_DB_2088,"Point Pleasant, NJ",40.077748,-74.069921,5.0,place_exact,Point Pleasant borough,US,NJ
NICAP,NICAP_DB_2089,"Kadena AFB, Okinawa",26.36519,127.75857,5.0,geonames_exact,Kadena,JP,
NICAP,NICAP_DB_2090,"Montauk, NY",41.047538,-71.946369,5.0,place_exact,Montauk CDP,US,NY
NICAP,NICAP_DB_2091,"Paris, France",48.85341,2.3488,40.0,geonames_exact,Paris,FR,
NICAP,NICAP_DB_2092,"Shippingport, PA",40.625126,-80.415891,5.0,place_exact,Shippingport borough,US,PA
NICAP,NICAP_DB_2093,"Cape Canaveral, FL",28.393226,-80.604791,5.0,place_exact,Cape Canaveral city,US,FL
NICAP,NICAP_DB_2094,"Boston (near), MA",42.338551,-71.018253,7.459579344708387,place_exact,Boston city,US,MA
NICAP,NICAP_DB_2095,"Bua Province, Fiji Islands",,,,unresolved,,US,
NICAP,NICAP_DB_2096,"Seattle, WA",47.619339,-122.351565,9.823320461477824,place_exact,Seattle city,US,WA
NICAP,NICAP_DB_2097,"Martha's Vineyard, MA",,,,unresolved,,US,MA
NICAP,NICAP_DB_2098,"Minas Gerais State, Brazil",,,,unresolved,,BR,
NICAP,NICAP_DB_2099,"Covington, IN",40.140784,-87.391689,5.0,place_exact,Covington city,US,IN
NICAP,NICAP_DB_2100,"Unknown City, AU",,,,unresolved,,US,
NICAP,NICAP_DB_2101,"Mildenhall, UK",52.34446,0.51086,5.0,geonames_exact,Mildenhall,GB,
NICAP,NICAP_DB_2102,"RAF Gaydon (Warwickshire), UK",,,,unresolved,,GB,
NICAP,NICAP_DB_2105,"Pittsburgh, PA",40.439775,-79.976333,7.983918475424346,place_exact,Pittsburgh city,US,PA
NICAP,NICAP_DB_2106,"Wiesbaden, Germany",50.08601,8.24435,16.995587662684688,geonames_exact,Wiesbaden,DE,
NICAP,NICAP_DB_2107,"London, UK",51.50853,-0.12574,40.0,geonames_exact,London,GB,
NICAP,NICAP_DB_2108,"Casper, WY",42.842101,-106.320524,5.527990874731173,place_exact,Casper city,US,WY
NICAP,NICAP_DB_2109,"Lumberton, NC",34.630608,-79.018601,5.0,place_exact,Lumberton city,US,NC
NICAP,NICAP_DB_2110,"Levelland, TX",33.581547,-102.364117,5.0,place_exact,Levelland city,US,TX
NICAP,NICAP_DB_2111,"Seminole (near), TX",32.720806,-102.650165,5.0,place_exact,Seminole city,US,TX
NICAP,NICAP_DB_2112,"Canadian (3 miles W of ), TX",35.909678,-100.38388,5.0,place_exact,Canadian city,US,TX
NICAP,NICAP_DB_2113,"Levelland (9 miles E of ), TX",33.581547,-102.364117,5.0,place_exact,Levelland city,US,TX
NICAP,NICAP_DB_2114,"White Sands, NM",32.38044,-106.479113,5.0,place_exact,White Sands CDP,US,NM
NICAP,NICAP_DB_2115,"Ararangua, Brazil",-28.93575,-49.49538,8.480683934683569,geonames_exact,Araranguá,BR,
NICAP,NICAP_DB_2117,"Sao Vicente, Brazil",-23.96306,-46.39194,18.393640205244854,geonames_exact,São Vicente,BR,
NICAP,NICAP_DB_2118,"Calgary, Alta. (near ), CAN",,,,unresolved,,US,
NICAP,NICAP_DB_2119,"Elmwood Park, IL",41.922458,-87.816321,5.0,place_exact,Elmwood Park village,US,IL
NICAP,NICAP_DB_2120,"Kirtland AFB, Albuquerque, NM",,,,unresolved,,US,NM
NICAP,NICAP_DB_2121,"Kodiak, AK",57.791192,-152.419712,5.0,place_exact,Kodiak city,US,AK
NICAP,NICAP_DB_2122,"Orogrande, NM",32.389294,-106.108507,5.0,place_exact,Orogrande CDP,US,NM
NICAP,NICAP_DB_2123,"Toronto, Ont., CAN",,,,unresolved,,US,
NICAP,NICAP_DB_2124,"Elmwood Park, IL",41.922458,-87.816321,5.0,place_exact,Elmwood Park village,US,IL
NICAP,NICAP_DB_2125,"El Paso (3 miles SE of airport), TX",31.84778,-106.431106,17.247067538183604,place_exact,El Paso city,US,TX
NICAP,NICAP_DB_2126,"Albuquerque (Kirtland AFB), NM",35.10478,-106.646809,14.682227578493212,place_exact,Albuquerque city,US,NM
NICAP,NICAP_DB_2127,"Long Beach (Airport), CA",33.780791,-118.16818,7.640413252348767,place_exact,Long Beach city,US,CA
NICAP,NICAP_DB_2128,"Eglin AFB, FL",30.6071221180001,-86.326376962,10.0,dod_site,Eglin Air Force Base,US,FL
NICAP,NICAP_DB_2129,"Selma, AL",32.416983,-87.035702,5.0,place_exact,Selma city,US,AL
NICAP,NICAP_DB_2130,"Scotia, NE",41.467778,-98.702415,5.0,place_exact,Scotia village,US,NE
NICAP,NICAP_DB_2131,"Ft. Oglethorpe, GA",34.931849,-85.24601,5.0,place_exact,Fort Oglethorpe city,US,GA
NICAP,NICAP_DB_2132,"Gulf of Mexico, At Sea",,,,unresolved,,US,
NICAP,NICAP_DB_2133,"Hedley, TX",34.867384,-100.65905,5.0,place_exact,Hedley city,US,TX
NICAP,NICAP_DB_2134,"Hobbs, NM",32.729088,-103.160828,5.513029294317236,place_exact,Hobbs city,US,NM
NICAP,NICAP_DB_2135,"Philadelphia, PA",40.009376,-75.133346,12.43617722614148,place_exact,Philadelphia city,US,PA
NICAP,NICAP_DB_2136,"Ringwood, IL",42.397282,-88.304084,5.0,place_exact,Ringwood village,US,IL
NICAP,NICAP_DB_2137,"San Antonio (near), TX",29.463408,-98.524287,23.962933858589,place_exact,San Antonio city,US,TX
NICAP,NICAP_DB_2138,"Springfield, OH",39.928182,-83.800885,5.467399178565415,place_exact,Springfield city,US,OH
NICAP,NICAP_DB_2139,"East St. Louis, IL",38.616361,-90.130528,5.0,place_exact,East St. Louis city,US,IL
NICAP,NICAP_DB_2140,"Haverhill, MA",42.782945,-71.087436,6.166707747610912,place_exact,Haverhill city,US,MA
NICAP,NICAP_DB_2141,"Atlanta (near), GA",33.762909,-84.422675,12.480315594300222,place_exact,Atlanta city,US,GA
NICAP,NICAP_DB_2142,"Boerne, TX",29.784936,-98.729667,5.0,place_exact,Boerne city,US,TX
NICAP,NICAP_DB_2143,"Cannon AFB, NM",34.386475278,-103.317512583,10.0,dod_site,Cannon Air Force Base,US,NM
NICAP,NICAP_DB_2144,"Danville, IL",40.142628,-87.610707,5.0,place_exact,Danville city,US,IL
NICAP,NICAP_DB_2145,"Houston, TX",29.785743,-95.388806,27.15177795692618,place_exact,Houston city,US,TX
NICAP,NICAP_DB_2146,"Kagoshima, Japan",31.56667,130.55,24.393626216698493,geonames_exact,Kagoshima,JP,
NICAP,NICAP_DB_2147,"Lake County, OH",,,,unresolved,,US,OH
NICAP,NICAP_DB_2148,"Laredo AFB, TX",27.561661,-99.488203,15.0,place_exact_basename,Laredo city,US,TX
NICAP,NICAP_DB_2149,"Merom, IN",39.055964,-87.56722,5.0,place_exact,Merom town,US,IN
NICAP,NICAP_DB_2150,"Merom, IN",39.055964,-87.56722,5.0,place_exact,Merom town,US,IN
NICAP,NICAP_DB_2151,"Montville, OH",,,,unresolved,,US,OH
NICAP,NICAP_DB_2152,"Ottawa (north of ), CAN",,,,unresolved,,US,
NICAP,NICAP_DB_2153,"Pell City, AL",33.560312,-86.263634,5.364100960189984,place_exact,Pell City city,US,AL
NICAP,NICAP_DB_2154,"Radium Springs, NM",32.478231,-106.903074,5.0,place_exact,Radium Springs CDP,US,NM
NICAP,NICAP_DB_2155,"Santa Fe, NM",35.661981,-105.981815,7.7540615307219625,place_exact,Santa Fe city,US,NM
NICAP,NICAP_DB_2156,"Soeul, S. Korea",,,,unresolved,,KR,
NICAP,NICAP_DB_2157,"Whiteman AFB, MO",38.729307691,-93.551851867,10.0,dod_site,Whiteman Air Force Base,US,MO
NICAP,NICAP_DB_2158,"Harlingen AFB, TX",26.191204,-97.697383,15.0,place_exact_basename,Harlingen city,US,TX
NICAP,NICAP_DB_2159,"Orogrande (near ), NM",32.389294,-106.108507,5.0,place_exact,Orogrande CDP,US,NM
NICAP,NICAP_DB_2160,"Lake Charles, LA",30.200602,-93.210843,7.248971513256208,place_exact,Lake Charles city,US,LA
NICAP,NICAP_DB_2161,"Merrick, Long Island, NY",,,,unresolved,,US,NY
NICAP,NICAP_DB_2162,"Lake City, MO",,,,unresolved,,US,MO
NICAP,NICAP_DB_2163,"White Oaks (near), NM",,,,unresolved,,US,NM
NICAP,NICAP_DB_2164,"Hammond, IN",41.621638,-87.49381,5.114977484473091,place_exact,Hammond city,US,IN
NICAP,NICAP_DB_2165,"Madison, OH",41.772258,-81.052983,5.0,place_exact,Madison village,US,OH
NICAP,NICAP_DB_2168,"Canoga Park, CA",34.20112,-118.59814,7.783187007903639,geonames_exact,Canoga Park,US,CA
NICAP,NICAP_DB_2169,"Los Angeles (near), CA",34.019394,-118.410825,23.2472560101187,place_exact,Los Angeles city,US,CA
NICAP,NICAP_DB_2170,"San Fernando Valley, CA",,,,unresolved,,US,CA
NICAP,NICAP_DB_2171,"Hazelton, PA",40.950469,-75.972508,7.5,place_fuzzy,Hazleton city,US,PA
NICAP,NICAP_DB_2172,"Rumney, NH",43.80535,-71.81258,5.0,geonames_exact,Rumney,US,NH
NICAP,NICAP_DB_2173,"Rothwesten, West Germany",51.38523,9.52266,5.0,geonames_exact,Rothwesten,DE,
NICAP,NICAP_DB_2174,"Tamaroa, IL",38.136342,-89.229266,5.0,place_exact,Tamaroa village,US,IL
NICAP,NICAP_DB_2175,"Cachoeira, Brazil",-12.60139,-38.96576,5.793703478777629,geonames_exact,Cachoeira,BR,
NICAP,NICAP_DB_2176,"Carthage, TN",36.256557,-85.942885,5.0,place_exact,Carthage town,US,TN
NICAP,NICAP_DB_2177,"Houma, LA",29.578681,-90.708023,5.0,place_exact,Houma city,US,LA
NICAP,NICAP_DB_2178,"Tarakly (10 miles SE of), Turkey",,,,unresolved,,TR,
NICAP,NICAP_DB_2179,"Canutillo, TX",31.918485,-106.601062,5.0,place_exact,Canutillo CDP,US,TX
NICAP,NICAP_DB_2180,"Joliet, IL",41.517701,-88.148846,8.617731745908806,place_exact,Joliet city,US,IL
NICAP,NICAP_DB_2181,"Tonopah (30 miles W of), NV",38.08216,-117.224586,5.0,place_exact,Tonopah CDP,US,NV
NICAP,NICAP_DB_2182,"Eglin AFB, FL",30.6071221180001,-86.326376962,10.0,dod_site,Eglin Air Force Base,US,FL
NICAP,NICAP_DB_2184,"Mogi Mirim, Brazil",-22.43194,-46.95778,9.677293009927931,geonames_exact,Mogi Mirim,BR,
NICAP,NICAP_DB_2185,"West Mesa AFS, NM",,,,unresolved,,US,NM
NICAP,NICAP_DB_2186,"Sea of Okhotsk, W of Kamchatka, USSR",,,,unresolved,,RU,
NICAP,NICAP_DB_2187,"Joliet, IL",41.517701,-88.148846,8.617731745908806,place_exact,Joliet city,US,IL
NICAP,NICAP_DB_2188,"Robins AFB, GA",32.617547255,-83.581579146,10.0,dod_site,Robins AFB,US,GA
NICAP,NICAP_DB_2189,"Yakima, WA",46.590938,-120.5494,5.657469752460017,place_exact,Yakima city,US,WA
NICAP,NICAP_DB_2190,"Toledo, OH",41.664071,-83.581861,9.625487116100786,place_exact,Toledo city,US,OH
NICAP,NICAP_DB_2191,"Minot, ND",48.236125,-101.277533,5.601255097446167,place_exact,Minot city,US,ND
NICAP,NICAP_DB_2192,"New Orleans, LA",30.05342,-89.934502,13.9678246934398,place_exact,New Orleans city,US,LA
NICAP,NICAP_DB_2193,"Pacific Ocean, At Sea",,,,unresolved,,US,
NICAP,NICAP_DB_2194,"Los Angeles, CA",34.019394,-118.410825,23.2472560101187,place_exact,Los Angeles city,US,CA
NICAP,NICAP_DB_2195,"Cobalt, Ont, CAN",,,,unresolved,,US,
NICAP,NICAP_DB_2196,"Ellensburg (near), WA",47.000168,-120.547936,5.0,place_exact,Ellensburg city,US,WA
NICAP,NICAP_DB_2197,"Coulee City (near), WA",47.611733,-119.289529,5.0,place_exact,Coulee City town,US,WA
NICAP,NICAP_DB_2198,"Guthrie, PA",,,,unresolved,,US,PA
NICAP,NICAP_DB_2200,"Lake City AFS, TN",,,,unresolved,,US,TN
NICAP,NICAP_DB_2201,"Misawa Chitose, Hokkaido, Japan",,,,unresolved,,JP,
NICAP,NICAP_DB_2202,"Tokyo, Japan",35.6895,139.69171,40.0,geonames_exact,Tokyo,JP,
NICAP,NICAP_DB_2203,"Chatham, Windsor area, CAN",,,,unresolved,,US,
NICAP,NICAP_DB_2204,"Col Anahuac, Mexico",,,,unresolved,,MX,
NICAP,NICAP_DB_2205,"Old Saybrook, CN",,,,unresolved,,US,
NICAP,NICAP_DB_2206,"Fruita-Grand Junction, CO",,,,unresolved,,US,CO
NICAP,NICAP_DB_2207,"Sarasota, FL",27.338257,-82.543721,5.0,place_exact,Sarasota city,US,FL
NICAP,NICAP_DB_2208,"Pepperrell AFB, Newfoundland, CAN",,,,unresolved,,US,
NICAP,NICAP_DB_2209,"Sea of Japan, At Sea",,,,unresolved,,US,
NICAP,NICAP_DB_2211,"Location unknown, unknown",,,,unresolved,,US,
NICAP,NICAP_DB_2212,"Unnamed AF Base, various",,,,unresolved,,US,
NICAP,NICAP_DB_2213,"Carribean near Cuba, At Sea",,,,unresolved,,US,
NICAP,NICAP_DB_2214,"Unknown City, HI",,,,unresolved,,US,HI
NICAP,NICAP_DB_2215,"Old Westbury, Long Island, NY",,,,unresolved,,US,NY
NICAP,NICAP_DB_2216,"SW Libya, Libya",,,,unresolved,,LY,
NICAP,NICAP_DB_2218,"El Paso (Biggs AFB), TX",31.84778,-106.431106,17.247067538183604,place_exact,El Paso city,US,TX
NICAP,NICAP_DB_2219,"Marion, IL",37.734445,-88.941164,5.0,place_exact,Marion city,US,IL
NICAP,NICAP_DB_2220,"Troy, MI",42.583882,-83.145533,6.204926035909785,place_exact,Troy city,US,MI
NICAP,NICAP_DB_2221,"Atka Island, Aleutian Islands, AK",,,,unresolved,,US,AK
NICAP,NICAP_DB_2222,"Casino, N.S.W, AU",,,,unresolved,,US,
NICAP,NICAP_DB_2223,"Bering Sea, At Sea",,,,unresolved,,US,
NICAP,NICAP_DB_2225,"Trindade Island (NE of), At Sea",,,,unresolved,,US,
NICAP,NICAP_DB_2226,"Lima (near), Ohio",40.740679,-84.112091,5.0,place_exact,Lima city,US,OH
NICAP,NICAP_DB_2227,"Tokyo (25 miles SW of), Japan",35.6895,139.69171,40.0,geonames_exact,Tokyo,JP,
NICAP,NICAP_DB_2228,"Wake Island (W of), At Sea",,,,unresolved,,US,
NICAP,NICAP_DB_2229,"New South Wales, AU",,,,unresolved,,US,
NICAP,NICAP_DB_2230,"Troy, MI",42.583882,-83.145533,6.204926035909785,place_exact,Troy city,US,MI
NICAP,NICAP_DB_2231,"Wake Island (west of), At Sea",,,,unresolved,,US,
NICAP,NICAP_DB_2232,"Hokkaido, Japan",,,,unresolved,,JP,
NICAP,NICAP_DB_2233,"Winslow (NW of), AZ",35.024236,-110.709331,5.0,place_exact,Winslow city,US,AZ
NICAP,NICAP_DB_2234,"Santa Antonio de Jesus (near), Brazil",-12.96889,-39.26139,15.71718009058877,geonames_fuzzy,Santo Antônio de Jesus,BR,
NICAP,NICAP_DB_2235,"Glenwood, Newfoundland, CAN",,,,unresolved,,US,
NICAP,NICAP_DB_2236,"Gander AFB, Newfoundland, CAN",,,,unresolved,,US,
NICAP,NICAP_DB_2237,"Tampa, FL",27.967876,-82.474586,11.456178614374187,place_exact,Tampa city,US,FL
NICAP,NICAP_DB_2238,"Marshall (near), TX",32.539159,-94.353173,5.836628745355585,place_exact,Marshall city,US,TX
NICAP,NICAP_DB_2239,"Korea, Korea",,,,unresolved,,KR,
NICAP,NICAP_DB_2240,"Panama Canal Zone, Panama",,,,unresolved,,PA,
NICAP,NICAP_DB_2241,"Healdsburg, CA",38.622526,-122.865133,5.0,place_exact,Healdsburg city,US,CA
NICAP,NICAP_DB_2242,"Henrietta, MO",39.23703,-93.938395,5.0,place_exact,Henrietta city,US,MO
NICAP,NICAP_DB_2243,"Walnut Ridge, AR",36.084834,-90.94671,5.0,place_exact,Walnut Ridge city,US,AR
NICAP,NICAP_DB_2244,"Columbus, OH",39.985531,-82.985594,15.914945428747155,place_exact,Columbus city,US,OH
NICAP,NICAP_DB_2245,"Santa Monica, CA",34.010911,-118.498245,5.0,place_exact,Santa Monica city,US,CA
NICAP,NICAP_DB_2246,"Newport Beach, CA",33.597133,-117.890263,5.233487725960363,place_exact,Newport Beach city,US,CA
NICAP,NICAP_DB_2247,"Dayton (airport), OH",39.784743,-84.199632,8.014899098276631,place_exact,Dayton city,US,OH
NICAP,NICAP_DB_2248,"Cleveland, OH",41.478462,-81.679435,9.459480840816676,place_exact,Cleveland city,US,OH
NICAP,NICAP_DB_2249,"Johannesburg, S. Africa",,,,unresolved,,US,
NICAP,NICAP_DB_2250,"Albuquerque, NM",35.10478,-106.646809,14.682227578493212,place_exact,Albuquerque city,US,NM
NICAP,NICAP_DB_2251,"Lynchberg, VA",37.399016,-79.195458,11.262700875012175,place_fuzzy,Lynchburg city,US,VA
NICAP,NICAP_DB_2252,"Richmond (near), VA",37.531399,-77.476009,8.30542170980967,place_exact,Richmond city,US,VA
NICAP,NICAP_DB_2253,"Flagstaff, AZ",35.185212,-111.620698,8.718473898057567,place_exact,Flagstaff city,US,AZ
NICAP,NICAP_DB_2254,"Pan De Azucar, Uruguay",,,,unresolved,,US,
NICAP,NICAP_DB_2255,"Pan De Azucar, Uruguay",,,,unresolved,,US,
NICAP,NICAP_DB_2256,"Bohol Island, Philippines",,,,unresolved,,PH,
NICAP,NICAP_DB_2257,"Caracas, Venezuela",10.48801,-66.87919,40.0,geonames_exact,Caracas,VE,
NICAP,NICAP_DB_2258,"Malmstrom AFB, MT",47.5058738370001,-111.182557531,10.0,dod_site,Malmstrom Air Force Base,US,MT
NICAP,NICAP_DB_2259,"Fort Bragg, NC",35.108711557,-79.141254681,10.0,dod_site,Fort Bragg,US,NC
NICAP,NICAP_DB_2260,"Ft. Lauderdale, FL",26.141227,-80.146731,6.3097414632719575,place_exact,Fort Lauderdale city,US,FL
NICAP,NICAP_DB_2261,"Kirchberg, Hunsruck, Germany",,,,unresolved,,DE,
NICAP,NICAP_DB_2262,"Bahia State Coast, Brazil",,,,unresolved,,BR,
NICAP,NICAP_DB_2263,"Templehof, Germany",,,,unresolved,,DE,
NICAP,NICAP_DB_2264,"Sarasota, FL",27.338257,-82.543721,5.0,place_exact,Sarasota city,US,FL
NICAP,NICAP_DB_2265,"Central Puget Sound, WA",,,,unresolved,,US,WA
NICAP,NICAP_DB_2266,"Huntsville (10 miles W of), TX",30.700542,-95.55489,7.001564872702864,place_exact,Huntsville city,US,TX
NICAP,NICAP_DB_2267,"Pueblo, CO",38.269926,-104.610815,7.984407248575884,place_exact,Pueblo city,US,CO
NICAP,NICAP_DB_2268,"Fort Bragg, NC",35.108711557,-79.141254681,10.0,dod_site,Fort Bragg,US,NC
NICAP,NICAP_DB_2269,"Glennie (4 miles N of), MI",,,,unresolved,,US,MI
NICAP,NICAP_DB_2270,"Crystal Lake, IL",42.233209,-88.33436,5.0,place_exact,Crystal Lake city,US,IL
NICAP,NICAP_DB_2271,"England AFB (near), LA",,,,unresolved,,US,LA
NICAP,NICAP_DB_2272,"Air Force Base, Southwest US, In Airspace",,,,unresolved,,US,
NICAP,NICAP_DB_2273,"Chitose AFB, Japan",42.81944,141.65222,9.896969233053117,geonames_exact,Chitose,JP,
NICAP,NICAP_DB_2274,"Hamar, Norway",60.7945,11.06798,5.42945669473475,geonames_exact,Hamar,NO,
NICAP,NICAP_DB_2275,"Durango, CO",37.265392,-107.878177,5.0,place_exact,Durango city,US,CO
NICAP,NICAP_DB_2276,"Rome, Italy",41.89193,12.51133,40.0,geonames_exact,Rome,IT,
NICAP,NICAP_DB_2277,"Malmstrom AFB, MT",47.5058738370001,-111.182557531,10.0,dod_site,Malmstrom Air Force Base,US,MT
NICAP,NICAP_DB_2278,"Osel Island and Gulf of Finland, At Sea",,,,unresolved,,US,
NICAP,NICAP_DB_2279,"Chautauqua Lake, NY",,,,unresolved,,US,NY
NICAP,NICAP_DB_2280,"Las Vegas (12 miles NW of), NV",36.233499,-115.264037,12.777164439386036,place_exact,Las Vegas city,US,NV
NICAP,NICAP_DB_2281,"Kansas City, KS",39.122539,-94.741781,11.982738807690557,place_exact,Kansas City city,US,KS
NICAP,NICAP_DB_2282,"Warren, MI",42.492904,-83.025001,6.29058294419347,place_exact,Warren city,US,MI
NICAP,NICAP_DB_2283,"Westwood, NJ",40.989032,-74.031872,5.0,place_exact,Westwood borough,US,NJ
NICAP,NICAP_DB_2284,"Killeen (Gray AFB), TX",31.075273,-97.731617,7.945877337756144,place_exact,Killeen city,US,TX
NICAP,NICAP_DB_2285,"La Verde, Arg",,,,unresolved,,US,
NICAP,NICAP_DB_2286,"Wheelus AFB, Tripoli, N. Africa",,,,unresolved,,US,
NICAP,NICAP_DB_2287,"Atlantic (at 29° 3' N, 68°56' W)., At Sea",,,,unresolved,,US,
NICAP,NICAP_DB_2288,"Minot (Miles City AFS, Ellsworth AFB), ND",48.236125,-101.277533,5.601255097446167,place_exact,Minot city,US,ND
NICAP,NICAP_DB_2289,"Mission, KS",39.026774,-94.656962,5.0,place_exact,Mission city,US,KS
NICAP,NICAP_DB_2290,"SAC HQ, Offutt AFB, Omaha, NE",,,,unresolved,,US,NE
NICAP,NICAP_DB_2291,"Wheelus AFB, Tripoli, Libya",,,,unresolved,,LY,
NICAP,NICAP_DB_2292,"Sheffield Lake, OH",41.488347,-82.097859,5.0,place_exact,Sheffield Lake city,US,OH
NICAP,NICAP_DB_2293,"Kindley AFB, Bermuda",,,,unresolved,,BM,
NICAP,NICAP_DB_2294,"Stroudsburg, PA",40.983226,-75.194263,5.0,place_exact,Stroudsburg borough,US,PA
NICAP,NICAP_DB_2295,"Blairstown (near), NJ",40.987333,-74.954738,5.0,place_exact,Blairstown CDP,US,NJ
NICAP,NICAP_DB_2296,"Fukushima-Ken, Japan",,,,unresolved,,JP,
NICAP,NICAP_DB_2297,"Wasco, IN",,,,unresolved,,US,IN
NICAP,NICAP_DB_2298,"Nantucket, MA",41.271448,-70.095881,5.0,place_exact,Nantucket CDP,US,MA
NICAP,NICAP_DB_2299,"Alexandria, VA",38.819251,-77.08367,5.0,place_exact,Alexandria city,US,VA
NICAP,NICAP_DB_2300,"Laredo, TX",27.561661,-99.488203,11.071682879209364,place_exact,Laredo city,US,TX
NICAP,NICAP_DB_2301,"Aurora, IL",41.763455,-88.290099,7.199035583557936,place_exact,Aurora city,US,IL
NICAP,NICAP_DB_2302,"Grand Rapids, MI",42.961156,-85.65557,7.1792540002426435,place_exact,Grand Rapids city,US,MI
NICAP,NICAP_DB_2303,"Baltimore, MD",39.300032,-76.610476,9.652848215250598,place_exact,Baltimore city,US,MD
NICAP,NICAP_DB_2304,"Lafayette, IN",40.39941,-86.862806,5.815269593444868,place_exact,Lafayette city,US,IN
NICAP,NICAP_DB_2305,"Union Dale, PA",41.713044,-75.483167,5.0,place_exact,Union Dale borough,US,PA
NICAP,NICAP_DB_2306,"Lock Raven Dam, MD",,,,unresolved,,US,MD
NICAP,NICAP_DB_2307,"Caledon East, Ontario, CAN",,,,unresolved,,US,
NICAP,NICAP_DB_2308,"DEW Line, DEW Line",,,,unresolved,,US,
NICAP,NICAP_DB_2309,"Minot, ND",48.236125,-101.277533,5.601255097446167,place_exact,Minot city,US,ND
NICAP,NICAP_DB_2310,"Pope AFB, NC",,,,unresolved,,US,NC
NICAP,NICAP_DB_2311,"Conway, NH",43.986651,-71.120357,5.0,place_exact,Conway CDP,US,NH
NICAP,NICAP_DB_2312,"Brazilia, Brazil",,,,unresolved,,BR,
NICAP,NICAP_DB_2313,"Troy Peak (and Tonopah Airport), NV",,,,unresolved,,US,NV
NICAP,NICAP_DB_2314,"Montauk AFB, Long Island, NY",,,,unresolved,,US,NY
NICAP,NICAP_DB_2315,"W of Calif. coast, At Sea",,,,unresolved,,US,
NICAP,NICAP_DB_2316,"Hawk Inlet, AK",,,,unresolved,,US,AK
NICAP,NICAP_DB_2317,"Dunellen, NJ",40.590294,-74.465652,5.0,place_exact,Dunellen borough,US,NJ
NICAP,NICAP_DB_2318,"Dunellen, NJ",40.590294,-74.465652,5.0,place_exact,Dunellen borough,US,NJ
NICAP,NICAP_DB_2319,"Newport Beach, CA",33.597133,-117.890263,5.233487725960363,place_exact,Newport Beach city,US,CA
NICAP,NICAP_DB_2320,"Taft, CA",35.126696,-119.424194,5.0,place_exact,Taft city,US,CA
NICAP,NICAP_DB_2321,"Walworth (near), WI",42.530503,-88.59391,5.0,place_exact,Walworth village,US,WI
NICAP,NICAP_DB_2322,"Bygholm, Den",,,,unresolved,,US,
NICAP,NICAP_DB_2323,"Pymatuning Lake, PA",,,,unresolved,,US,PA
NICAP,NICAP_DB_2324,"Panama Canal, Panama",,,,unresolved,,PA,
NICAP,NICAP_DB_2325,"Sandusky (near), OH",41.455885,-82.714436,5.0,place_exact,Sandusky city,US,OH
NICAP,NICAP_DB_2326,"Swan Island, Gulf of Mexico, at Sea",,,,unresolved,,US,
NICAP,NICAP_DB_2327,"Imperial Beach, CA",32.56914,-117.114921,5.0,place_exact,Imperial Beach city,US,CA
NICAP,NICAP_DB_2328,"Benghazi, Libya",32.11486,20.06859,27.522536220341323,geonames_exact,Benghazi,LY,
NICAP,NICAP_DB_2329,"Williamsport (13 miles SW of), PA",41.240019,-77.035591,5.0,place_exact,Williamsport city,US,PA
NICAP,NICAP_DB_2330,"Victorville, CA",34.527735,-117.353579,9.211301705574034,place_exact,Victorville city,US,CA
NICAP,NICAP_DB_2331,"Hobbs, NM",32.729088,-103.160828,5.513029294317236,place_exact,Hobbs city,US,NM
NICAP,NICAP_DB_2332,"London, UK",51.50853,-0.12574,40.0,geonames_exact,London,GB,
NICAP,NICAP_DB_2333,"Grand Bahama Island, West Indies",,,,unresolved,,US,
NICAP,NICAP_DB_2334,"Duluth, MN",46.774458,-92.134135,9.084330489609261,place_exact,Duluth city,US,MN
NICAP,NICAP_DB_2335,"Ellsworth AFB, SD",44.1570836670001,-103.094007763,10.0,dod_site,Ellsworth AFB,US,SD
NICAP,NICAP_DB_2336,"Kyger, OH",,,,unresolved,,US,OH
NICAP,NICAP_DB_2337,"Ann Arbor, MI",42.276147,-83.73086,5.697464426294286,place_exact,Ann Arbor city,US,MI
NICAP,NICAP_DB_2338,"N Montana, MT",,,,unresolved,,US,MT
NICAP,NICAP_DB_2339,"Corsica, PA",41.181294,-79.202565,5.0,place_exact,Corsica borough,US,PA
NICAP,NICAP_DB_2340,"Ocoee, FL",28.57882,-81.533045,5.0,place_exact,Ocoee city,US,FL
NICAP,NICAP_DB_2341,"Montreal, CAN",,,,unresolved,,US,
NICAP,NICAP_DB_2342,"Antigo & Madison, WI",,,,unresolved,,US,WI
NICAP,NICAP_DB_2343,"Pease AFB, NH",,,,unresolved,,US,NH
NICAP,NICAP_DB_2344,"Omaha (Offutt AFB), NE",41.262705,-96.053475,12.765417902372889,place_exact,Omaha city,US,NE
NICAP,NICAP_DB_2345,"Des Moines, IA",41.57259,-93.610243,10.074814980379982,place_exact,Des Moines city,US,IA
NICAP,NICAP_DB_2346,"Philadelphia, PA",40.009376,-75.133346,12.43617722614148,place_exact,Philadelphia city,US,PA
NICAP,NICAP_DB_2347,"Greenbush, KS",,,,unresolved,,US,KS
NICAP,NICAP_DB_2348,"Rapid City (8 miles E of), SD",44.071071,-103.217924,7.935058047816804,place_exact,Rapid City city,US,SD
NICAP,NICAP_DB_2349,"Genoa, Italy",44.40478,8.94439,24.0852029262782,geonames_exact,Genoa,IT,
NICAP,NICAP_DB_2350,"Bloomington (near), IN",39.1637,-86.524264,5.1714323397337845,place_exact,Bloomington city,US,IN
NICAP,NICAP_DB_2351,"Manassas-Roanoke, VA",,,,unresolved,,US,VA
NICAP,NICAP_DB_2352,"Henderson, NV",36.010155,-115.035751,11.058295026308933,place_exact,Henderson city,US,NV
NICAP,NICAP_DB_2353,"Meridian (SE of), MS",32.38417,-88.689448,7.865214753019214,place_exact,Meridian city,US,MS
NICAP,NICAP_DB_2354,"Pacific bet. Hawaii and Calif, At Sea",,,,unresolved,,US,
NICAP,NICAP_DB_2359,"Edmonton, Alberta, CAN",,,,unresolved,,US,
NICAP,NICAP_DB_2360,"Macao (South China Sea S of), China",,,,unresolved,,CN,
NICAP,NICAP_DB_2361,"Salta, Arg",,,,unresolved,,US,
NICAP,NICAP_DB_2362,"Taegu (S) of, Korea",,,,unresolved,,KR,
NICAP,NICAP_DB_2363,"Papua (Boianai Mission), New Guinea",,,,unresolved,,US,
NICAP,NICAP_DB_2364,"Dunville, VA",36.583334,-79.408071,10.528272555362536,place_fuzzy,Danville city,US,VA
NICAP,NICAP_DB_2365,"Papua (Boianai Mission), New Guinea",,,,unresolved,,US,
NICAP,NICAP_DB_2366,"Papua (Boianai Mission), New Guinea",,,,unresolved,,US,
NICAP,NICAP_DB_2367,"Patuxent River, MD",,,,unresolved,,US,MD
NICAP,NICAP_DB_2368,"Needles, CA",34.813426,-114.626639,5.932832038748443,place_exact,Needles city,US,CA
NICAP,NICAP_DB_2369,"Macao (South China Sea S of), China",,,,unresolved,,CN,
NICAP,NICAP_DB_2370,"Macao (South China Sea S of), China",,,,unresolved,,CN,
NICAP,NICAP_DB_2371,"Columbus, IN",39.20894,-85.918096,5.687317352378595,place_exact,Columbus city,US,IN
NICAP,NICAP_DB_2372,"unknown location, Bahamas",,,,unresolved,,US,
NICAP,NICAP_DB_2373,"N Pacific, 800 n.mi. from, HI",,,,unresolved,,US,HI
NICAP,NICAP_DB_2374,"Ridgecrest (near), CA",35.628542,-117.663992,5.0,place_exact,Ridgecrest city,US,CA
NICAP,NICAP_DB_2375,"Blenheim, NZ",,,,unresolved,,US,
NICAP,NICAP_DB_2376,"New Delhi, India",28.62137,77.2148,17.826861754105796,geonames_exact,New Delhi,IN,
NICAP,NICAP_DB_2377,"Pampulha, Belo Horizonte, Minas Gerais State, Brazil",,,,unresolved,,BR,
NICAP,NICAP_DB_2378,"Salisbury, NC",35.665499,-80.48893,5.011315063600239,place_exact,Salisbury city,US,NC
NICAP,NICAP_DB_2379,"Irondequoit, NY",43.209811,-77.572056,5.0,place_exact,Irondequoit CDP,US,NY
NICAP,NICAP_DB_2380,"Corpus Christi, TX",27.754252,-97.173385,13.662868236371324,place_exact,Corpus Christi city,US,TX
NICAP,NICAP_DB_2382,"Washington, D.C.",38.904247,-77.016517,8.388249029313434,place_exact,Washington city,US,DC
NICAP,NICAP_DB_2383,"Silver Springs, MD",39.002441,-77.020791,7.5,place_fuzzy,Silver Spring CDP,US,MD
NICAP,NICAP_DB_2384,"Goose Bay AFB, Labrador, CAN",,,,unresolved,,US,
NICAP,NICAP_DB_2385,"Freeport, TX",28.943296,-95.35607,5.0,place_exact,Freeport city,US,TX
NICAP,NICAP_DB_2386,"Corona (Bet. Roswell and), NM",34.250106,-105.596979,5.0,place_exact,Corona village,US,NM
NICAP,NICAP_DB_2388,"NE of Hawaii, HI",,,,unresolved,,US,HI
NICAP,NICAP_DB_2389,"Macon and Forsyth, GA",32.84069,-83.6324,9.557771706836276,geonames_exact,Macon,US,GA
NICAP,NICAP_DB_2390,"Uberlandia, Brazil",-18.91861,-48.27722,27.4764262596139,geonames_exact,Uberlândia,BR,
NICAP,NICAP_DB_2391,"80 miles E of U.S. \[?\]., Unk",,,,unresolved,,US,
NICAP,NICAP_DB_2392,"Elburn, IL",41.885183,-88.460513,5.0,place_exact,Elburn village,US,IL
NICAP,NICAP_DB_2393,"Emmitsburg (near), MD",39.705136,-77.321748,5.0,place_exact,Emmitsburg town,US,MD
NICAP,NICAP_DB_2394,"Charlotte Island, CAN",,,,unresolved,,US,
NICAP,NICAP_DB_2395,"Westover AFB, MA",,,,unresolved,,US,MA
NICAP,NICAP_DB_2396,"Naha, Okinawa",26.213,127.67851,17.822036920621617,geonames_exact,Naha,JP,
NICAP,NICAP_DB_2397,"Wallingford, KY",,,,unresolved,,US,KY
NICAP,NICAP_DB_2398,"Camp Kinser, Okinawa",,,,unresolved,,JP,
NICAP,NICAP_DB_2399,"Gills Rock, WI",,,,unresolved,,US,WI
NICAP,NICAP_DB_2400,"Bunker Hill AFB, IN",40.660075,-86.101424,15.0,place_exact_basename,Bunker Hill town,US,IN
NICAP,NICAP_DB_2401,"Kadena AFB, Okinawa",26.36519,127.75857,5.0,geonames_exact,Kadena,JP,
NICAP,NICAP_DB_2402,"Redmond, OR",44.260694,-121.182425,5.0,place_exact,Redmond city,US,OR
NICAP,NICAP_DB_2404,"Detroit, MI",42.383037,-83.102237,12.637000769345725,place_exact,Detroit city,US,MI
NICAP,NICAP_DB_2405,"Telephone Ridge, OR",,,,unresolved,,US,OR
NICAP,NICAP_DB_2406,"Seattle, WA",47.619339,-122.351565,9.823320461477824,place_exact,Seattle city,US,WA
NICAP,NICAP_DB_2407,"Quezon, Philippines",7.73028,125.09889,10.701448500086332,geonames_exact,Quezon,PH,
NICAP,NICAP_DB_2408,"Lincoln, NE",40.808955,-96.678944,10.604248268186357,place_exact,Lincoln city,US,NE
NICAP,NICAP_DB_2409,"Forest City, AR",35.013599,-90.793207,7.5,place_fuzzy,Forrest City city,US,AR
NICAP,NICAP_DB_2410,"Washington, GA",33.732289,-82.743613,5.0,place_exact,Washington city,US,GA
NICAP,NICAP_DB_2411,"Terre Haute, IN",39.468645,-87.37255,6.276622906556607,place_exact,Terre Haute city,US,IN
NICAP,NICAP_DB_2412,"Langley AFB (N of), VA",,,,unresolved,,US,VA
NICAP,NICAP_DB_2413,"Plainville, KS",39.234109,-99.30085,5.0,place_exact,Plainville city,US,KS
NICAP,NICAP_DB_2414,"Key West, FL",24.565063,-81.775539,5.0,place_exact,Key West city,US,FL
NICAP,NICAP_DB_2415,"Warsaw, NY",42.742911,-78.141293,5.0,place_exact,Warsaw village,US,NY
NICAP,NICAP_DB_2416,"Loring AFB (near), ME",,,,unresolved,,US,ME
NICAP,NICAP_DB_2417,"Cumberland, MD",39.651739,-78.757948,5.0,place_exact,Cumberland city,US,MD
NICAP,NICAP_DB_2418,"Toccoa, GA",34.582081,-83.327169,5.0,place_exact,Toccoa city,US,GA
NICAP,NICAP_DB_2419,"Valparaiso, Chili",,,,unresolved,,US,
NICAP,NICAP_DB_2420,"Utica, NY",43.096382,-75.225983,5.0,place_exact,Utica city,US,NY
NICAP,NICAP_DB_2421,"Montauk AFB, Long Island, NY",,,,unresolved,,US,NY
NICAP,NICAP_DB_2422,"Crystal Springs (South of), MS",31.98995,-90.355332,5.0,place_exact,Crystal Springs city,US,MS
NICAP,NICAP_DB_2423,"S Victoria Island, CAN",,,,unresolved,,US,
NICAP,NICAP_DB_2424,"Albuquerque (W of), NM",35.10478,-106.646809,14.682227578493212,place_exact,Albuquerque city,US,NM
NICAP,NICAP_DB_2425,"Cincinnati, MI",,,,unresolved,,US,MI
NICAP,NICAP_DB_2426,"Lakota (near), ND",48.042868,-98.346767,5.0,place_exact,Lakota city,US,ND
NICAP,NICAP_DB_2427,"Gulf of Mexico, At Sea",,,,unresolved,,US,
NICAP,NICAP_DB_2428,"Intervale, New Haven, CT",,,,unresolved,,US,CT
NICAP,NICAP_DB_2429,"Hollywood, CA",34.09834,-118.32674,12.948513428189353,geonames_exact,Hollywood,US,CA
NICAP,NICAP_DB_2430,"Nome, AK",64.505741,-165.415287,5.0,place_exact,Nome city,US,AK
NICAP,NICAP_DB_2431,"Laguna Beach, CA",33.54337,-117.761801,5.0,place_exact,Laguna Beach city,US,CA
NICAP,NICAP_DB_2432,"Rome AFB, NY",43.226002,-75.489523,15.0,place_exact_basename,Rome city,US,NY
NICAP,NICAP_DB_2433,"Dubuque, IA",42.498901,-90.707258,5.964783389938724,place_exact,Dubuque city,US,IA
NICAP,NICAP_DB_2434,"Indianapolis, IN",39.76838,-86.15804,29.79332139926665,geonames_exact,Indianapolis,US,IN
NICAP,NICAP_DB_2435,"La Camp, LA",,,,unresolved,,US,LA
NICAP,NICAP_DB_2436,"Red Bluff, CA",40.173515,-122.241525,5.0,place_exact,Red Bluff city,US,CA
NICAP,NICAP_DB_2437,"Richards-Gebaur AFB, MO",,,,unresolved,,US,MO
NICAP,NICAP_DB_2438,"Plymouth, NH",43.738775,-71.702625,5.0,place_exact,Plymouth CDP,US,NH
NICAP,NICAP_DB_2439,"Shelby, MT",48.502129,-111.862036,5.0,place_exact,Shelby city,US,MT
NICAP,NICAP_DB_2440,"Sarasota, FL",27.338257,-82.543721,5.0,place_exact,Sarasota city,US,FL
NICAP,NICAP_DB_2441,"Regina, Saskatchewan, CAN",,,,unresolved,,US,
NICAP,NICAP_DB_2442,"Wellington, NZ",,,,unresolved,,US,
NICAP,NICAP_DB_2443,"Dillingham, AK",59.060467,-158.532251,6.195052075828113,place_exact,Dillingham city,US,AK
NICAP,NICAP_DB_2444,"Majorca Isle, Mediterranean Sea",,,,unresolved,,US,
NICAP,NICAP_DB_2445,"Ocumare del Tuy, Venezuela",10.1182,-66.77513,12.886892565704116,geonames_exact,Ocumare del Tuy,VE,
NICAP,NICAP_DB_2446,"Pacific Ocean, At Sea",,,,unresolved,,US,
NICAP,NICAP_DB_2447,"New York City, NY",40.71427,-74.00597,40.0,geonames_exact,New York City,US,NY
NICAP,NICAP_DB_2448,"Leefe (near), WY",,,,unresolved,,US,WY
NICAP,NICAP_DB_2449,"Maiquetia (near), Venezuela",10.5945,-66.95624,7.2501034475378345,geonames_exact,Maiquetía,VE,
NICAP,NICAP_DB_2450,"Miho AFB (2 miles E of), Japan",,,,unresolved,,JP,
NICAP,NICAP_DB_2451,"St. Louis, MO",38.635699,-90.244582,8.429990114664035,place_exact,St. Louis city,US,MO
NICAP,NICAP_DB_2452,"Portville, NY",42.036706,-78.337256,5.0,place_exact,Portville village,US,NY
NICAP,NICAP_DB_2453,"Northern Area, US",,,,unresolved,,US,
NICAP,NICAP_DB_2454,"Red Bluff, CA",40.173515,-122.241525,5.0,place_exact,Red Bluff city,US,CA
NICAP,NICAP_DB_2455,"Red Bluff, CA",40.173515,-122.241525,5.0,place_exact,Red Bluff city,US,CA
NICAP,NICAP_DB_2456,"Oak Forest, IL",41.60668,-87.753299,5.0,place_exact,Oak Forest city,US,IL
NICAP,NICAP_DB_2457,"Wichita, KS",37.690638,-97.345836,13.65536947707954,place_exact,Wichita city,US,KS
NICAP,NICAP_DB_2458,"Bethpage, NY",40.749517,-73.485536,5.0,place_exact,Bethpage CDP,US,NY
NICAP,NICAP_DB_2459,"Mesa, AZ",33.400626,-111.716487,12.635801852056893,place_exact,Mesa city,US,AZ
NICAP,NICAP_DB_2460,"Crete, IL",41.440524,-87.624471,5.0,place_exact,Crete village,US,IL
NICAP,NICAP_DB_2461,"Lexington, KY",37.98869,-84.47772,17.898240136952012,geonames_exact,Lexington,US,KY
NICAP,NICAP_DB_2462,"Sonoma County, CA",,,,unresolved,,US,CA
NICAP,NICAP_DB_2463,"Ridgecrest, CA",35.628542,-117.663992,5.0,place_exact,Ridgecrest city,US,CA
NICAP,NICAP_DB_2464,"Carrizales, Venezuela",,,,unresolved,,VE,
NICAP,NICAP_DB_2465,"Kirksville AFS, MO",,,,unresolved,,US,MO
NICAP,NICAP_DB_2466,"Susanville, CA",40.433674,-120.628306,5.0,place_exact,Susanville city,US,CA
NICAP,NICAP_DB_2467,"Kirksville AFS, MO",,,,unresolved,,US,MO
NICAP,NICAP_DB_2468,"Farmington (SE of), NM",36.753833,-108.18053,6.298242259198638,place_exact,Farmington city,US,NM
NICAP,NICAP_DB_2469,"Midway Isles, At Sea",,,,unresolved,,US,
NICAP,NICAP_DB_2470,"Kirksville, MO",40.198171,-92.574562,5.0,place_exact,Kirksville city,US,MO
NICAP,NICAP_DB_2471,"Sheppard AFB, Wichita Falls, TX",,,,unresolved,,US,TX
NICAP,NICAP_DB_2472,"Arlington, TX",32.700708,-97.124691,10.50480495350157,place_exact,Arlington city,US,TX
NICAP,NICAP_DB_2473,"City unknown, Tasmania",,,,unresolved,,US,
NICAP,NICAP_DB_2474,"Mount Kisco, NY",41.201696,-73.728258,5.0,place_exact,Mount Kisco village,US,NY
NICAP,NICAP_DB_2475,"Longpoint, IL",41.005256,-88.893031,7.5,place_fuzzy,Long Point village,US,IL
NICAP,NICAP_DB_2476,"Cressy (30 miles from), Tasmania",,,,unresolved,,US,
NICAP,NICAP_DB_2477,"Lexington, KY",37.98869,-84.47772,17.898240136952012,geonames_exact,Lexington,US,KY
NICAP,NICAP_DB_2478,"Dillsboro, IN",39.018448,-85.053041,5.0,place_exact,Dillsboro town,US,IN
NICAP,NICAP_DB_2479,"Lexington, KY",37.98869,-84.47772,17.898240136952012,geonames_exact,Lexington,US,KY
NICAP,NICAP_DB_2480,"Unknown City, OH",,,,unresolved,,US,OH
NICAP,NICAP_DB_2481,"Chula Vista, CA",32.62767,-117.01517,7.5589749158055675,place_exact,Chula Vista city,US,CA
NICAP,NICAP_DB_2482,"Vincennes, IN",38.676102,-87.511119,5.0,place_exact,Vincennes city,US,IN
NICAP,NICAP_DB_2483,"Kyushu (South of), Japan",,,,unresolved,,JP,
NICAP,NICAP_DB_2484,"Miho, Japan",,,,unresolved,,JP,
NICAP,NICAP_DB_2485,"Moscow (near), USSR",55.75204,37.61781,40.0,geonames_exact,Moscow,RU,
NICAP,NICAP_DB_2486,"Cape Canaveral, FL",28.393226,-80.604791,5.0,place_exact,Cape Canaveral city,US,FL
NICAP,NICAP_DB_2487,"Cape Canaveral, FL",28.393226,-80.604791,5.0,place_exact,Cape Canaveral city,US,FL
NICAP,NICAP_DB_2488,"Atlantic bet. Cuba and Haiti, At Sea",,,,unresolved,,US,
NICAP,NICAP_DB_2489,"Wichita Falls, TX",33.906654,-98.525848,9.104481826734201,place_exact,Wichita Falls city,US,TX
NICAP,NICAP_DB_2491,"Benjamin, TX",33.583606,-99.792932,5.0,place_exact,Benjamin city,US,TX
NICAP,NICAP_DB_2492,"Eglin AFB, FL",30.6071221180001,-86.326376962,10.0,dod_site,Eglin Air Force Base,US,FL
NICAP,NICAP_DB_2493,"Western Europe, France",,,,unresolved,,FR,
NICAP,NICAP_DB_2494,"Unknown City, ME",,,,unresolved,,US,ME
NICAP,NICAP_DB_2495,"Atlantic N of Bermuda, At Sea",,,,unresolved,,US,
NICAP,NICAP_DB_2496,"Misawa AFB, Japan",40.68682,141.38969,6.542553018508906,geonames_exact,Misawa,JP,
NICAP,NICAP_DB_2497,"Tyndall AFB, FL",30.0467400800001,-85.5588489799999,10.0,dod_site,Tyndall Air Force Base,US,FL
NICAP,NICAP_DB_2498,"Yuma, AZ",32.516286,-114.521782,11.785785977655928,place_exact,Yuma city,US,AZ
NICAP,NICAP_DB_2499,"Ft. Meade, MD",39.1057,-76.743278,5.0,place_exact,Fort Meade CDP,US,MD
NICAP,NICAP_DB_2500,"Herndon, VA",38.970412,-77.387073,5.0,place_exact,Herndon town,US,VA
NICAP,NICAP_DB_2501,"Bark River, MI",,,,unresolved,,US,MI
NICAP,NICAP_DB_2502,"Waverly AFB, IA",42.722049,-92.469462,15.0,place_exact_basename,Waverly city,US,IA
NICAP,NICAP_DB_2503,"Lakeville, MA",,,,unresolved,,US,MA
NICAP,NICAP_DB_2504,"Ephrata, WA",47.312199,-119.534176,5.0,place_exact,Ephrata city,US,WA
NICAP,NICAP_DB_2505,"RAF Upper Heyford, UK",,,,unresolved,,GB,
NICAP,NICAP_DB_2506,"Unknown City, Antarctica",,,,unresolved,,US,
NICAP,NICAP_DB_2507,"Kemah, TX",29.528537,-95.020004,5.0,place_exact,Kemah city,US,TX
NICAP,NICAP_DB_2508,"Ft. Pierce, FL",27.426112,-80.342488,5.233120760013941,place_exact,Fort Pierce city,US,FL
NICAP,NICAP_DB_2509,"Kingsville, TX",27.509201,-97.861028,5.0,place_exact,Kingsville city,US,TX
NICAP,NICAP_DB_2510,"Cape Canaveral, FL",28.393226,-80.604791,5.0,place_exact,Cape Canaveral city,US,FL
NICAP,NICAP_DB_2511,"Marianas Islands, Asia",,,,unresolved,,US,
NICAP,NICAP_DB_2512,"Eagle River, WI",45.924695,-89.257779,5.0,place_exact,Eagle River city,US,WI
NICAP,NICAP_DB_2513,"Hanna City AFS, IL",,,,unresolved,,US,IL
NICAP,NICAP_DB_2514,"San Francisco (200 miles SW of), At Sea",,,,unresolved,,US,
NICAP,NICAP_DB_2515,"Union Mills, IN",,,,unresolved,,US,IN
NICAP,NICAP_DB_2516,"Bay Minette (About 7 miles W of), AL",30.894436,-87.791306,5.0,place_exact,Bay Minette city,US,AL
NICAP,NICAP_DB_2517,"Long Beach, CA",33.780791,-118.16818,7.640413252348767,place_exact,Long Beach city,US,CA
NICAP,NICAP_DB_2518,"Maxwell AFB, Montgomery, AL",,,,unresolved,,US,AL
NICAP,NICAP_DB_2519,"Tyndall AFB, FL",30.0467400800001,-85.5588489799999,10.0,dod_site,Tyndall Air Force Base,US,FL
NICAP,NICAP_DB_2520,"Tyndall AFB, FL",30.0467400800001,-85.5588489799999,10.0,dod_site,Tyndall Air Force Base,US,FL
NICAP,NICAP_DB_2521,"Bronson and Cross City, FL",29.449109,-82.638474,5.0,place_exact,Bronson town,US,FL
NICAP,NICAP_DB_2522,"Shepperton, Middlesex, UK",,,,unresolved,,GB,
NICAP,NICAP_DB_2523,"Newark, OH",40.069732,-82.424925,5.0,place_exact,Newark city,US,OH
NICAP,NICAP_DB_2524,"Tampa, FL",27.967876,-82.474586,11.456178614374187,place_exact,Tampa city,US,FL
NICAP,NICAP_DB_2525,"Miyako Jima Air Station, Japan",,,,unresolved,,JP,
NICAP,NICAP_DB_2526,"Blue Ridge Summit, PA",39.725599,-77.46875,5.0,place_exact,Blue Ridge Summit CDP,US,PA
NICAP,NICAP_DB_2527,"Exeter, UK",50.7236,-3.52751,11.432803680637571,geonames_exact,Exeter,GB,
NICAP,NICAP_DB_2528,"Pacific Ocean, At Sea",,,,unresolved,,US,
NICAP,NICAP_DB_2529,"Akron, OH",41.080456,-81.521429,8.443410737900228,place_exact,Akron city,US,OH
NICAP,NICAP_DB_2530,"Copemiah, MI",44.481667,-85.92515,7.5,place_fuzzy,Copemish village,US,MI
NICAP,NICAP_DB_2531,"Golden, CO",39.742483,-105.210561,5.0,place_exact,Golden city,US,CO
NICAP,NICAP_DB_2532,"Springfield, OH",39.928182,-83.800885,5.467399178565415,place_exact,Springfield city,US,OH
NICAP,NICAP_DB_2533,"Las Vegas (Bonnie Springs? near), NV",36.233499,-115.264037,12.777164439386036,place_exact,Las Vegas city,US,NV
NICAP,NICAP_DB_2534,"Houston, TX",29.785743,-95.388806,27.15177795692618,place_exact,Houston city,US,TX
NICAP,NICAP_DB_2535,"Ilha Grande, Brazil",-2.85205,-41.81686,5.0,geonames_exact,Ilha Grande,BR,
NICAP,NICAP_DB_2536,"Kansas City, KS",39.122539,-94.741781,11.982738807690557,place_exact,Kansas City city,US,KS
NICAP,NICAP_DB_2537,"Stillwater, MN",45.058606,-92.830408,5.0,place_exact,Stillwater city,US,MN
NICAP,NICAP_DB_2538,"Albuquerque, NM",35.10478,-106.646809,14.682227578493212,place_exact,Albuquerque city,US,NM
NICAP,NICAP_DB_2539,"Cape Canaveral, FL",28.393226,-80.604791,5.0,place_exact,Cape Canaveral city,US,FL
NICAP,NICAP_DB_2540,"Crawfordsville, IN",40.042815,-86.897574,5.0,place_exact,Crawfordsville city,US,IN
NICAP,NICAP_DB_2541,"Indian Head, NH",,,,unresolved,,US,NH
NICAP,NICAP_DB_2542,"Lincoln (Pease AFB), NH",44.060725,-71.670862,5.0,place_exact,Lincoln CDP,US,NH
NICAP,NICAP_DB_2543,"Pacific Ocean near, Wake Island",,,,unresolved,,US,
NICAP,NICAP_DB_2544,"Pacific Coast, At Sea",,,,unresolved,,US,
NICAP,NICAP_DB_2545,"Las Vegas, NV",36.233499,-115.264037,12.777164439386036,place_exact,Las Vegas city,US,NV
NICAP,NICAP_DB_2546,"Salt Lake City, UT",40.776928,-111.930991,11.269894310852154,place_exact,Salt Lake City city,US,UT
NICAP,NICAP_DB_2547,"Indianapolis, IN",39.76838,-86.15804,29.79332139926665,geonames_exact,Indianapolis,US,IN
NICAP,NICAP_DB_2548,"Datil (near), NM",34.138871,-107.841329,5.0,place_exact,Datil CDP,US,NM
NICAP,NICAP_DB_2549,"Arlington Heights, IL",42.097362,-87.981671,5.0,place_exact,Arlington Heights village,US,IL
NICAP,NICAP_DB_2550,"Oldtown, FL",,,,unresolved,,US,FL
NICAP,NICAP_DB_2551,"Ligonier, PA",40.24494,-79.237487,5.0,place_exact,Ligonier borough,US,PA
NICAP,NICAP_DB_2552,"Grafton (near), ND",48.41391,-97.406164,5.0,place_exact,Grafton city,US,ND
NICAP,NICAP_DB_2553,"Sioux City, IA",42.495668,-96.390525,8.203296871109538,place_exact,Sioux City city,US,IA
NICAP,NICAP_DB_2554,"Washington, D.C.",38.904247,-77.016517,8.388249029313434,place_exact,Washington city,US,DC
NICAP,NICAP_DB_2555,"Winnemucca AFB, NV",40.964562,-117.724641,15.0,place_exact_basename,Winnemucca city,US,NV
NICAP,NICAP_DB_2556,"Kirksville, MO",40.198171,-92.574562,5.0,place_exact,Kirksville city,US,MO
NICAP,NICAP_DB_2557,"Eastern Holland, Holland",,,,unresolved,,NL,
NICAP,NICAP_DB_2558,"Kennebunkport, ME",43.363237,-70.460284,5.0,place_exact,Kennebunkport CDP,US,ME
NICAP,NICAP_DB_2559,"Ashton Clinton, Beds., UK",,,,unresolved,,GB,
NICAP,NICAP_DB_2560,"Parque del Este, Caracas, Venezuela",,,,unresolved,,VE,
NICAP,NICAP_DB_2561,"Winnemucca AFB, NV",40.964562,-117.724641,15.0,place_exact_basename,Winnemucca city,US,NV
NICAP,NICAP_DB_2562,"Dauphin Island, AL",30.250913,-88.171268,5.0,place_exact,Dauphin Island town,US,AL
NICAP,NICAP_DB_2563,"Kotzebue, AK",66.877089,-162.503478,5.338378738489388,place_exact,Kotzebue city,US,AK
NICAP,NICAP_DB_2564,"Salem, NY",43.172667,-73.326617,5.0,place_exact,Salem CDP,US,NY
NICAP,NICAP_DB_2565,"Ramstein AFB, West Germany",,,,unresolved,,DE,
NICAP,NICAP_DB_2566,"Naperville, IL",41.749173,-88.162019,6.706875178998537,place_exact,Naperville city,US,IL
NICAP,NICAP_DB_2567,"Westfield, MA",42.138838,-72.755911,7.297316066731507,place_exact,Westfield city,US,MA
NICAP,NICAP_DB_2568,"Goose Bay, Labrador, CAN",,,,unresolved,,US,
NICAP,NICAP_DB_2569,"Wurtland, KY",38.549598,-82.779018,5.0,place_exact,Wurtland city,US,KY
NICAP,NICAP_DB_2570,"Kunia, HI",,,,unresolved,,US,HI
NICAP,NICAP_DB_2571,"New York to Eureka, Utah, to Nellis AFB, various",,,,unresolved,,US,
NICAP,NICAP_DB_2572,"Philadelphia, PA",40.009376,-75.133346,12.43617722614148,place_exact,Philadelphia city,US,PA
NICAP,NICAP_DB_2573,"Ft. Worth, TX",32.781518,-97.346746,19.99345544032958,place_exact,Fort Worth city,US,TX
NICAP,NICAP_DB_2574,"Edwards AFB, CA",34.890359963,-117.848869349,10.0,dod_site,Edwards Air Force Base,US,CA
NICAP,NICAP_DB_2575,"Unknown City, Argentina",,,,unresolved,,AR,
NICAP,NICAP_DB_2576,"Marksville (and Leesville, Colfax), LA",31.125431,-92.065119,5.0,place_exact,Marksville city,US,LA
NICAP,NICAP_DB_2577,"Pompano Beach, FL",26.241622,-80.133851,5.258485798106608,place_exact,Pompano Beach city,US,FL
NICAP,NICAP_DB_2578,"Defiance, OH",41.28099,-84.365835,5.0,place_exact,Defiance city,US,OH
NICAP,NICAP_DB_2579,"Unknown City, UK",,,,unresolved,,GB,
NICAP,NICAP_DB_2580,"Albuquerque, NM",35.10478,-106.646809,14.682227578493212,place_exact,Albuquerque city,US,NM
NICAP,NICAP_DB_2581,"Westfield, MA",42.138838,-72.755911,7.297316066731507,place_exact,Westfield city,US,MA
NICAP,NICAP_DB_2582,"Palmer, AK",61.597168,-149.114679,5.0,place_exact,Palmer city,US,AK
NICAP,NICAP_DB_2583,"Hallett Station, Antarctica",,,,unresolved,,US,
NICAP,NICAP_DB_2584,"Indianapolis, IN",39.76838,-86.15804,29.79332139926665,geonames_exact,Indianapolis,US,IN
NICAP,NICAP_DB_2585,"Columbus, GA",32.510197,-84.874946,15.78633390696593,place_exact,Columbus city,US,GA
NICAP,NICAP_DB_2586,"Richmond, VA",37.531399,-77.476009,8.30542170980967,place_exact,Richmond city,US,VA
NICAP,NICAP_DB_2587,"New Iberia, LA",30.005493,-91.820307,5.0,place_exact,New Iberia city,US,LA
NICAP,NICAP_DB_2588,"Edwards AFB, CA",34.890359963,-117.848869349,10.0,dod_site,Edwards Air Force Base,US,CA
NICAP,NICAP_DB_2589,"Metuchen, NJ",40.542445,-74.362767,5.0,place_exact,Metuchen borough,US,NJ
NICAP,NICAP_DB_2590,"Ocean Springs, MS",30.402704,-88.788647,5.0,place_exact,Ocean Springs city,US,MS
NICAP,NICAP_DB_2591,"Pojucara, Bela Horizonte (near), Brazil",,,,unresolved,,BR,
NICAP,NICAP_DB_2592,"Liberal, KS",37.046111,-100.929609,5.0,place_exact,Liberal city,US,KS
NICAP,NICAP_DB_2593,"Oracle, AZ",32.608522,-110.782595,5.0,place_exact,Oracle CDP,US,AZ
NICAP,NICAP_DB_2595,"Denver (near), CO",39.76185,-104.881105,13.274259669668128,place_exact,Denver city,US,CO
NICAP,NICAP_DB_2596,"Unknown location in Bermuda, Bermuda",,,,unresolved,,BM,
NICAP,NICAP_DB_2597,"Floresta, Argentine",,,,unresolved,,US,
NICAP,NICAP_DB_2598,"Oradell, NJ",40.956653,-74.032862,5.0,place_exact,Oradell borough,US,NJ
NICAP,NICAP_DB_2599,"Westwood, NJ",40.989032,-74.031872,5.0,place_exact,Westwood borough,US,NJ
NICAP,NICAP_DB_2600,"Hawthorne, NJ",40.956957,-74.158561,5.0,place_exact,Hawthorne borough,US,NJ
NICAP,NICAP_DB_2601,"Northeast, OH",,,,unresolved,,US,OH
NICAP,NICAP_DB_2602,"Hawthorne, NJ",40.956957,-74.158561,5.0,place_exact,Hawthorne borough,US,NJ
NICAP,NICAP_DB_2603,"Biloxi (WSW of), MS",30.426663,-88.935762,7.030220543403236,place_exact,Biloxi city,US,MS
NICAP,NICAP_DB_2604,"Btn Hawthorne & N. Haledon, NJ",,,,unresolved,,US,NJ
NICAP,NICAP_DB_2605,"Hawthorne, NJ",40.956957,-74.158561,5.0,place_exact,Hawthorne borough,US,NJ
NICAP,NICAP_DB_2606,"Hawthorne, NJ",40.956957,-74.158561,5.0,place_exact,Hawthorne borough,US,NJ
NICAP,NICAP_DB_2607,"Hawthorne, NJ",40.956957,-74.158561,5.0,place_exact,Hawthorne borough,US,NJ
NICAP,NICAP_DB_2608,"Hawthorne (7 counties near), NJ",40.956957,-74.158561,5.0,place_exact,Hawthorne borough,US,NJ
NICAP,NICAP_DB_2609,"Palermo AFB, NY",,,,unresolved,,US,NY
NICAP,NICAP_DB_2610,"Chicago, IL",41.837045,-87.684939,16.190785623653692,place_exact,Chicago city,US,IL
NICAP,NICAP_DB_2611,"Farmington, UT",40.984669,-111.906306,5.0,place_exact,Farmington city,US,UT
NICAP,NICAP_DB_2612,"Delta, CO",38.757371,-108.087985,5.0,place_exact,Delta city,US,CO
NICAP,NICAP_DB_2613,"North Bay, Greenland",,,,unresolved,,GL,
NICAP,NICAP_DB_2614,"Tampa, FL",27.967876,-82.474586,11.456178614374187,place_exact,Tampa city,US,FL
NICAP,NICAP_DB_2615,"Amagasaki City, Japan",,,,unresolved,,JP,
NICAP,NICAP_DB_2616,"Angel Falls, Venezuela",,,,unresolved,,VE,
NICAP,NICAP_DB_2618,"Buenos Aires, Argentina",-34.61315,-58.37723,40.0,geonames_exact,Buenos Aires,AR,
NICAP,NICAP_DB_2619,"Nantucket Point, Long Island, NY",,,,unresolved,,US,NY
NICAP,NICAP_DB_2620,"Lexington, KY",37.98869,-84.47772,17.898240136952012,geonames_exact,Lexington,US,KY
NICAP,NICAP_DB_2621,"Shilton, UK",52.27908,-0.11222,7.5,geonames_fuzzy,Hilton,GB,
NICAP,NICAP_DB_2622,"Mamina, Chile",,,,unresolved,,CL,
NICAP,NICAP_DB_2623,"Ascension, Paraguay",,,,unresolved,,US,
NICAP,NICAP_DB_2624,"Washington (near), DC",38.904247,-77.016517,8.388249029313434,place_exact,Washington city,US,DC
NICAP,NICAP_DB_2625,"Charlottesville, VA",38.037658,-78.485381,5.0,place_exact,Charlottesville city,US,VA
NICAP,NICAP_DB_2626,"Montibello, VA",,,,unresolved,,US,VA
NICAP,NICAP_DB_2627,"Willow Grove, AU",,,,unresolved,,US,
NICAP,NICAP_DB_2628,"Arctic Ocean, At Sea",,,,unresolved,,US,
NICAP,NICAP_DB_2629,"Louisiana, Arkansas, Texas, various",,,,unresolved,,US,
NICAP,NICAP_DB_2630,"Oahu, HI",,,,unresolved,,US,HI
NICAP,NICAP_DB_2631,"Paine, Chile",-33.80796,-70.74109,8.529888627643388,geonames_exact,Paine,CL,
NICAP,NICAP_DB_2632,"Cape Canaveral, FL",28.393226,-80.604791,5.0,place_exact,Cape Canaveral city,US,FL
NICAP,NICAP_DB_2633,"New Plymouth, NZ",,,,unresolved,,US,
NICAP,NICAP_DB_2634,"Mt. Gambler (near), AU",,,,unresolved,,US,
NICAP,NICAP_DB_2635,"Pequannock, NJ",,,,unresolved,,US,NJ
NICAP,NICAP_DB_2636,"Sunnyvale, CA",37.385797,-122.026316,5.039211402149701,place_exact,Sunnyvale city,US,CA
NICAP,NICAP_DB_2637,"Atlantic Ocean, At Sea",,,,unresolved,,US,
NICAP,NICAP_DB_2638,"Middletown, NY",41.444922,-74.423573,5.0,place_exact,Middletown city,US,NY
NICAP,NICAP_DB_2639,"Venezuela (200 miles N of), At Sea",,,,unresolved,,US,
NICAP,NICAP_DB_2640,"Palmerston, North City, NZ",,,,unresolved,,US,
NICAP,NICAP_DB_2641,"Niagara Falls, NY",43.092841,-79.014743,5.0,place_exact,Niagara Falls city,US,NY
NICAP,NICAP_DB_2642,"Burlington, MA",42.503227,-71.201713,5.0,place_exact,Burlington CDP,US,MA
NICAP,NICAP_DB_2643,"Chicago, IL",41.837045,-87.684939,16.190785623653692,place_exact,Chicago city,US,IL
NICAP,NICAP_DB_2644,"Rockland, MA",42.13066,-70.91616,5.0,geonames_exact,Rockland,US,MA
NICAP,NICAP_DB_2645,"Pine Crest, CA",,,,unresolved,,US,CA
NICAP,NICAP_DB_2646,"Boston, MA",42.338551,-71.018253,7.459579344708387,place_exact,Boston city,US,MA
NICAP,NICAP_DB_2647,"Glen Ellyn, IL",41.866715,-88.062711,5.0,place_exact,Glen Ellyn village,US,IL
NICAP,NICAP_DB_2648,"Tuscon, AZ",,,,unresolved,,US,AZ
NICAP,NICAP_DB_2649,"Sunnyvale, CA",37.385797,-122.026316,5.039211402149701,place_exact,Sunnyvale city,US,CA
NICAP,NICAP_DB_2650,"Springfield, IL",39.791063,-89.644572,8.38903474781217,place_exact,Springfield city,US,IL
NICAP,NICAP_DB_2651,"Garston, Herts, UK",,,,unresolved,,GB,
NICAP,NICAP_DB_2652,"Wayne City, IL",38.348062,-88.589582,5.0,place_exact,Wayne City village,US,IL
NICAP,NICAP_DB_2653,"Sanford, Fl",28.789425,-81.275624,5.20983557002202,place_exact,Sanford city,US,FL
NICAP,NICAP_DB_2654,"Fairfield (4 miles E of ), IL",38.380632,-88.372524,5.0,place_exact,Fairfield city,US,IL
NICAP,NICAP_DB_2655,"Mount Vernon, IL",38.314205,-88.91747,5.0,place_exact,Mount Vernon city,US,IL
NICAP,NICAP_DB_2656,"Warrenville, IL",41.820977,-88.187454,5.0,place_exact,Warrenville city,US,IL
NICAP,NICAP_DB_2657,"St. Calen, Switzerland",,,,unresolved,,CH,
NICAP,NICAP_DB_2658,"Ellsworth (near), ME",44.58293,-68.480094,9.55343196041204,place_exact,Ellsworth city,US,ME
NICAP,NICAP_DB_2659,"Honolulu, HI",21.30694,-157.85833,18.734033201636,geonames_exact,Honolulu,US,HI
NICAP,NICAP_DB_2660,"Susanville, CA",40.433674,-120.628306,5.0,place_exact,Susanville city,US,CA
NICAP,NICAP_DB_2661,"Vandalia, OH",39.878977,-84.192224,5.0,place_exact,Vandalia city,US,OH
NICAP,NICAP_DB_2662,"Ft. Kent, ME",47.251738,-68.587216,5.0,place_exact,Fort Kent CDP,US,ME
NICAP,NICAP_DB_2663,"Huntsville, AR",36.098656,-93.733244,5.0,place_exact,Huntsville city,US,AR
NICAP,NICAP_DB_2664,"Wonthaggi, Victoria, AU",,,,unresolved,,US,
NICAP,NICAP_DB_2665,"Sunnyvale, CA",37.385797,-122.026316,5.039211402149701,place_exact,Sunnyvale city,US,CA
NICAP,NICAP_DB_2666,"Mediterranean, Off the coast of Sardinia, At sea",,,,unresolved,,US,
NICAP,NICAP_DB_2667,"East Hartland, CT",,,,unresolved,,US,CT
NICAP,NICAP_DB_2668,"Trancas, Arg",,,,unresolved,,US,
NICAP,NICAP_DB_2669,"Bedford, OH",41.392123,-81.53468,5.0,place_exact,Bedford city,US,OH
NICAP,NICAP_DB_2670,"Philadelphia, PA",40.009376,-75.133346,12.43617722614148,place_exact,Philadelphia city,US,PA
NICAP,NICAP_DB_2671,"Lanham, MD",38.962124,-76.839173,5.0,place_exact,Lanham CDP,US,MD
NICAP,NICAP_DB_2672,"Meridian, ID",43.611493,-116.397763,6.354618862598204,place_exact,Meridian city,US,ID
NICAP,NICAP_DB_2673,"Cupar Fife, Scotland",,,,unresolved,,GB,
NICAP,NICAP_DB_2674,"Daylston, Victoria, AU",,,,unresolved,,US,
NICAP,NICAP_DB_2675,"Corona, NY",40.74705,-73.86014,10.473681301242655,geonames_exact,Corona,US,NY
NICAP,NICAP_DB_2676,"San Francisco, CA",37.727239,-123.032229,7.348683600936066,place_exact,San Francisco city,US,CA
NICAP,NICAP_DB_2677,"Unknown City, Argentina",,,,unresolved,,AR,
NICAP,NICAP_DB_2679,"Port Huron, MI",42.993766,-82.433743,5.0,place_exact,Port Huron city,US,MI
NICAP,NICAP_DB_2680,"Carson City, NV",39.1638,-119.7674,7.657610593390082,geonames_exact,Carson City,US,NV
NICAP,NICAP_DB_2681,"Neche, ND",48.983043,-97.551699,5.0,place_exact,Neche city,US,ND
NICAP,NICAP_DB_2682,"Grand Rapids, MI",42.961156,-85.65557,7.1792540002426435,place_exact,Grand Rapids city,US,MI
NICAP,NICAP_DB_2683,"Carrasco (near), Uruguay",,,,unresolved,,US,
NICAP,NICAP_DB_2684,"APO 253, France",,,,unresolved,,FR,
NICAP,NICAP_DB_2685,"White Plains, NY",41.0238,-73.751048,5.0,place_exact,White Plains city,US,NY
NICAP,NICAP_DB_2686,"McMinnville, OR",45.211047,-123.191822,5.0,place_exact,McMinnville city,US,OR
NICAP,NICAP_DB_2687,"Midway Island (800 miles N of), At Sea",,,,unresolved,,US,
NICAP,NICAP_DB_2688,"Pacific Ocean, At Sea",,,,unresolved,,US,
NICAP,NICAP_DB_2689,"Moultrie, GA",31.17943,-83.790786,5.0,place_exact,Moultrie city,US,GA
NICAP,NICAP_DB_2690,"Liberty, NY",41.796593,-74.743195,5.0,place_exact,Liberty village,US,NY
NICAP,NICAP_DB_2691,"Monticello, WI",42.744662,-89.590257,5.0,place_exact,Monticello village,US,WI
NICAP,NICAP_DB_2692,"Merced, CA",37.305712,-120.477905,5.173785590197311,place_exact,Merced city,US,CA
NICAP,NICAP_DB_2694,"Homer, NY",42.637233,-76.185377,5.0,place_exact,Homer village,US,NY
NICAP,NICAP_DB_2695,"Fallon AFS, NV",,,,unresolved,,US,NV
NICAP,NICAP_DB_2696,"Socorro, NM",34.054535,-106.906199,5.0,place_exact,Socorro city,US,NM
NICAP,NICAP_DB_2697,"Newark Valley, NY",42.222905,-76.186776,5.0,place_exact,Newark Valley village,US,NY
NICAP,NICAP_DB_2698,"Las Vegas, NV",36.233499,-115.264037,12.777164439386036,place_exact,Las Vegas city,US,NV
NICAP,NICAP_DB_2700,"Minot AFB, ND",48.4153580980001,-101.32274284,10.0,dod_site,Minot Air Force Base,US,ND
NICAP,NICAP_DB_2701,"Canyon Ferry Reservoir, MT",,,,unresolved,,US,MT
NICAP,NICAP_DB_2702,"Stallion Test Site, NM",,,,unresolved,,US,NM
NICAP,NICAP_DB_2703,"Comstock, MN",46.659615,-96.746537,5.0,place_exact,Comstock city,US,MN
NICAP,NICAP_DB_2704,"Asheville, NC",35.570972,-82.552725,7.234733167159657,place_exact,Asheville city,US,NC
NICAP,NICAP_DB_2705,"Chicago, IL",41.837045,-87.684939,16.190785623653692,place_exact,Chicago city,US,IL
NICAP,NICAP_DB_2706,"La Rioja, Arg",,,,unresolved,,US,
NICAP,NICAP_DB_2707,"White Sands, NM",32.38044,-106.479113,5.0,place_exact,White Sands CDP,US,NM
NICAP,NICAP_DB_2708,"Lawrence (near), OH",,,,unresolved,,US,OH
NICAP,NICAP_DB_2709,"Tipton, IN",40.282033,-86.042326,5.0,place_exact,Tipton city,US,IN
NICAP,NICAP_DB_2710,"Mount Vernon, VA",38.713363,-77.105219,5.0,place_exact,Mount Vernon CDP,US,VA
NICAP,NICAP_DB_2711,"Hubbard, OR",45.181835,-122.807182,5.0,place_exact,Hubbard city,US,OR
NICAP,NICAP_DB_2712,"Millinocket, ME",45.659216,-68.698148,5.0,place_exact,Millinocket CDP,US,ME
NICAP,NICAP_DB_2713,"White Sands, NM",32.38044,-106.479113,5.0,place_exact,White Sands CDP,US,NM
NICAP,NICAP_DB_2714,"Cambridge, MA",42.376043,-71.11868,5.0,place_exact,Cambridge city,US,MA
NICAP,NICAP_DB_2715,"Pleasantview, PA",40.609262,-79.575054,7.5,place_fuzzy,Pleasant View CDP,US,PA
NICAP,NICAP_DB_2716,"Point Isabel, OH",,,,unresolved,,US,OH
NICAP,NICAP_DB_2717,"Toledo, OH",41.664071,-83.581861,9.625487116100786,place_exact,Toledo city,US,OH
NICAP,NICAP_DB_2718,"Lavonia (near), GA",34.433911,-83.107959,5.0,place_exact,Lavonia city,US,GA
NICAP,NICAP_DB_2720,"Lavonia (near), GA",34.433911,-83.107959,5.0,place_exact,Lavonia city,US,GA
NICAP,NICAP_DB_2721,"Lavonia (near), GA",34.433911,-83.107959,5.0,place_exact,Lavonia city,US,GA
NICAP,NICAP_DB_2722,"Rome, IN",,,,unresolved,,US,IN
NICAP,NICAP_DB_2723,"Cape Guardeau, MO",37.310088,-89.558028,8.678295512368774,place_fuzzy,Cape Girardeau city,US,MO
NICAP,NICAP_DB_2724,"Houghton Lake (15 miles south of), MI",44.301067,-84.749865,5.0,place_exact,Houghton Lake CDP,US,MI
NICAP,NICAP_DB_2725,"Conklin, NY",42.03424,-75.8038,5.0,geonames_exact,Conklin,US,NY
NICAP,NICAP_DB_2727,"Clinton, IA",41.842365,-90.242816,6.401501490535899,place_exact,Clinton city,US,IA
NICAP,NICAP_DB_2729,"Langley AFB, VA",,,,unresolved,,US,VA
NICAP,NICAP_DB_2730,"Norwich, NY",42.533322,-75.522758,5.0,place_exact,Norwich city,US,NY
NICAP,NICAP_DB_2731,"Denver, CO",39.76185,-104.881105,13.274259669668128,place_exact,Denver city,US,CO
NICAP,NICAP_DB_2732,"Lake Chelan, WA",,,,unresolved,,US,WA
NICAP,NICAP_DB_2733,"Wake Island (on the airstrip), Wake Island",,,,unresolved,,US,
NICAP,NICAP_DB_2734,"New York City, NY",40.71427,-74.00597,40.0,geonames_exact,New York City,US,NY
NICAP,NICAP_DB_2735,"Yosemite Park, CA",,,,unresolved,,US,CA
NICAP,NICAP_DB_2736,"Dover (Atlantic, 200 miles E of), DE",39.160602,-75.521659,5.2196395788725996,place_exact,Dover city,US,DE
NICAP,NICAP_DB_2737,"Cisco Grove (near), CA",,,,unresolved,,US,CA
NICAP,NICAP_DB_2738,"Cisco Grove (near), CA",,,,unresolved,,US,CA
NICAP,NICAP_DB_2739,"Cedar Grove, NJ",40.85177,-74.22903,5.0,geonames_exact,Cedar Grove,US,NJ
NICAP,NICAP_DB_2740,"Big Sur, CA",,,,unresolved,,US,CA
NICAP,NICAP_DB_2741,"Brockton, MA",42.082543,-71.024638,5.0,place_exact,Brockton city,US,MA
NICAP,NICAP_DB_2742,"Caribbean, At Sea",,,,unresolved,,US,
NICAP,NICAP_DB_2743,"Somerset, UK",,,,unresolved,,GB,
NICAP,NICAP_DB_2744,"Menomonee Falls, WI",43.159411,-88.121548,6.154802785900888,place_exact,Menomonee Falls village,US,WI
NICAP,NICAP_DB_2745,"Caribbean, At Sea",,,,unresolved,,US,
NICAP,NICAP_DB_2746,"Caribbean, At Sea",,,,unresolved,,US,
NICAP,NICAP_DB_2747,"Caribbean, At Sea",,,,unresolved,,US,
NICAP,NICAP_DB_2748,"S Puerto Rico, Puerto Rico",,,,unresolved,,US,PR
NICAP,NICAP_DB_2749,"Tokyo (Pacific, 1400 miles E of), At Sea",,,,unresolved,,US,
NICAP,NICAP_DB_2750,"220 miles NW of Puerto Rico, At Sea",,,,unresolved,,US,
NICAP,NICAP_DB_2751,"Caribbean, At Sea",,,,unresolved,,US,
NICAP,NICAP_DB_2752,"New Berlin, NY",42.623983,-75.335317,5.0,place_exact,New Berlin village,US,NY
NICAP,NICAP_DB_2753,"Baker, OR",,,,unresolved,,US,OR
NICAP,NICAP_DB_2754,"Patuxent River NAS, MD",38.2819912050001,-76.420255728,10.0,dod_site,Naval Air Station Patuxent River,US,MD
NICAP,NICAP_DB_2755,"Staunton, VA",38.157978,-79.061876,5.0,place_exact,Staunton city,US,VA
NICAP,NICAP_DB_2756,"Harrisonburg, VA",38.436255,-78.873303,5.0,place_exact,Harrisonburg city,US,VA
NICAP,NICAP_DB_2757,"Norfolk, VA",36.923015,-76.244641,7.8310331658373435,place_exact,Norfolk city,US,VA
NICAP,NICAP_DB_2758,"Wallops Island, VA",,,,unresolved,,US,VA
NICAP,NICAP_DB_2759,"Lynchburg, VA",37.399016,-79.195458,7.508467250008117,place_exact,Lynchburg city,US,VA
NICAP,NICAP_DB_2760,"Georgetown, SC",33.372432,-79.280793,5.0,place_exact,Georgetown city,US,SC
NICAP,NICAP_DB_2762,"South Boston, VA",36.711825,-78.913354,5.0,place_exact,South Boston town,US,VA
NICAP,NICAP_DB_2763,"Silver Springs, MD",39.002441,-77.020791,7.5,place_fuzzy,Silver Spring CDP,US,MD
NICAP,NICAP_DB_2764,"Washington, DC",38.904247,-77.016517,8.388249029313434,place_exact,Washington city,US,DC
NICAP,NICAP_DB_2765,"Blaine AFB, WA",48.98719,-122.74877,15.0,place_exact_basename,Blaine city,US,WA
NICAP,NICAP_DB_2766,"Thaxton, VA",,,,unresolved,,US,VA
NICAP,NICAP_DB_2767,"Wilmot, NH",43.45174,-71.91369,5.0,geonames_exact,Wilmot,US,NH
NICAP,NICAP_DB_2768,"Buchanan, VA",37.520854,-79.691059,5.0,place_exact,Buchanan town,US,VA
NICAP,NICAP_DB_2769,"Brand's Flats, VA",,,,unresolved,,US,VA
NICAP,NICAP_DB_2770,"Long Beach, MS",30.354468,-89.162678,5.0,place_exact,Long Beach city,US,MS
NICAP,NICAP_DB_2771,"Richmond, VA",37.531399,-77.476009,8.30542170980967,place_exact,Richmond city,US,VA
NICAP,NICAP_DB_2772,"Baltimore, MD",39.300032,-76.610476,9.652848215250598,place_exact,Baltimore city,US,MD
NICAP,NICAP_DB_2773,"Williamsburg, VA",37.269481,-76.708193,5.0,place_exact,Williamsburg city,US,VA
NICAP,NICAP_DB_2774,"Bedford, VA",37.336272,-79.517716,5.0,place_exact,Bedford town,US,VA
NICAP,NICAP_DB_2775,"AltaVista, VA",37.123438,-79.283378,5.0,place_exact,Altavista town,US,VA
NICAP,NICAP_DB_2776,"Hampton, VA",37.047961,-76.297293,7.696539337765888,place_exact,Hampton city,US,VA
NICAP,NICAP_DB_2777,"Plum Tree Island, VA",,,,unresolved,,US,VA
NICAP,NICAP_DB_2778,"Various Locations, AK",,,,unresolved,,US,AK
NICAP,NICAP_DB_2779,"Newport News, VA",37.076136,-76.52198,8.911402283965563,place_exact,Newport News city,US,VA
NICAP,NICAP_DB_2780,"Tallahassee, FL",30.455131,-84.253418,10.778864689752814,place_exact,Tallahassee city,US,FL
NICAP,NICAP_DB_2781,"VA, DC, MD, various",,,,unresolved,,US,
NICAP,NICAP_DB_2782,"Bt. Anchorage, Alaska & Tachikawa Air Base, Japan",,,,unresolved,,JP,
NICAP,NICAP_DB_2783,"Pacific Ocean, At Sea",,,,unresolved,,US,
NICAP,NICAP_DB_2784,"Nr. Brooksville, FL",28.577393,-82.331867,7.5,place_fuzzy,North Brooksville CDP,US,FL
NICAP,NICAP_DB_2785,"Point au Fer Reef, LA",,,,unresolved,,US,LA
NICAP,NICAP_DB_2786,"Corvallis, OR",44.569949,-123.278285,5.0,place_exact,Corvallis city,US,OR
NICAP,NICAP_DB_2787,"New York, NY",40.662712,-73.938677,18.59707603062613,place_exact,New York city,US,NY
NICAP,NICAP_DB_2788,"Mount Airy, MD",39.374693,-77.153807,5.0,place_exact,Mount Airy town,US,MD
NICAP,NICAP_DB_2789,"Everglades, FL",25.857784,-81.386481,5.0,place_exact,Everglades city,US,FL
NICAP,NICAP_DB_2790,"Himeji, Japan",34.81667,134.7,23.03247707043252,geonames_exact,Himeji,JP,
NICAP,NICAP_DB_2793,"Osaka (near Himeji), Japan",34.69379,135.50107,40.0,geonames_exact,Osaka,JP,
NICAP,NICAP_DB_2795,"Keesler AFB, MS",30.40888346,-88.924669922,10.0,dod_site,Keesler AFB,US,MS
NICAP,NICAP_DB_2796,"Misawa AFB, Japan",40.68682,141.38969,6.542553018508906,geonames_exact,Misawa,JP,
NICAP,NICAP_DB_2797,"Bernacillo, NM",35.312363,-106.554104,7.5,place_fuzzy,Bernalillo town,US,NM
NICAP,NICAP_DB_2798,"Rivesville, WV",39.532165,-80.120618,5.0,place_exact,Rivesville town,US,WV
NICAP,NICAP_DB_2799,"McClelland AFB, CA",38.664486518,-121.394469926,10.0,dod_site,McClellan AFB,US,CA
NICAP,NICAP_DB_2800,"Philippine Sea, At Sea",,,,unresolved,,US,
NICAP,NICAP_DB_2801,"Oxford, MI",42.82143,-83.253464,5.0,place_exact,Oxford village,US,MI
NICAP,NICAP_DB_2802,"unknown location, Turkey",,,,unresolved,,TR,
NICAP,NICAP_DB_2803,"Leroy Township, OH",,,,unresolved,,US,OH
NICAP,NICAP_DB_2804,"Mackay, AU",,,,unresolved,,US,
NICAP,NICAP_DB_2805,"Townsville, Queensland, AU",,,,unresolved,,US,
NICAP,NICAP_DB_2806,"Knob Noster, MO",38.767334,-93.563643,5.0,place_exact,Knob Noster city,US,MO
NICAP,NICAP_DB_2807,"Lynn/Nahant, MA",42.474766,-70.962035,5.0,place_exact,Lynn city,US,MA
NICAP,NICAP_DB_2808,"Ankara, Turkey",39.91987,32.85427,40.0,geonames_exact,Ankara,TR,
NICAP,NICAP_DB_2809,"Frankfurt, West Germany",,,,unresolved,,DE,
NICAP,NICAP_DB_2810,"Valensole, France",43.83766,5.98392,5.0,geonames_exact,Valensole,FR,
NICAP,NICAP_DB_2811,"Undisclosed city in Argentina, Arg",,,,unresolved,,US,
NICAP,NICAP_DB_2812,"unknown location, Antarctica",,,,unresolved,,US,
NICAP,NICAP_DB_2814,"Massillon, OH",40.784483,-81.525216,5.0,place_exact,Massillon city,US,OH
NICAP,NICAP_DB_2815,"Arlington, TX",32.700708,-97.124691,10.50480495350157,place_exact,Arlington city,US,TX
NICAP,NICAP_DB_2816,"Kiel, WI",43.91602,-88.026497,5.0,place_exact,Kiel city,US,WI
NICAP,NICAP_DB_2817,"Sunnyvale, CA",37.385797,-122.026316,5.039211402149701,place_exact,Sunnyvale city,US,CA
NICAP,NICAP_DB_2818,"Fossil, OR",44.998081,-120.214649,5.0,place_exact,Fossil city,US,OR
NICAP,NICAP_DB_2819,"Penna. and Ohio, various",,,,unresolved,,US,
NICAP,NICAP_DB_2820,"Vaucluse, N.S.W., AU",,,,unresolved,,US,
NICAP,NICAP_DB_2821,"Chesterville, Ontario, CAN",,,,unresolved,,US,
NICAP,NICAP_DB_2822,"Forbes AFB, KS",,,,unresolved,,US,KS
NICAP,NICAP_DB_2823,"Truax Field, WI",,,,unresolved,,US,WI
NICAP,NICAP_DB_2824,"Castalia, OH",41.404238,-82.80163,5.0,place_exact,Castalia village,US,OH
NICAP,NICAP_DB_2825,"Carnarvan, W. Aus",,,,unresolved,,US,
NICAP,NICAP_DB_2826,"Carswell AFB, TX",,,,unresolved,,US,TX
NICAP,NICAP_DB_2827,"East Coast U.S.A., Various",,,,unresolved,,US,
NICAP,NICAP_DB_2828,"Wynnewood, OK",34.642789,-97.162467,5.0,place_exact,Wynnewood city,US,OK
NICAP,NICAP_DB_2829,"Ent AFB, CO",,,,unresolved,,US,CO
NICAP,NICAP_DB_2830,"Whiteman AFB, MO",38.729307691,-93.551851867,10.0,dod_site,Whiteman Air Force Base,US,MO
NICAP,NICAP_DB_2831,"Topeka, KS",39.03468,-95.694825,8.41026386162897,place_exact,Topeka city,US,KS
NICAP,NICAP_DB_2832,"Tinker AFB, OK",35.4154028730001,-97.390454264,10.0,dod_site,Tinker Air Force Base,US,OK
NICAP,NICAP_DB_2833,"Justin, TX",33.088284,-97.303587,5.0,place_exact,Justin city,US,TX
NICAP,NICAP_DB_2834,"Oklahoma City, OK",35.467079,-97.513657,26.41579724331636,place_exact,Oklahoma City city,US,OK
NICAP,NICAP_DB_2835,"Sherman, TX",33.628596,-96.626722,7.288195661478909,place_exact,Sherman city,US,TX
NICAP,NICAP_DB_2836,"Wichita, KS",37.690638,-97.345836,13.65536947707954,place_exact,Wichita city,US,KS
NICAP,NICAP_DB_2837,"Santa Ana, CA",33.736332,-117.8829,5.609795837045527,place_exact,Santa Ana city,US,CA
NICAP,NICAP_DB_2838,"Tulsa, OK",36.127949,-95.902316,15.07917806483865,place_exact,Tulsa city,US,OK
NICAP,NICAP_DB_2839,"Cocoa, FL",28.376643,-80.763306,5.0,place_exact,Cocoa city,US,FL
NICAP,NICAP_DB_2840,"Lake Hefner, OK",,,,unresolved,,US,OK
NICAP,NICAP_DB_2841,"Dallas, TX",32.793333,-96.766513,19.771028658676872,place_exact,Dallas city,US,TX
NICAP,NICAP_DB_2842,"Dallas, TX",32.793333,-96.766513,19.771028658676872,place_exact,Dallas city,US,TX
NICAP,NICAP_DB_2843,"Calumet AFS, MI",,,,unresolved,,US,MI
NICAP,NICAP_DB_2844,"Tinley Park, IL",41.568579,-87.804217,5.0,place_exact,Tinley Park village,US,IL
NICAP,NICAP_DB_2845,"Abilene, TX",32.454514,-99.738147,11.080925432672329,place_exact,Abilene city,US,TX
NICAP,NICAP_DB_2846,"Michigan-Minnesota, Various",,,,unresolved,,US,
NICAP,NICAP_DB_2847,"Chicago (area), IL",41.837045,-87.684939,16.190785623653692,place_exact,Chicago city,US,IL
NICAP,NICAP_DB_2848,"Beaver, PA",40.693538,-80.307582,5.0,place_exact,Beaver borough,US,PA
NICAP,NICAP_DB_2849,"Nashville, IN",39.207733,-86.236172,5.0,place_exact,Nashville town,US,IN
NICAP,NICAP_DB_2850,"Pacific Northwest, Various",,,,unresolved,,US,
NICAP,NICAP_DB_2851,"Suffolk County, NY",,,,unresolved,,US,NY
NICAP,NICAP_DB_2852,"Whiteman AFB, MO",38.729307691,-93.551851867,10.0,dod_site,Whiteman Air Force Base,US,MO
NICAP,NICAP_DB_2853,"Beaver, PA",40.693538,-80.307582,5.0,place_exact,Beaver borough,US,PA
NICAP,NICAP_DB_2854,"Springfield, OH",39.928182,-83.800885,5.467399178565415,place_exact,Springfield city,US,OH
NICAP,NICAP_DB_2855,"Baden, PA",40.639695,-80.222537,5.0,place_exact,Baden borough,US,PA
NICAP,NICAP_DB_2856,"Noblesville, IN",40.035299,-86.000163,6.286651572975871,place_exact,Noblesville city,US,IN
NICAP,NICAP_DB_2857,"Cherry Creek, NY",42.295845,-79.100858,5.0,place_exact,Cherry Creek CDP,US,NY
NICAP,NICAP_DB_2862,"Plattsburgh, NY",44.695563,-73.456414,5.0,place_exact,Plattsburgh city,US,NY
NICAP,NICAP_DB_2863,"Pease AFB, NH",,,,unresolved,,US,NH
NICAP,NICAP_DB_2864,"Glasgow AFB, MT",48.199027,-106.632077,15.0,place_exact_basename,Glasgow city,US,MT
NICAP,NICAP_DB_2865,"Urbana, OH",40.108536,-83.754072,5.0,place_exact,Urbana city,US,OH
NICAP,NICAP_DB_2866,"Tonopah & Winnemucca, NV",,,,unresolved,,US,NV
NICAP,NICAP_DB_2867,"Damon, TX",29.283237,-95.740772,5.0,place_exact,Damon CDP,US,TX
NICAP,NICAP_DB_2868,"Exeter, NH",42.976981,-70.945458,5.0,place_exact,Exeter CDP,US,NH
NICAP,NICAP_DB_2870,"Langenhoe, Essex, UK",,,,unresolved,,GB,
NICAP,NICAP_DB_2871,"Silverton, S. Africa",,,,unresolved,,US,
NICAP,NICAP_DB_2872,"Pretoria, S. Africa",,,,unresolved,,US,
NICAP,NICAP_DB_2873,"Clover, MN",,,,unresolved,,US,MN
NICAP,NICAP_DB_2874,"Landis, NC",35.547864,-80.612252,5.0,place_exact,Landis town,US,NC
NICAP,NICAP_DB_2875,"Chisholm, MN",47.48753,-92.879401,5.0,place_exact,Chisholm city,US,MN
NICAP,NICAP_DB_2876,"Rodeo, NM",31.839654,-109.026644,5.0,place_exact,Rodeo CDP,US,NM
NICAP,NICAP_DB_2877,"Licking County, OH",,,,unresolved,,US,OH
NICAP,NICAP_DB_2878,"Columbus, OH",39.985531,-82.985594,15.914945428747155,place_exact,Columbus city,US,OH
NICAP,NICAP_DB_2879,"Swanlake, NY",41.760828,-74.783428,7.5,place_fuzzy,Swan Lake CDP,US,NY
NICAP,NICAP_DB_2880,"Lake Norman, NC",,,,unresolved,,US,NC
NICAP,NICAP_DB_2881,"Salem, MA",42.499248,-70.898204,5.0,place_exact,Salem city,US,MA
NICAP,NICAP_DB_2882,"Middletown, OH",39.502952,-84.364893,5.4847785734704,place_exact,Middletown city,US,OH
NICAP,NICAP_DB_2883,"Edwards AFB, CA",34.890359963,-117.848869349,10.0,dod_site,Edwards Air Force Base,US,CA
NICAP,NICAP_DB_2884,"Edwards AFB, CA",34.890359963,-117.848869349,10.0,dod_site,Edwards Air Force Base,US,CA
NICAP,NICAP_DB_2886,"Sawyer AFB, MI",,,,unresolved,,US,MI
NICAP,NICAP_DB_2887,"Long Prairie (4 miles from), MN",45.97472,-94.861352,5.0,place_exact,Long Prairie city,US,MN
NICAP,NICAP_DB_2888,"Anderson AFB, Guam",13.596922954,144.8981435,10.0,dod_site,Andersen Air Force Base,US,GU
NICAP,NICAP_DB_2889,"Middletown, OH",39.502952,-84.364893,5.4847785734704,place_exact,Middletown city,US,OH
NICAP,NICAP_DB_2890,"many cities, NY",,,,unresolved,,US,NY
NICAP,NICAP_DB_2891,"Undisclosed city in Argentina, Arg",,,,unresolved,,US,
NICAP,NICAP_DB_2892,"Tangent, OR",44.54769,-123.110935,5.0,place_exact,Tangent city,US,OR
NICAP,NICAP_DB_2893,"Herman, MN",45.810537,-96.141358,5.0,place_exact,Herman city,US,MN
NICAP,NICAP_DB_2894,"Putnam, CT",41.916752,-71.910703,5.0,place_exact,Putnam CDP,US,CT
NICAP,NICAP_DB_2895,"Elista, Kalmuk (east of), Russia",,,,unresolved,,RU,
NICAP,NICAP_DB_2896,"Los Altos, CA",37.368431,-122.09657,5.0,place_exact,Los Altos city,US,CA
NICAP,NICAP_DB_2897,"Georgetown (3 miles SW of ), AL",,,,unresolved,,US,AL
NICAP,NICAP_DB_2898,"Chascomus, Arg",,,,unresolved,,US,
NICAP,NICAP_DB_2899,"Pacific Ocean, At Sea",,,,unresolved,,US,
NICAP,NICAP_DB_2900,"Winslow, UK",51.94284,-0.88131,5.0,geonames_exact,Winslow,GB,
NICAP,NICAP_DB_2901,"Wanaque, NJ",41.042424,-74.288643,5.0,place_exact,Wanaque borough,US,NJ
NICAP,NICAP_DB_2902,"Myerstown, PA",40.372139,-76.305579,5.0,place_exact,Myerstown borough,US,PA
NICAP,NICAP_DB_2903,"El Paso, TX",31.84778,-106.431106,17.247067538183604,place_exact,El Paso city,US,TX
NICAP,NICAP_DB_2904,"New Britain, CT",41.676555,-72.786161,5.0,place_exact,New Britain city,US,CT
NICAP,NICAP_DB_2905,"Tully, AU",,,,unresolved,,US,
NICAP,NICAP_DB_2906,"Katanning, AU",,,,unresolved,,US,
NICAP,NICAP_DB_2907,"Rexburg, ID",43.822893,-111.790988,5.0,place_exact,Rexburg city,US,ID
NICAP,NICAP_DB_2908,"Salisbury, NC",35.665499,-80.48893,5.011315063600239,place_exact,Salisbury city,US,NC
NICAP,NICAP_DB_2909,"Nederland, TX",29.970149,-94.000902,5.0,place_exact,Nederland city,US,TX
NICAP,NICAP_DB_2910,"Madrid, Spain",40.4165,-3.70256,40.0,geonames_exact,Madrid,ES,
NICAP,NICAP_DB_2911,"Skowhegan, ME",44.778149,-69.712196,5.0,place_exact,Skowhegan CDP,US,ME
NICAP,NICAP_DB_2912,"Witbank, S. Africa",,,,unresolved,,US,
NICAP,NICAP_DB_2913,"Brunswick NAS, ME",43.886292294,-69.932531064,10.0,dod_site,NAS Brunswick ME,US,ME
NICAP,NICAP_DB_2914,"Quipapa, Brazil",-8.82778,-36.01167,5.0,geonames_exact,Quipapá,BR,
NICAP,NICAP_DB_2917,"Farmington (5 miles E of), IL",40.697011,-90.002312,5.0,place_exact,Farmington city,US,IL
NICAP,NICAP_DB_2918,"Oswego, NY",43.458052,-76.503689,5.0,place_exact,Oswego city,US,NY
NICAP,NICAP_DB_2919,"Chesteron, IN",41.599822,-87.054996,7.5,place_fuzzy,Chesterton town,US,IN
NICAP,NICAP_DB_2920,"Indio, CA",33.731639,-116.235971,6.18446261026597,place_exact,Indio city,US,CA
NICAP,NICAP_DB_2921,"Ringwood, NJ",41.103963,-74.271138,5.427238749534099,place_exact,Ringwood borough,US,NJ
NICAP,NICAP_DB_2922,"Portsmouth, NH",43.060594,-70.780349,5.0,place_exact,Portsmouth city,US,NH
NICAP,NICAP_DB_2924,"LaCross, WI",43.824685,-91.224616,7.5,place_fuzzy,La Crosse city,US,WI
NICAP,NICAP_DB_2925,"Southport, CT",41.13494,-73.287125,5.0,place_exact,Southport CDP,US,CT
NICAP,NICAP_DB_2926,"Dexter and Hillsdale, MI",42.332256,-83.881027,5.0,place_exact,Dexter city,US,MI
NICAP,NICAP_DB_2927,"Dexter and Hillsdale, MI",42.332256,-83.881027,5.0,place_exact,Dexter city,US,MI
NICAP,NICAP_DB_2928,"Dexter and Hillsdale, MI",42.332256,-83.881027,5.0,place_exact,Dexter city,US,MI
NICAP,NICAP_DB_2929,"Youngstown, OH",41.099095,-80.645902,6.249379489197307,place_exact,Youngstown city,US,OH
NICAP,NICAP_DB_2930,"Eliot, ME",43.15314,-70.80006,5.0,geonames_exact,Eliot,US,ME
NICAP,NICAP_DB_2932,"Burnham, ME",44.69284,-69.42755,5.0,geonames_exact,Burnham,US,ME
NICAP,NICAP_DB_2933,"Grand Rapids, MI",42.961156,-85.65557,7.1792540002426435,place_exact,Grand Rapids city,US,MI
NICAP,NICAP_DB_2934,"Milan, MI",42.081347,-83.684793,5.0,place_exact,Milan city,US,MI
NICAP,NICAP_DB_2936,"Big Rapids, MI",43.699671,-85.48125,5.0,place_exact,Big Rapids city,US,MI
NICAP,NICAP_DB_2937,"LaPorte, In",41.606978,-86.713639,7.5,place_fuzzy,La Porte city,US,IN
NICAP,NICAP_DB_2938,"Bethesda, MD",38.987292,-77.118612,5.0,place_exact,Bethesda CDP,US,MD
NICAP,NICAP_DB_2939,"Freeport, TX",28.943296,-95.35607,5.0,place_exact,Freeport city,US,TX
NICAP,NICAP_DB_2941,"Exeter, NH",42.976981,-70.945458,5.0,place_exact,Exeter CDP,US,NH
NICAP,NICAP_DB_2942,"Miami, FL",25.775163,-80.208615,6.4369903595460585,place_exact,Miami city,US,FL
NICAP,NICAP_DB_2943,"Dexter, MI",42.332256,-83.881027,5.0,place_exact,Dexter city,US,MI
NICAP,NICAP_DB_2944,"Hillsdale, MI",41.927461,-84.637479,5.0,place_exact,Hillsdale city,US,MI
NICAP,NICAP_DB_2945,"Normal, IL",40.521327,-88.988738,5.0,place_exact,Normal town,US,IL
NICAP,NICAP_DB_2946,"Key West, FL",24.565063,-81.775539,5.0,place_exact,Key West city,US,FL
NICAP,NICAP_DB_2947,"Houston, TX",29.785743,-95.388806,27.15177795692618,place_exact,Houston city,US,TX
NICAP,NICAP_DB_2948,"Trinidad, CO",37.173157,-104.490326,5.0,place_exact,Trinidad city,US,CO
NICAP,NICAP_DB_2949,"Fort Pierce, FL",27.426112,-80.342488,5.233120760013941,place_exact,Fort Pierce city,US,FL
NICAP,NICAP_DB_2950,"Temple, OK",34.272116,-98.234568,5.0,place_exact,Temple town,US,OK
NICAP,NICAP_DB_2951,"Bangor, ME",44.829625,-68.788767,6.279821582745096,place_exact,Bangor city,US,ME
NICAP,NICAP_DB_2952,"Joppa, IL",37.209221,-88.847034,5.0,place_exact,Joppa village,US,IL
NICAP,NICAP_DB_2953,"Crown Point, NY",43.95034,-73.43707,5.0,geonames_exact,Crown Point,US,NY
NICAP,NICAP_DB_2954,"Ypsilanti-Hillsdale, MI",,,,unresolved,,US,MI
NICAP,NICAP_DB_2955,"Holland, MI",42.768074,-86.098598,5.0,place_exact,Holland city,US,MI
NICAP,NICAP_DB_2956,"Cook, MN",47.83568,-92.688842,5.0,place_exact,Cook city,US,MN
NICAP,NICAP_DB_2957,"New Orleans, LA",30.05342,-89.934502,13.9678246934398,place_exact,New Orleans city,US,LA
NICAP,NICAP_DB_2958,"China Grove, NC",35.571966,-80.579058,5.0,place_exact,China Grove town,US,NC
NICAP,NICAP_DB_2959,"Sheboygan, WI",43.741232,-87.731516,5.0,place_exact,Sheboygan city,US,WI
NICAP,NICAP_DB_2960,"Upper Sandusky, OH",40.830669,-83.270709,5.0,place_exact,Upper Sandusky city,US,OH
NICAP,NICAP_DB_2961,"Truax Field, WI",,,,unresolved,,US,WI
NICAP,NICAP_DB_2962,"Texahoma, OK",36.505405,-101.787387,7.5,place_fuzzy,Texhoma town,US,OK
NICAP,NICAP_DB_2963,"Ann Arbor, MI",42.276147,-83.73086,5.697464426294286,place_exact,Ann Arbor city,US,MI
NICAP,NICAP_DB_2964,"Vancouver, British Columbia, CAN",,,,unresolved,,US,
NICAP,NICAP_DB_2965,"Columbus, GA",32.510197,-84.874946,15.78633390696593,place_exact,Columbus city,US,GA
NICAP,NICAP_DB_2966,"Muscogee County, GA",,,,unresolved,,US,GA
NICAP,NICAP_DB_2967,"Loraine, OH",41.438805,-82.179722,7.819265310756504,place_fuzzy,Lorain city,US,OH
NICAP,NICAP_DB_2968,"Niles, MI",41.834539,-86.247851,5.0,place_exact,Niles city,US,MI
NICAP,NICAP_DB_2969,"Wilmington, DE",39.735651,-75.532104,5.0,place_exact,Wilmington city,US,DE
NICAP,NICAP_DB_2970,"Fayetteville, TN",35.148964,-86.563478,5.0,place_exact,Fayetteville city,US,TN
NICAP,NICAP_DB_2971,"Columbus, GA",32.510197,-84.874946,15.78633390696593,place_exact,Columbus city,US,GA
NICAP,NICAP_DB_2972,"Eliot, ME",43.15314,-70.80006,5.0,geonames_exact,Eliot,US,ME
NICAP,NICAP_DB_2973,"Haverhill-Merrimac, MA",,,,unresolved,,US,MA
NICAP,NICAP_DB_2974,"Hamilton, Ontario, CAN",,,,unresolved,,US,
NICAP,NICAP_DB_2976,"Hampton (area), NH",42.943902,-70.825354,5.0,place_exact,Hampton CDP,US,NH
NICAP,NICAP_DB_2977,"undisclosed rural area, NH",,,,unresolved,,US,NH
NICAP,NICAP_DB_2978,"London, Ontario, CAN",,,,unresolved,,US,
NICAP,NICAP_DB_2979,"Rehoboth, MA",41.84038,-71.24949,5.0,geonames_exact,Rehoboth,US,MA
NICAP,NICAP_DB_2980,"East Hampton, Montauk, LI, NY",,,,unresolved,,US,NY
NICAP,NICAP_DB_2981,"Pecos, TX",31.397054,-103.520089,5.057782078693738,place_exact,Pecos city,US,TX
NICAP,NICAP_DB_2982,"Ottawa, OH",41.01983,-84.035317,5.0,place_exact,Ottawa village,US,OH
NICAP,NICAP_DB_2983,"Lexisburg (10 miles N of), IN",,,,unresolved,,US,IN
NICAP,NICAP_DB_2984,"Vicksburg, MI",42.122953,-85.538326,5.0,place_exact,Vicksburg village,US,MI
NICAP,NICAP_DB_2985,"Malmstrom AFB, MT",47.5058738370001,-111.182557531,10.0,dod_site,Malmstrom Air Force Base,US,MT
NICAP,NICAP_DB_2986,"Dearborn, MI",42.313057,-83.211488,5.283029602205327,place_exact,Dearborn city,US,MI
NICAP,NICAP_DB_2987,"Conception Del Uruguay, Argentina",-32.48463,-58.23217,12.359763347249007,geonames_fuzzy,Concepción del Uruguay,AR,
NICAP,NICAP_DB_2988,"Tangier (5 miles S of), OK",,,,unresolved,,US,OK
NICAP,NICAP_DB_2989,"Melbourne (near), AU",,,,unresolved,,US,
NICAP,NICAP_DB_2990,"Franklin, NJ",41.108997,-74.588641,5.0,place_exact,Franklin borough,US,NJ
NICAP,NICAP_DB_2991,"Playa Del Ray, CA",,,,unresolved,,US,CA
NICAP,NICAP_DB_2992,"Burlington, Ontario, CAN",,,,unresolved,,US,
NICAP,NICAP_DB_2993,"Burkes Flat, Victoria, AU",,,,unresolved,,US,
NICAP,NICAP_DB_2994,"Liberal, KS",37.046111,-100.929609,5.0,place_exact,Liberal city,US,KS
NICAP,NICAP_DB_2995,"Hague (<1 mile SE of), FL",,,,unresolved,,US,FL
NICAP,NICAP_DB_2996,"Anderson AFB, Guam",13.596922954,144.8981435,10.0,dod_site,Andersen Air Force Base,US,GU
NICAP,NICAP_DB_2997,"Lycoming, NY",,,,unresolved,,US,NY
NICAP,NICAP_DB_2998,"Kittery, ME",43.089985,-70.738321,5.0,place_exact,Kittery CDP,US,ME
NICAP,NICAP_DB_2999,"Alto, TN",,,,unresolved,,US,TN
NICAP,NICAP_DB_3000,"Heflin, AL",33.6474,-85.569339,5.0,place_exact,Heflin city,US,AL
NICAP,NICAP_DB_3001,"Selkirk, NY",,,,unresolved,,US,NY
NICAP,NICAP_DB_3002,"Beulah, MI",44.627315,-86.09975,5.0,place_exact,Beulah village,US,MI
NICAP,NICAP_DB_3003,"Springfield, KY",37.69391,-85.222892,5.0,place_exact,Springfield city,US,KY
NICAP,NICAP_DB_3004,"Grove City, PA",41.157116,-80.088596,5.0,place_exact,Grove City borough,US,PA
NICAP,NICAP_DB_3006,"Littleton, CO",39.590375,-105.020084,5.0,place_exact,Littleton city,US,CO
NICAP,NICAP_DB_3007,"Lincoln, NE",40.808955,-96.678944,10.604248268186357,place_exact,Lincoln city,US,NE
NICAP,NICAP_DB_3008,"Mansfield, OH",40.76672,-82.53082,5.957461129634932,place_exact,Mansfield city,US,OH
NICAP,NICAP_DB_3009,"Westport, MA",,,,unresolved,,US,MA
NICAP,NICAP_DB_3010,"Lebanon, IN",40.031622,-86.456953,5.0,place_exact,Lebanon city,US,IN
NICAP,NICAP_DB_3011,"Greensburg, PA",40.311251,-79.544399,5.0,place_exact,Greensburg city,US,PA
NICAP,NICAP_DB_3012,"Dorchester, MA",42.29732,-71.0745,9.890702705066005,geonames_exact,Dorchester,US,MA
NICAP,NICAP_DB_3013,"Brockton, MA",42.082543,-71.024638,5.0,place_exact,Brockton city,US,MA
NICAP,NICAP_DB_3014,"Kalamazoo, MI",42.275163,-85.588501,5.3314685906730555,place_exact,Kalamazoo city,US,MI
NICAP,NICAP_DB_3015,"F. E. Warren AFB, WY",,,,unresolved,,US,WY
NICAP,NICAP_DB_3016,"Interior, SD",43.727274,-101.983298,5.0,place_exact,Interior town,US,SD
NICAP,NICAP_DB_3018,"Catalina Island, CA",,,,unresolved,,US,CA
NICAP,NICAP_DB_3019,"Portage County, OH",,,,unresolved,,US,OH
NICAP,NICAP_DB_3020,"Sherborn, MA",42.23899,-71.36978,5.0,geonames_exact,Sherborn,US,MA
NICAP,NICAP_DB_3021,"Danvers, MA",42.574174,-70.950516,5.0,place_exact,Danvers CDP,US,MA
NICAP,NICAP_DB_3022,"Peabody, MA",42.53431,-70.969443,5.0,place_exact,Peabody city,US,MA
NICAP,NICAP_DB_3023,"Wakefield, MA",42.504361,-71.064061,5.0,place_exact,Wakefield CDP,US,MA
NICAP,NICAP_DB_3024,"Millersville, TX",,,,unresolved,,US,TX
NICAP,NICAP_DB_3025,"Peabody, MA",42.53431,-70.969443,5.0,place_exact,Peabody city,US,MA
NICAP,NICAP_DB_3026,"Cohasset, MA",42.24177,-70.80365,5.0,geonames_exact,Cohasset,US,MA
NICAP,NICAP_DB_3027,"Battle Creek, MI",42.299176,-85.229267,7.001547733656229,place_exact,Battle Creek city,US,MI
NICAP,NICAP_DB_3028,"Lancaster, OH",39.724737,-82.605275,5.0,place_exact,Lancaster city,US,OH
NICAP,NICAP_DB_3029,"Sharon, MA",42.117516,-71.186029,5.0,place_exact,Sharon CDP,US,MA
NICAP,NICAP_DB_3030,"Peabody, MA",42.53431,-70.969443,5.0,place_exact,Peabody city,US,MA
NICAP,NICAP_DB_3031,"Hartford, Ct",41.765933,-72.681579,5.0,place_exact,Hartford city,US,CT
NICAP,NICAP_DB_3032,"Bellingham, Ct",,,,unresolved,,US,CT
NICAP,NICAP_DB_3033,"Quincy, MA",42.261006,-71.008988,5.0,place_exact,Quincy city,US,MA
NICAP,NICAP_DB_3034,"Over, PA",40.003302,-76.848431,7.5,place_fuzzy,Dover borough,US,PA
NICAP,NICAP_DB_3035,"Charlevoix, MI",45.313796,-85.25563,5.0,place_exact,Charlevoix city,US,MI
NICAP,NICAP_DB_3036,"Beverly, MA",42.556659,-70.84496,5.0,place_exact,Beverly city,US,MA
NICAP,NICAP_DB_3037,"Halifax, MA",41.99121,-70.86199,5.0,geonames_exact,Halifax,US,MA
NICAP,NICAP_DB_3038,"Springfield, MA",42.115454,-72.539978,6.056858334886898,place_exact,Springfield city,US,MA
NICAP,NICAP_DB_3039,"Alliance, OH",40.911171,-81.119827,5.0,place_exact,Alliance city,US,OH
NICAP,NICAP_DB_3040,"Long Island, Douglastown, NY",,,,unresolved,,US,NY
NICAP,NICAP_DB_3041,"Bagley, MN",47.52439,-95.402771,5.0,place_exact,Bagley city,US,MN
NICAP,NICAP_DB_3042,"Wenham, MA",42.60426,-70.89116,5.0,geonames_exact,Wenham,US,MA
NICAP,NICAP_DB_3043,"Yorktown, IA",40.735257,-95.154337,5.0,place_exact,Yorktown city,US,IA
NICAP,NICAP_DB_3044,"Warren, OH",41.239564,-80.816015,5.0,place_exact,Warren city,US,OH
NICAP,NICAP_DB_3045,"Randolph, MA",42.1626,-71.04116,5.666745097496446,geonames_exact,Randolph,US,MA
NICAP,NICAP_DB_3046,"Ashby, MA",42.67787,-71.82035,5.0,geonames_exact,Ashby,US,MA
NICAP,NICAP_DB_3047,"Dorchester, MA",42.29732,-71.0745,9.890702705066005,geonames_exact,Dorchester,US,MA
NICAP,NICAP_DB_3048,"Dorchester, MA",42.29732,-71.0745,9.890702705066005,geonames_exact,Dorchester,US,MA
NICAP,NICAP_DB_3050,"Johnson City, TX",30.272097,-98.407126,5.0,place_exact,Johnson City city,US,TX
NICAP,NICAP_DB_3051,"Towanda, PA",41.770945,-76.446503,5.0,place_exact,Towanda borough,US,PA
NICAP,NICAP_DB_3052,"Ocala, FL",29.17751,-82.151025,7.375474764379579,place_exact,Ocala city,US,FL
NICAP,NICAP_DB_3053,"Follansbee, WV",40.337005,-80.597203,5.0,place_exact,Follansbee city,US,WV
NICAP,NICAP_DB_3054,"Anderson AFB, Guam",13.596922954,144.8981435,10.0,dod_site,Andersen Air Force Base,US,GU
NICAP,NICAP_DB_3055,"Sawtry, Cambridgeshire, UK",,,,unresolved,,GB,
NICAP,NICAP_DB_3056,"Paraguay, Ascuncion, Argentina",,,,unresolved,,AR,
NICAP,NICAP_DB_3057,"Sacramento, CA",38.567694,-121.468161,10.65415918784772,place_exact,Sacramento city,US,CA
NICAP,NICAP_DB_3058,"Pasadena, CA",34.160602,-118.137954,5.141139562392758,place_exact,Pasadena city,US,CA
NICAP,NICAP_DB_3059,"Whiteman AFB, MO",38.729307691,-93.551851867,10.0,dod_site,Whiteman Air Force Base,US,MO
NICAP,NICAP_DB_3060,"Watertown, MA",42.37093,-71.18283,5.649336244197189,geonames_exact,Watertown,US,MA
NICAP,NICAP_DB_3061,"Charleston, WV",38.348692,-81.632324,6.021695848254783,place_exact,Charleston city,US,WV
NICAP,NICAP_DB_3062,"Charleston, WV",38.348692,-81.632324,6.021695848254783,place_exact,Charleston city,US,WV
NICAP,NICAP_DB_3063,"Cardington, OH",40.497984,-82.89365,5.0,place_exact,Cardington village,US,OH
NICAP,NICAP_DB_3064,"Carnestown, FL",,,,unresolved,,US,FL
NICAP,NICAP_DB_3065,"Goodfellow AFB, TX",31.4321182210001,-100.404486027,10.0,dod_site,Goodfellow Air Force Base,US,TX
NICAP,NICAP_DB_3066,"Temple City, CA",34.102158,-118.057967,5.0,place_exact,Temple City city,US,CA
NICAP,NICAP_DB_3067,"Temple City, CA",34.102158,-118.057967,5.0,place_exact,Temple City city,US,CA
NICAP,NICAP_DB_3068,"New Orleans, LA",30.05342,-89.934502,13.9678246934398,place_exact,New Orleans city,US,LA
NICAP,NICAP_DB_3069,"Mentor, OH",41.690159,-81.33588,5.656574542561564,place_exact,Mentor city,US,OH
NICAP,NICAP_DB_3070,"Willow Grove, PA",40.147234,-75.116862,5.0,place_exact,Willow Grove CDP,US,PA
NICAP,NICAP_DB_3071,"Gainesville, FL",29.680694,-82.349175,8.526199752657817,place_exact,Gainesville city,US,FL
NICAP,NICAP_DB_3072,"Temple City, CA",34.102158,-118.057967,5.0,place_exact,Temple City city,US,CA
NICAP,NICAP_DB_3073,"Lake Ontario, CAN",,,,unresolved,,US,
NICAP,NICAP_DB_3074,"Massillon, OH",40.784483,-81.525216,5.0,place_exact,Massillon city,US,OH
NICAP,NICAP_DB_3075,"Spooner, WI",45.825917,-91.886125,5.0,place_exact,Spooner city,US,WI
NICAP,NICAP_DB_3076,"Toledo (Between Kansas and), OH",41.664071,-83.581861,9.625487116100786,place_exact,Toledo city,US,OH
NICAP,NICAP_DB_3077,"Castlegar, British Columbia, CAN",,,,unresolved,,US,
NICAP,NICAP_DB_3078,"Westport, MA",,,,unresolved,,US,MA
NICAP,NICAP_DB_3079,"Milan, MI",42.081347,-83.684793,5.0,place_exact,Milan city,US,MI
NICAP,NICAP_DB_3080,"Whiteman AFB, MO",38.729307691,-93.551851867,10.0,dod_site,Whiteman Air Force Base,US,MO
NICAP,NICAP_DB_3083,"Elista, Kalmuk, USSR",,,,unresolved,,RU,
NICAP,NICAP_DB_3084,"Mt. Sunapee, NH",,,,unresolved,,US,NH
NICAP,NICAP_DB_3085,"Abington, Berkshire, UK",,,,unresolved,,GB,
NICAP,NICAP_DB_3086,"Burnsville, NC",35.916312,-82.297697,5.0,place_exact,Burnsville town,US,NC
NICAP,NICAP_DB_3087,"Nha Trang, Vietnam",12.24507,109.19432,24.062418831031927,geonames_exact,Nha Trang,VN,
NICAP,NICAP_DB_3088,"Mt. Mitchell, NC",,,,unresolved,,US,NC
NICAP,NICAP_DB_3089,"Hamburg, NY",42.723357,-78.834804,5.0,place_exact,Hamburg village,US,NY
NICAP,NICAP_DB_3090,"Placitas, NM",35.322648,-106.443652,5.849160129644445,place_exact,Placitas CDP,US,NM
NICAP,NICAP_DB_3091,"Richmond, VA",37.531399,-77.476009,8.30542170980967,place_exact,Richmond city,US,VA
NICAP,NICAP_DB_3092,"Charlotte, NC",35.209045,-80.83099,18.837960068849164,place_exact,Charlotte city,US,NC
NICAP,NICAP_DB_3093,"Cistella, Spain",42.2687,2.8478,5.0,geonames_exact,Cistella,ES,
NICAP,NICAP_DB_3095,"Wake Island (Pacific, 400 miles E of), At Sea",,,,unresolved,,US,
NICAP,NICAP_DB_3096,"Anderson AFB, Guam",13.596922954,144.8981435,10.0,dod_site,Andersen Air Force Base,US,GU
NICAP,NICAP_DB_3097,"Pacific bt. Pearl Harbor & Seattle, Washington, At Sea",,,,unresolved,,US,
NICAP,NICAP_DB_3098,"Atlanta, GA",33.762909,-84.422675,12.480315594300222,place_exact,Atlanta city,US,GA
NICAP,NICAP_DB_3099,"Union-Kirkwood, PA",,,,unresolved,,US,PA
NICAP,NICAP_DB_3100,"Baytown, TX",29.759552,-94.9681,6.526316435955448,place_exact,Baytown city,US,TX
NICAP,NICAP_DB_3101,"Jaffrey, NH",42.811352,-72.023441,5.0,place_exact,Jaffrey CDP,US,NH
NICAP,NICAP_DB_3102,"Fremont, IN",41.727622,-84.938855,5.0,place_exact,Fremont town,US,IN
NICAP,NICAP_DB_3103,"Fulton County Airport, GA",,,,unresolved,,US,GA
NICAP,NICAP_DB_3104,"Vanceboro, NC",35.303057,-77.1567,5.0,place_exact,Vanceboro town,US,NC
NICAP,NICAP_DB_3105,"Erie (Presque Isle State Park), PA",42.116594,-80.073503,5.0,place_exact,Erie city,US,PA
NICAP,NICAP_DB_3106,"Lake Canandaigua, NY",,,,unresolved,,US,NY
NICAP,NICAP_DB_3107,"Prince George's County, MD",,,,unresolved,,US,MD
NICAP,NICAP_DB_3109,"Vancouver, B.C., CAN",,,,unresolved,,US,
NICAP,NICAP_DB_3110,"Erie, PA",42.116594,-80.073503,5.0,place_exact,Erie city,US,PA
NICAP,NICAP_DB_3111,"Harlingen, TX",26.191204,-97.697383,6.7963008565934855,place_exact,Harlingen city,US,TX
NICAP,NICAP_DB_3112,"McDonald, OH",41.163587,-80.723256,5.0,place_exact,McDonald village,US,OH
NICAP,NICAP_DB_3113,"Wood Green, London, UK",,,,unresolved,,GB,
NICAP,NICAP_DB_3114,"Boston, MA",42.338551,-71.018253,7.459579344708387,place_exact,Boston city,US,MA
NICAP,NICAP_DB_3115,"Forest Park, IL",41.868369,-87.815663,5.0,place_exact,Forest Park village,US,IL
NICAP,NICAP_DB_3116,"Regina, Saskatchewan, CAN",,,,unresolved,,US,
NICAP,NICAP_DB_3117,"Duluth, MN",46.774458,-92.134135,9.084330489609261,place_exact,Duluth city,US,MN
NICAP,NICAP_DB_3118,"Various in MN, ND, WI, Various",,,,unresolved,,US,
NICAP,NICAP_DB_3119,"Minot (15 miles south of), ND",48.236125,-101.277533,5.601255097446167,place_exact,Minot city,US,ND
NICAP,NICAP_DB_3120,"Ashtabula, OH",41.879462,-80.798482,5.0,place_exact,Ashtabula city,US,OH
NICAP,NICAP_DB_3121,"Oil City, PA",41.42877,-79.707838,5.0,place_exact,Oil City city,US,PA
NICAP,NICAP_DB_3122,"Sault Ste. Marie, MI",46.476169,-84.370544,5.0,place_exact,Sault Ste. Marie city,US,MI
NICAP,NICAP_DB_3123,"Donnybrook, ND",48.507731,-101.887054,5.0,place_exact,Donnybrook city,US,ND
NICAP,NICAP_DB_3124,"Unitah Basin, UT",,,,unresolved,,US,UT
NICAP,NICAP_DB_3125,"Easton, PA",40.685971,-75.218548,5.0,place_exact,Easton city,US,PA
NICAP,NICAP_DB_3126,"Da Nang, Vietnam",16.06778,108.22083,35.7211421989835,geonames_exact,Da Nang,VN,
NICAP,NICAP_DB_3127,"Columbus, OH",39.985531,-82.985594,15.914945428747155,place_exact,Columbus city,US,OH
NICAP,NICAP_DB_3128,"New York City, NY",40.71427,-74.00597,40.0,geonames_exact,New York City,US,NY
NICAP,NICAP_DB_3129,"Battle Creek, MI",42.299176,-85.229267,7.001547733656229,place_exact,Battle Creek city,US,MI
NICAP,NICAP_DB_3130,"Minot AFB, ND",48.4153580980001,-101.32274284,10.0,dod_site,Minot Air Force Base,US,ND
NICAP,NICAP_DB_3131,"Malibu, CA",34.02586,-118.759643,5.0,place_exact,Malibu city,US,CA
NICAP,NICAP_DB_3132,"Omaha, NE",41.262705,-96.053475,12.765417902372889,place_exact,Omaha city,US,NE
NICAP,NICAP_DB_3133,"Gaylesville, AL",34.267444,-85.561248,5.0,place_exact,Gaylesville town,US,AL
NICAP,NICAP_DB_3134,"Civero, IL",,,,unresolved,,US,IL
NICAP,NICAP_DB_3135,"Makklya, Finland",,,,unresolved,,FI,
NICAP,NICAP_DB_3136,"Willsboro, NY",44.363503,-73.393164,5.0,place_exact,Willsboro CDP,US,NY
NICAP,NICAP_DB_3137,"Harlingen, TX",26.191204,-97.697383,6.7963008565934855,place_exact,Harlingen city,US,TX
NICAP,NICAP_DB_3138,"Finland AFS, MN",,,,unresolved,,US,MN
NICAP,NICAP_DB_3139,"unknown location, TX",,,,unresolved,,US,TX
NICAP,NICAP_DB_3140,"Suffolk County AFB, NY",,,,unresolved,,US,NY
NICAP,NICAP_DB_3141,"Marquette, MI",46.550698,-87.395833,5.0,place_exact,Marquette city,US,MI
NICAP,NICAP_DB_3142,"Franklin Springs, NY",,,,unresolved,,US,NY
NICAP,NICAP_DB_3143,"Stirum, ND",,,,unresolved,,US,ND
NICAP,NICAP_DB_3144,"Cranes Beach, Ipswich Bay, MA",,,,unresolved,,US,MA
NICAP,NICAP_DB_3145,"Sebring, FL",27.471396,-81.451568,5.0,place_exact,Sebring city,US,FL
NICAP,NICAP_DB_3146,"Summerside, Prince Edward Island, CAN",,,,unresolved,,US,
NICAP,NICAP_DB_3147,"Burton, CAN",,,,unresolved,,US,
NICAP,NICAP_DB_3148,"Deadwood, SD",44.387048,-103.720742,5.0,place_exact,Deadwood city,US,SD
NICAP,NICAP_DB_3149,"Decatur, AL",34.572995,-86.989901,7.9102078635421735,place_exact,Decatur city,US,AL
NICAP,NICAP_DB_3150,"Bridgeport, NJ",39.800908,-75.346946,5.0,place_exact,Bridgeport CDP,US,NJ
NICAP,NICAP_DB_3151,"Wilmington, OH",39.429125,-83.816172,5.0,place_exact,Wilmington city,US,OH
NICAP,NICAP_DB_3152,"New Kingston, PA",40.233498,-77.069411,7.5,place_fuzzy,New Kingstown CDP,US,PA
NICAP,NICAP_DB_3153,"Anderson, IN",40.089766,-85.689449,6.919833813033374,place_exact,Anderson city,US,IN
NICAP,NICAP_DB_3154,"Osceola, WI",45.319283,-92.695892,5.0,place_exact,Osceola village,US,WI
NICAP,NICAP_DB_3155,"Wanaque, NJ",41.042424,-74.288643,5.0,place_exact,Wanaque borough,US,NJ
NICAP,NICAP_DB_3156,"Davenport, IA",41.55682,-90.603948,8.569439499368283,place_exact,Davenport city,US,IA
NICAP,NICAP_DB_3157,"Jonesboro, TN",36.295861,-82.476557,7.5,place_fuzzy,Jonesborough town,US,TN
NICAP,NICAP_DB_3158,"Jonesboro, TN",36.295861,-82.476557,7.5,place_fuzzy,Jonesborough town,US,TN
NICAP,NICAP_DB_3160,"Newton, IL",38.987252,-88.164363,5.0,place_exact,Newton city,US,IL
NICAP,NICAP_DB_3162,"Split Rock Pond, NJ",,,,unresolved,,US,NJ
NICAP,NICAP_DB_3163,"Livermore, CA",37.686977,-121.759781,5.5174193242855845,place_exact,Livermore city,US,CA
NICAP,NICAP_DB_3164,"Randolph Twp, NJ",,,,unresolved,,US,NJ
NICAP,NICAP_DB_3165,"Southhampton, Long Island, NY",,,,unresolved,,US,NY
NICAP,NICAP_DB_3166,"Cold Bay AFS, AK",,,,unresolved,,US,AK
NICAP,NICAP_DB_3167,"La Plata, MD",38.543467,-76.96979,5.0,place_exact,La Plata town,US,MD
NICAP,NICAP_DB_3168,"Lawrence, MD",,,,unresolved,,US,MD
NICAP,NICAP_DB_3169,"Southhampton, Long Island, NY",,,,unresolved,,US,NY
NICAP,NICAP_DB_3170,"Alton, VA",,,,unresolved,,US,VA
NICAP,NICAP_DB_3171,"White Plains (3 miles W of), NY",41.0238,-73.751048,5.0,place_exact,White Plains city,US,NY
NICAP,NICAP_DB_3172,"Saginaw, MI",43.419945,-83.950172,5.0,place_exact,Saginaw city,US,MI
NICAP,NICAP_DB_3173,"Pinellas Park, FL",27.858883,-82.708213,5.0,place_exact,Pinellas Park city,US,FL
NICAP,NICAP_DB_3174,"Montevideo, Buenos Aires, S.America",,,,unresolved,,US,
NICAP,NICAP_DB_3175,"Fort Ontario, NY",,,,unresolved,,US,NY
NICAP,NICAP_DB_3176,"Fords, NJ",40.536036,-74.313545,5.0,place_exact,Fords CDP,US,NJ
NICAP,NICAP_DB_3177,"Gaffney, MA",,,,unresolved,,US,MA
NICAP,NICAP_DB_3178,"Gaffney, MA",,,,unresolved,,US,MA
NICAP,NICAP_DB_3179,"McMinnville, OR",45.211047,-123.191822,5.0,place_exact,McMinnville city,US,OR
NICAP,NICAP_DB_3180,"Hawkinsville, GA",32.301182,-83.478856,5.0,place_exact,Hawkinsville city,US,GA
NICAP,NICAP_DB_3181,"Roaring River, MO",,,,unresolved,,US,MO
NICAP,NICAP_DB_3182,"Taylorsville, IN",39.296476,-85.950274,5.0,place_exact,Taylorsville CDP,US,IN
NICAP,NICAP_DB_3183,"New Kingston, PA",40.233498,-77.069411,7.5,place_fuzzy,New Kingstown CDP,US,PA
NICAP,NICAP_DB_3184,"Middleboro, MA",,,,unresolved,,US,MA
NICAP,NICAP_DB_3185,"Lake Sarah, MN",,,,unresolved,,US,MN
NICAP,NICAP_DB_3186,"Rowley, MA",42.717971,-70.866915,5.0,place_exact,Rowley CDP,US,MA
NICAP,NICAP_DB_3187,"Cedarville, CA",41.528683,-120.174433,5.0,place_exact,Cedarville CDP,US,CA
NICAP,NICAP_DB_3188,"Charleston, WV",38.348692,-81.632324,6.021695848254783,place_exact,Charleston city,US,WV
NICAP,NICAP_DB_3189,"E Lake Tiorati (Bear Mtn. State Park), NY",,,,unresolved,,US,NY
NICAP,NICAP_DB_3190,"Monroe, OR",44.316853,-123.298864,5.0,place_exact,Monroe city,US,OR
NICAP,NICAP_DB_3191,"Haynesville, LA",32.966337,-93.138141,5.0,place_exact,Haynesville town,US,LA
NICAP,NICAP_DB_3192,"Peruvian Coast (near), At Sea",,,,unresolved,,US,
NICAP,NICAP_DB_3193,"Galesburg, IL",40.950217,-90.376564,5.0,place_exact,Galesburg city,US,IL
NICAP,NICAP_DB_3194,"New Richmond, IN",40.194213,-86.977903,5.0,place_exact,New Richmond town,US,IN
NICAP,NICAP_DB_3195,"Philadelphia, PA",40.009376,-75.133346,12.43617722614148,place_exact,Philadelphia city,US,PA
NICAP,NICAP_DB_3196,"Winsted, MN",44.958192,-94.050277,5.0,place_exact,Winsted city,US,MN
NICAP,NICAP_DB_3198,"Harwich, MA",41.68622,-70.07585,5.0,geonames_exact,Harwich,US,MA
NICAP,NICAP_DB_3199,"St. Louis, MO",38.635699,-90.244582,8.429990114664035,place_exact,St. Louis city,US,MO
NICAP,NICAP_DB_3200,"Goose Bay AFB, Labrador, CAN",,,,unresolved,,US,
NICAP,NICAP_DB_3201,"Malta, MT",48.355492,-107.870209,5.0,place_exact,Malta city,US,MT
NICAP,NICAP_DB_3202,"Lake St. Clair, MI",,,,unresolved,,US,MI
NICAP,NICAP_DB_3203,"Bruceville, IN",38.75802,-87.4154,5.0,place_exact,Bruceville town,US,IN
NICAP,NICAP_DB_3204,"Bangor, ME",44.829625,-68.788767,6.279821582745096,place_exact,Bangor city,US,ME
NICAP,NICAP_DB_3205,"Aveyon, France",,,,unresolved,,FR,
NICAP,NICAP_DB_3206,"Winslow (near), AZ",35.024236,-110.709331,5.0,place_exact,Winslow city,US,AZ
NICAP,NICAP_DB_3207,"Winslow (near), AZ",35.024236,-110.709331,5.0,place_exact,Winslow city,US,AZ
NICAP,NICAP_DB_3208,"Iola, KS",37.927427,-95.400669,5.0,place_exact,Iola city,US,KS
NICAP,NICAP_DB_3209,"Boxford, MA",42.663712,-70.984216,5.0,place_exact,Boxford CDP,US,MA
NICAP,NICAP_DB_3210,"Granville, MA",42.06676,-72.86149,5.0,geonames_exact,Granville,US,MA
NICAP,NICAP_DB_3211,"North Granby, CN",,,,unresolved,,US,
NICAP,NICAP_DB_3212,"Roosevelt, UT",40.292395,-110.00929,5.0,place_exact,Roosevelt city,US,UT
NICAP,NICAP_DB_3213,"Warner, NH",43.284261,-71.824059,5.0,place_exact,Warner CDP,US,NH
NICAP,NICAP_DB_3214,"Warner, NH",43.284261,-71.824059,5.0,place_exact,Warner CDP,US,NH
NICAP,NICAP_DB_3215,"Charleston, SC",32.828017,-79.972896,11.493411581326834,place_exact,Charleston city,US,SC
NICAP,NICAP_DB_3216,"Freetown, IN",38.979118,-86.130113,5.0,place_exact,Freetown CDP,US,IN
NICAP,NICAP_DB_3217,"Freetown, IN",38.979118,-86.130113,5.0,place_exact,Freetown CDP,US,IN
NICAP,NICAP_DB_3218,"Williamstown, MA",42.708906,-73.201361,5.0,place_exact,Williamstown CDP,US,MA
NICAP,NICAP_DB_3219,"Norton, MA",41.96677,-71.18699,5.0,geonames_exact,Norton,US,MA
NICAP,NICAP_DB_3220,"Shamokin, PA",40.788108,-76.554991,5.0,place_exact,Shamokin city,US,PA
NICAP,NICAP_DB_3221,"Dunbar, WV",38.369527,-81.736107,5.0,place_exact,Dunbar city,US,WV
NICAP,NICAP_DB_3222,"Milan, IN",39.125174,-85.120131,5.0,place_exact,Milan town,US,IN
NICAP,NICAP_DB_3223,"Shamokin (area), PA",40.788108,-76.554991,5.0,place_exact,Shamokin city,US,PA
NICAP,NICAP_DB_3224,"Methuen, MA",42.7262,-71.19089,7.2141527569077715,geonames_exact,Methuen,US,MA
NICAP,NICAP_DB_3225,"Over Lake Ontario, in air space",,,,unresolved,,US,
NICAP,NICAP_DB_3226,"Gering, NE",41.827494,-103.662173,5.0,place_exact,Gering city,US,NE
NICAP,NICAP_DB_3227,"Providence, NC",,,,unresolved,,US,NC
NICAP,NICAP_DB_3228,"Astoria, NY",40.77205,-73.93014,12.254182959300062,geonames_exact,Astoria,US,NY
NICAP,NICAP_DB_3229,"Westport, CN",,,,unresolved,,US,
NICAP,NICAP_DB_3230,"Yorba Linda, CA",33.889038,-117.77207,5.0,place_exact,Yorba Linda city,US,CA
NICAP,NICAP_DB_3231,"South Ashburnham, MA",42.621064,-71.943433,5.0,place_exact,South Ashburnham CDP,US,MA
NICAP,NICAP_DB_3232,"Coffeen (near), IL",39.088244,-89.38976,5.0,place_exact,Coffeen city,US,IL
NICAP,NICAP_DB_3233,"Jamaica, NY",40.69149,-73.80569,14.726370903926059,geonames_exact,Jamaica,US,NY
NICAP,NICAP_DB_3234,"Kirkwood, MO",38.579356,-90.420881,5.0,place_exact,Kirkwood city,US,MO
NICAP,NICAP_DB_3235,"Havre, MT",48.541911,-109.677956,5.0,place_exact,Havre city,US,MT
NICAP,NICAP_DB_3236,"Heidelberg, Germany",49.40768,8.69079,11.972677227754868,geonames_exact,Heidelberg,DE,
NICAP,NICAP_DB_3237,"Irish Valley, PA",,,,unresolved,,US,PA
NICAP,NICAP_DB_3238,"Crosby (5 miles SW and 20 miles W of), ND",48.916167,-103.296622,5.0,place_exact,Crosby city,US,ND
NICAP,NICAP_DB_3239,"Kirkwood, MO",38.579356,-90.420881,5.0,place_exact,Kirkwood city,US,MO
NICAP,NICAP_DB_3240,"Zanesville, OH",39.955993,-82.013469,5.0,place_exact,Zanesville city,US,OH
NICAP,NICAP_DB_3241,"Brown County, IN",,,,unresolved,,US,IN
NICAP,NICAP_DB_3242,"San Antonio, TX",29.463408,-98.524287,23.962933858589,place_exact,San Antonio city,US,TX
NICAP,NICAP_DB_3243,"Lima, Peru",-12.04318,-77.02824,40.0,geonames_exact,Lima,PE,
NICAP,NICAP_DB_3244,"Lima, Peru",-12.04318,-77.02824,40.0,geonames_exact,Lima,PE,
NICAP,NICAP_DB_3245,"Sumner, IL",38.715378,-87.866692,5.0,place_exact,Sumner city,US,IL
NICAP,NICAP_DB_3246,"Piggott, AR",36.387191,-90.198944,5.0,place_exact,Piggott city,US,AR
NICAP,NICAP_DB_3247,"Lindsborg, KS",38.577142,-97.674009,5.0,place_exact,Lindsborg city,US,KS
NICAP,NICAP_DB_3248,"Hamilton, Ontario, CAN",,,,unresolved,,US,
NICAP,NICAP_DB_3249,"Gary, IN",41.595902,-87.345552,7.567225618121582,place_exact,Gary city,US,IN
NICAP,NICAP_DB_3250,"Homer City, PA",40.540735,-79.15995,5.0,place_exact,Homer City borough,US,PA
NICAP,NICAP_DB_3251,"Oakland City, IN",38.337987,-87.349082,5.0,place_exact,Oakland City city,US,IN
NICAP,NICAP_DB_3252,"Crothersville, IN",38.794455,-85.840023,5.0,place_exact,Crothersville town,US,IN
NICAP,NICAP_DB_3253,"Bedford, IN",38.860167,-86.489503,5.0,place_exact,Bedford city,US,IN
NICAP,NICAP_DB_3254,"Hilliard, OH",40.034719,-83.157788,5.0,place_exact,Hilliard city,US,OH
NICAP,NICAP_DB_3255,"Barkhamsted, CT",41.92926,-72.91399,5.0,geonames_exact,Barkhamsted,US,CT
NICAP,NICAP_DB_3256,"Deming, NM",32.263076,-107.75249,5.0,place_exact,Deming city,US,NM
NICAP,NICAP_DB_3257,"Hazard, KY",37.260506,-83.198235,5.0,place_exact,Hazard city,US,KY
NICAP,NICAP_DB_3258,"St. Louis, MO",38.635699,-90.244582,8.429990114664035,place_exact,St. Louis city,US,MO
NICAP,NICAP_DB_3259,"Westport, CT",41.14149,-73.3579,5.137217145498134,geonames_exact,Westport,US,CT
NICAP,NICAP_DB_3260,"Westport, CT",41.14149,-73.3579,5.137217145498134,geonames_exact,Westport,US,CT
NICAP,NICAP_DB_3261,"Owen County, IN",,,,unresolved,,US,IN
NICAP,NICAP_DB_3262,"Oakhurst, CA",37.341396,-119.626215,6.205194526452101,place_exact,Oakhurst CDP,US,CA
NICAP,NICAP_DB_3263,"Newbury, MA",,,,unresolved,,US,MA
NICAP,NICAP_DB_3264,"Deep River, Ontario, CAN",,,,unresolved,,US,
NICAP,NICAP_DB_3265,"Rossville, KS",39.135799,-95.949624,5.0,place_exact,Rossville city,US,KS
NICAP,NICAP_DB_3266,"Pleasant Valley, CT",41.908327,-72.992311,5.0,place_exact,Pleasant Valley CDP,US,CT
NICAP,NICAP_DB_3267,"Odessa, DE",39.456455,-75.659626,5.0,place_exact,Odessa town,US,DE
NICAP,NICAP_DB_3268,"Chester, MT",48.511293,-110.966143,5.0,place_exact,Chester town,US,MT
NICAP,NICAP_DB_3269,"Seymour, IN",38.947516,-85.891285,5.0,place_exact,Seymour city,US,IN
NICAP,NICAP_DB_3270,"Caledonia, Ontario, CAN",,,,unresolved,,US,
NICAP,NICAP_DB_3271,"Woodstock, CT",,,,unresolved,,US,CT
NICAP,NICAP_DB_3272,"Alton, IL",38.903898,-90.151204,5.0,place_exact,Alton city,US,IL
NICAP,NICAP_DB_3273,"McCune, KS",37.353804,-95.019203,5.0,place_exact,McCune city,US,KS
NICAP,NICAP_DB_3274,"Sandusky, OH",41.455885,-82.714436,5.0,place_exact,Sandusky city,US,OH
NICAP,NICAP_DB_3275,"Cincinnati, OH",39.140183,-84.505829,9.465592755988514,place_exact,Cincinnati city,US,OH
NICAP,NICAP_DB_3276,"Greenwich, CT",41.027773,-73.626931,5.0,place_exact,Greenwich CDP,US,CT
NICAP,NICAP_DB_3277,"Grand Rapids, MI",42.961156,-85.65557,7.1792540002426435,place_exact,Grand Rapids city,US,MI
NICAP,NICAP_DB_3278,"Wharton, TX",29.317601,-96.102279,5.0,place_exact,Wharton city,US,TX
NICAP,NICAP_DB_3279,"Barrow, AK",,,,unresolved,,US,AK
NICAP,NICAP_DB_3280,"Kensington, CT",41.625618,-72.768722,5.0,place_exact,Kensington CDP,US,CT
NICAP,NICAP_DB_3281,"Willington, CT",,,,unresolved,,US,CT
NICAP,NICAP_DB_3282,"Novato, CA",38.085087,-122.548215,5.623743474472023,place_exact,Novato city,US,CA
NICAP,NICAP_DB_3283,"Tabor, IA",40.89493,-95.673625,5.0,place_exact,Tabor city,US,IA
NICAP,NICAP_DB_3284,"Davis, CA",38.556147,-121.737793,5.0,place_exact,Davis city,US,CA
NICAP,NICAP_DB_3285,"Woodland, CA",38.67116,-121.750043,5.0,place_exact,Woodland city,US,CA
NICAP,NICAP_DB_3286,"Hannon, Ontario, CA",,,,unresolved,,US,CA
NICAP,NICAP_DB_3287,"Jefferson City, MO",38.567461,-92.175254,6.442225598864624,place_exact,Jefferson City city,US,MO
NICAP,NICAP_DB_3288,"Bellingham, WA",48.753442,-122.470179,5.6915034530039215,place_exact,Bellingham city,US,WA
NICAP,NICAP_DB_3289,"Suncrest, WV",,,,unresolved,,US,WV
NICAP,NICAP_DB_3290,"Lee's Summit, MO",38.921601,-94.384763,8.57613979467323,place_exact,Lee's Summit city,US,MO
NICAP,NICAP_DB_3291,"West Frankfort, IL",37.899495,-88.930814,5.0,place_exact,West Frankfort city,US,IL
NICAP,NICAP_DB_3292,"Abington, VA",36.706665,-81.971627,7.5,place_fuzzy,Abingdon town,US,VA
NICAP,NICAP_DB_3293,"Denton, TX",33.217449,-97.141346,10.53148129287719,place_exact,Denton city,US,TX
NICAP,NICAP_DB_3294,"Arizona, Tennessee and Texas, Various",,,,unresolved,,US,
NICAP,NICAP_DB_3295,"Towanda, PA",41.770945,-76.446503,5.0,place_exact,Towanda borough,US,PA
NICAP,NICAP_DB_3296,"Helena, NY",,,,unresolved,,US,NY
NICAP,NICAP_DB_3297,"Bombay, NY",,,,unresolved,,US,NY
NICAP,NICAP_DB_3298,"Amherst, MA",42.36723,-72.51852,6.311339002145266,geonames_exact,Amherst,US,MA
NICAP,NICAP_DB_3299,"Topeka, KS",39.03468,-95.694825,8.41026386162897,place_exact,Topeka city,US,KS
NICAP,NICAP_DB_3300,"Augusta, GA",33.47097,-81.97484,6.592344044420012,geonames_exact,Augusta,US,GA
NICAP,NICAP_DB_3301,"Kingman, AZ",35.216992,-114.010529,6.574254769764995,place_exact,Kingman city,US,AZ
NICAP,NICAP_DB_3302,"Stoughton, WI",42.923769,-89.222515,5.0,place_exact,Stoughton city,US,WI
NICAP,NICAP_DB_3303,"Dorchester, MA",42.29732,-71.0745,9.890702705066005,geonames_exact,Dorchester,US,MA
NICAP,NICAP_DB_3304,"Andover, MA",42.655672,-71.142244,5.0,place_exact,Andover CDP,US,MA
NICAP,NICAP_DB_3305,"Lawrence, MA",42.700273,-71.161357,5.0,place_exact,Lawrence city,US,MA
NICAP,NICAP_DB_3306,"Palmer, MA",42.15843,-72.32869,5.0,geonames_exact,Palmer,US,MA
NICAP,NICAP_DB_3307,"Chatsworth, GA",34.781091,-84.782472,5.0,place_exact,Chatsworth city,US,GA
NICAP,NICAP_DB_3308,"Carmel, NY",41.402995,-73.684986,5.0,place_exact,Carmel CDP,US,NY
NICAP,NICAP_DB_3309,"Putnam, CT",41.916752,-71.910703,5.0,place_exact,Putnam CDP,US,CT
NICAP,NICAP_DB_3310,"Hollywood, FL",26.030967,-80.164609,5.602814253172736,place_exact,Hollywood city,US,FL
NICAP,NICAP_DB_3311,"Wharton, TX",29.317601,-96.102279,5.0,place_exact,Wharton city,US,TX
NICAP,NICAP_DB_3312,"Ozarks, MO",37.0336,-93.218044,7.5,place_fuzzy,Ozark city,US,MO
NICAP,NICAP_DB_3313,"Oxford, WI",43.780372,-89.563582,5.0,place_exact,Oxford village,US,WI
NICAP,NICAP_DB_3314,"Laconia, NH",43.576535,-71.482263,5.0,place_exact,Laconia city,US,NH
NICAP,NICAP_DB_3315,"Wharton, TX",29.317601,-96.102279,5.0,place_exact,Wharton city,US,TX
NICAP,NICAP_DB_3316,"Binghampton, NY",42.101331,-75.909369,7.5,place_fuzzy,Binghamton city,US,NY
NICAP,NICAP_DB_3317,"Limerick, Saskatchewan, CAN",,,,unresolved,,US,
NICAP,NICAP_DB_3318,"Hungerford, TX",29.406704,-96.090529,5.0,place_exact,Hungerford CDP,US,TX
NICAP,NICAP_DB_3319,"Parkville, MD",39.383198,-76.551876,5.0,place_exact,Parkville CDP,US,MD
NICAP,NICAP_DB_3320,"Toledo, OH",41.664071,-83.581861,9.625487116100786,place_exact,Toledo city,US,OH
NICAP,NICAP_DB_3321,"Winfield, KS",37.242774,-96.979674,5.0,place_exact,Winfield city,US,KS
NICAP,NICAP_DB_3322,"Hagerstown, IN",39.914581,-85.15425,5.0,place_exact,Hagerstown town,US,IN
NICAP,NICAP_DB_3323,"Milton, IN",39.786503,-85.156199,5.0,place_exact,Milton town,US,IN
NICAP,NICAP_DB_3324,"Glasgow AFB, MT",48.199027,-106.632077,15.0,place_exact_basename,Glasgow city,US,MT
NICAP,NICAP_DB_3325,"Boneta, UT",,,,unresolved,,US,UT
NICAP,NICAP_DB_3326,"Carterville, IL",37.762798,-89.084481,5.0,place_exact,Carterville city,US,IL
NICAP,NICAP_DB_3327,"Marion, IL",37.734445,-88.941164,5.0,place_exact,Marion city,US,IL
NICAP,NICAP_DB_3328,"Lucan, Ontario, CAN",,,,unresolved,,US,
NICAP,NICAP_DB_3329,"Atlantic City, NJ",39.377297,-74.451082,5.0,place_exact,Atlantic City city,US,NJ
NICAP,NICAP_DB_3330,"Minneapolis, MN",44.963324,-93.26832,7.884118748753372,place_exact,Minneapolis city,US,MN
NICAP,NICAP_DB_3331,"Fargo, ND",46.8647,-96.82908,7.571602002805541,place_exact,Fargo city,US,ND
NICAP,NICAP_DB_3332,"Marlboro, MA",,,,unresolved,,US,MA
NICAP,NICAP_DB_3333,"Abbotstown, PA",39.881766,-76.992777,7.5,place_fuzzy,Abbottstown borough,US,PA
NICAP,NICAP_DB_3334,"Oxford, MA",42.115881,-71.870094,5.0,place_exact,Oxford CDP,US,MA
NICAP,NICAP_DB_3335,"Wiarton, Ontario, CAN",,,,unresolved,,US,
NICAP,NICAP_DB_3336,"Coshocton, OH",40.261752,-81.847292,5.0,place_exact,Coshocton city,US,OH
NICAP,NICAP_DB_3337,"Topeka, KS",39.03468,-95.694825,8.41026386162897,place_exact,Topeka city,US,KS
NICAP,NICAP_DB_3338,"Vernal, UT",40.451698,-109.538011,5.0,place_exact,Vernal city,US,UT
NICAP,NICAP_DB_3339,"Port McNeil, British.Columbia, CAN",,,,unresolved,,US,
NICAP,NICAP_DB_3340,"Omaha, NE",41.262705,-96.053475,12.765417902372889,place_exact,Omaha city,US,NE
NICAP,NICAP_DB_3341,"Grand Haven, MI",43.054969,-86.219349,5.0,place_exact,Grand Haven city,US,MI
NICAP,NICAP_DB_3342,"Edmonton, Alberta, CAN",,,,unresolved,,US,
NICAP,NICAP_DB_3343,"Madisonville, KY",37.341036,-87.503475,5.0,place_exact,Madisonville city,US,KY
NICAP,NICAP_DB_3344,"Grand Haven, MI",43.054969,-86.219349,5.0,place_exact,Grand Haven city,US,MI
NICAP,NICAP_DB_3345,"Piggott, AR",36.387191,-90.198944,5.0,place_exact,Piggott city,US,AR
NICAP,NICAP_DB_3346,"Hillsboro, KS",38.352652,-97.199572,5.0,place_exact,Hillsboro city,US,KS
NICAP,NICAP_DB_3347,"Dry Creek Basin, CO",,,,unresolved,,US,CO
NICAP,NICAP_DB_3348,"NE of Cuba, Cuba",,,,unresolved,,CU,
NICAP,NICAP_DB_3350,"Yungay, Peru",-9.13833,-77.74361,5.0,geonames_exact,Yungay,PE,
NICAP,NICAP_DB_3351,"New Cuyama, CA",34.943057,-119.682018,5.0,place_exact,New Cuyama CDP,US,CA
NICAP,NICAP_DB_3352,"Trenton, NJ",40.223841,-74.763624,5.0,place_exact,Trenton city,US,NJ
NICAP,NICAP_DB_3353,"Blairsville, PA",40.43249,-79.259881,5.0,place_exact,Blairsville borough,US,PA
NICAP,NICAP_DB_3354,"Sharon, MA",42.117516,-71.186029,5.0,place_exact,Sharon CDP,US,MA
NICAP,NICAP_DB_3355,"Toledo, OH",41.664071,-83.581861,9.625487116100786,place_exact,Toledo city,US,OH
NICAP,NICAP_DB_3356,"Gosport, IN",39.350685,-86.666456,5.0,place_exact,Gosport town,US,IN
NICAP,NICAP_DB_3357,"Poland, IN",40.437662,-84.983485,7.5,place_fuzzy,Portland city,US,IN
NICAP,NICAP_DB_3358,"Portland, IN",40.437662,-84.983485,5.0,place_exact,Portland city,US,IN
NICAP,NICAP_DB_3359,"Patterson, AR",35.258973,-91.234957,5.0,place_exact,Patterson city,US,AR
NICAP,NICAP_DB_3360,"Memphis, TN",35.109018,-89.966565,18.489415566750615,place_exact,Memphis city,US,TN
NICAP,NICAP_DB_3361,"Piggott, AR",36.387191,-90.198944,5.0,place_exact,Piggott city,US,AR
NICAP,NICAP_DB_3362,"Alamogordo, NM",32.883616,-105.96361,5.0,place_exact,Alamogordo city,US,NM
NICAP,NICAP_DB_3363,"White Sands, NM",32.38044,-106.479113,5.0,place_exact,White Sands CDP,US,NM
NICAP,NICAP_DB_3364,"Wheaton, IL",41.856833,-88.108126,5.0,place_exact,Wheaton city,US,IL
NICAP,NICAP_DB_3365,"Red Hill, NH",,,,unresolved,,US,NH
NICAP,NICAP_DB_3366,"Wheaton, MA",,,,unresolved,,US,MA
NICAP,NICAP_DB_3367,"Plantation, FL",26.125573,-80.261818,5.003762939584124,place_exact,Plantation city,US,FL
NICAP,NICAP_DB_3368,"Lewiston, IL",40.396861,-90.15551,7.5,place_fuzzy,Lewistown city,US,IL
NICAP,NICAP_DB_3369,"Dorchester, MA",42.29732,-71.0745,9.890702705066005,geonames_exact,Dorchester,US,MA
NICAP,NICAP_DB_3370,"Vicco, KY",37.216107,-83.060812,5.0,place_exact,Vicco city,US,KY
NICAP,NICAP_DB_3371,"Pierre/Hayes, SD",44.375163,-100.319996,5.0,place_exact,Pierre city,US,SD
NICAP,NICAP_DB_3372,"Minot AFB, ND",48.4153580980001,-101.32274284,10.0,dod_site,Minot Air Force Base,US,ND
NICAP,NICAP_DB_3374,"Bentor Harbor, MI",42.113495,-86.44725,7.5,place_fuzzy,Benton Harbor city,US,MI
NICAP,NICAP_DB_3375,"Galesburg-Moline, IL",,,,unresolved,,US,IL
NICAP,NICAP_DB_3376,"Alberta, CAN",,,,unresolved,,US,
NICAP,NICAP_DB_3377,"Keeneyville & Bartlett, between, IL",,,,unresolved,,US,IL
NICAP,NICAP_DB_3378,"Leominster, MA",42.520876,-71.770611,5.760065778945392,place_exact,Leominster city,US,MA
NICAP,NICAP_DB_3379,"Goodland, KS",39.348512,-101.713819,5.0,place_exact,Goodland city,US,KS
NICAP,NICAP_DB_3380,"Sidney, AU",,,,unresolved,,US,
NICAP,NICAP_DB_3381,"Aurora, IL",41.763455,-88.290099,7.199035583557936,place_exact,Aurora city,US,IL
NICAP,NICAP_DB_3382,"Westmont, IL",41.794371,-87.97286,5.0,place_exact,Westmont village,US,IL
NICAP,NICAP_DB_3383,"Caledonia, MO",37.764771,-90.772354,5.0,place_exact,Caledonia village,US,MO
NICAP,NICAP_DB_3384,"Grosse Pointe Woods, MI",42.439255,-82.898955,5.0,place_exact,Grosse Pointe Woods city,US,MI
NICAP,NICAP_DB_3385,"Oswego, NY",43.458052,-76.503689,5.0,place_exact,Oswego city,US,NY
NICAP,NICAP_DB_3386,"Houston, TX",29.785743,-95.388806,27.15177795692618,place_exact,Houston city,US,TX
NICAP,NICAP_DB_3387,"Denver, CO",39.76185,-104.881105,13.274259669668128,place_exact,Denver city,US,CO
NICAP,NICAP_DB_3388,"Newpoint, VT",,,,unresolved,,US,VT
NICAP,NICAP_DB_3389,"Manistique, MI",45.959744,-86.250953,5.0,place_exact,Manistique city,US,MI
NICAP,NICAP_DB_3390,"Leominster, MA",42.520876,-71.770611,5.760065778945392,place_exact,Leominster city,US,MA
NICAP,NICAP_DB_3391,"Galesburg, IL",40.950217,-90.376564,5.0,place_exact,Galesburg city,US,IL
NICAP,NICAP_DB_3392,"Follansbee, WV",40.337005,-80.597203,5.0,place_exact,Follansbee city,US,WV
NICAP,NICAP_DB_3393,"Onawa, IA",42.026476,-96.090917,5.0,place_exact,Onawa city,US,IA
NICAP,NICAP_DB_3394,"Shamokin, PA",40.788108,-76.554991,5.0,place_exact,Shamokin city,US,PA
NICAP,NICAP_DB_3395,"Moline, IL",41.482333,-90.493407,5.0,place_exact,Moline city,US,IL
NICAP,NICAP_DB_3396,"Plain City, OH",40.107518,-83.273587,5.0,place_exact,Plain City village,US,OH
NICAP,NICAP_DB_3397,"Savanna, IL",42.093843,-90.139065,5.0,place_exact,Savanna city,US,IL
NICAP,NICAP_DB_3398,"Fort Wayne, IN",41.089132,-85.1439,11.290609726671098,place_exact,Fort Wayne city,US,IN
NICAP,NICAP_DB_3399,"Las Cruces, NM",32.326444,-106.789695,9.410540355249415,place_exact,Las Cruces city,US,NM
NICAP,NICAP_DB_3400,"Phillipston, MA",42.5487,-72.13286,5.0,geonames_exact,Phillipston,US,MA
NICAP,NICAP_DB_3401,"Dareton, AU",,,,unresolved,,US,
NICAP,NICAP_DB_3402,"Pawtucket, RI",41.874824,-71.373323,5.0,place_exact,Pawtucket city,US,RI
NICAP,NICAP_DB_3403,"Salol, MN",,,,unresolved,,US,MN
NICAP,NICAP_DB_3404,"Ft. Chaffee, AR",,,,unresolved,,US,AR
NICAP,NICAP_DB_3405,"Ashtabula, OH",41.879462,-80.798482,5.0,place_exact,Ashtabula city,US,OH
NICAP,NICAP_DB_3406,"Taranaki (off coast of), NZ",,,,unresolved,,US,
NICAP,NICAP_DB_3407,"Tillamook, OR",45.456124,-123.833147,5.0,place_exact,Tillamook city,US,OR
NICAP,NICAP_DB_3408,"Paragould, AR",36.05229,-90.51047,6.055628419541242,place_exact,Paragould city,US,AR
NICAP,NICAP_DB_3409,"Virginia, MN",47.527955,-92.517602,5.0,place_exact,Virginia city,US,MN
NICAP,NICAP_DB_3410,"Rochester, MN",44.015442,-92.47721,7.992641226639525,place_exact,Rochester city,US,MN
NICAP,NICAP_DB_3411,"Vernal and Roosevelt bt., UT",40.451698,-109.538011,5.0,place_exact,Vernal city,US,UT
NICAP,NICAP_DB_3412,"Glens Falls, NY",43.31116,-73.645286,5.0,place_exact,Glens Falls city,US,NY
NICAP,NICAP_DB_3413,"San De Fuca, WA",,,,unresolved,,US,WA
NICAP,NICAP_DB_3414,"Southeast Asia, Asia",,,,unresolved,,US,
NICAP,NICAP_DB_3415,"Daytona Beach, FL",29.19071,-81.097083,8.689344176761686,place_exact,Daytona Beach city,US,FL
NICAP,NICAP_DB_3416,"Linda, CA",39.124142,-121.542173,5.0,place_exact,Linda CDP,US,CA
NICAP,NICAP_DB_3417,"Nebo, NC",35.715823,-81.913895,5.0,place_exact,Nebo CDP,US,NC
NICAP,NICAP_DB_3418,"Free Soil, MI",44.10714,-86.210978,5.0,place_exact,Free Soil village,US,MI
NICAP,NICAP_DB_3419,"Montevideo, Uraguay",,,,unresolved,,US,
NICAP,NICAP_DB_3420,"Roy (near), MT",47.334299,-108.959994,5.0,place_exact,Roy CDP,US,MT
NICAP,NICAP_DB_3421,"Lewistown (15 miles N of), MT",47.05138,-109.452399,5.0,place_exact,Lewistown city,US,MT
NICAP,NICAP_DB_3422,"Malmstrom AFB, MT",47.5058738370001,-111.182557531,10.0,dod_site,Malmstrom Air Force Base,US,MT
NICAP,NICAP_DB_3423,"Keene, NH",42.953842,-72.306875,6.534314654192894,place_exact,Keene city,US,NH
NICAP,NICAP_DB_3424,"Lebanon, OH",39.425551,-84.213189,5.0,place_exact,Lebanon city,US,OH
NICAP,NICAP_DB_3425,"Central area, PA",40.804486,-76.344007,7.5,place_fuzzy,Centralia borough,US,PA
NICAP,NICAP_DB_3426,"Ann Arbor, MI",42.276147,-83.73086,5.697464426294286,place_exact,Ann Arbor city,US,MI
NICAP,NICAP_DB_3427,"Ohio Pyle, PA",39.864067,-79.494688,7.5,place_fuzzy,Ohiopyle borough,US,PA
NICAP,NICAP_DB_3428,"Evansville, VT",,,,unresolved,,US,VT
NICAP,NICAP_DB_3429,"Stow, MA",42.43704,-71.50562,5.0,geonames_exact,Stow,US,MA
NICAP,NICAP_DB_3430,"Tuscumbia, MO",38.237061,-92.46004,5.0,place_exact,Tuscumbia town,US,MO
NICAP,NICAP_DB_3431,"Hillsboro, KS",38.352652,-97.199572,5.0,place_exact,Hillsboro city,US,KS
NICAP,NICAP_DB_3432,"New Baden, IL",38.536765,-89.707193,5.0,place_exact,New Baden village,US,IL
NICAP,NICAP_DB_3433,"Champaign, IL",40.114099,-88.274619,5.137329743056104,place_exact,Champaign city,US,IL
NICAP,NICAP_DB_3434,"Minneapolis, MN",44.963324,-93.26832,7.884118748753372,place_exact,Minneapolis city,US,MN
NICAP,NICAP_DB_3435,"Homer, AK",59.647503,-151.513095,5.0,place_exact,Homer city,US,AK
NICAP,NICAP_DB_3436,"Yungay, Peru",-9.13833,-77.74361,5.0,geonames_exact,Yungay,PE,
NICAP,NICAP_DB_3437,"Biscay Bay, Spain",,,,unresolved,,ES,
NICAP,NICAP_DB_3438,"Wapello, IA",41.177248,-91.187372,5.0,place_exact,Wapello city,US,IA
NICAP,NICAP_DB_3439,"Camarillo, CA",34.221823,-119.032154,5.0,place_exact,Camarillo city,US,CA
NICAP,NICAP_DB_3440,"Omaha, NE",41.262705,-96.053475,12.765417902372889,place_exact,Omaha city,US,NE
NICAP,NICAP_DB_3441,"Omaha, NE",41.262705,-96.053475,12.765417902372889,place_exact,Omaha city,US,NE
NICAP,NICAP_DB_3442,"Great Falls, MT",47.502518,-111.29997,5.145822858288933,place_exact,Great Falls city,US,MT
NICAP,NICAP_DB_3443,"Lawrenceville, IL",38.726345,-87.687289,5.0,place_exact,Lawrenceville city,US,IL
NICAP,NICAP_DB_3444,"Los Alamos, NM",35.893959,-106.290025,5.0,place_exact,Los Alamos CDP,US,NM
NICAP,NICAP_DB_3445,"Atlantic Ocean, in air space",,,,unresolved,,US,
NICAP,NICAP_DB_3446,"Kent, CT",41.72482,-73.47707,5.0,geonames_exact,Kent,US,CT
NICAP,NICAP_DB_3447,"Georgetown, MA",,,,unresolved,,US,MA
NICAP,NICAP_DB_3448,"Belt, MT",47.387201,-110.927737,5.0,place_exact,Belt town,US,MT
NICAP,NICAP_DB_3449,"Los Alamos, NM",35.893959,-106.290025,5.0,place_exact,Los Alamos CDP,US,NM
NICAP,NICAP_DB_3450,"Malmstrom AFB (Nr. Roy), MT",47.5058738370001,-111.182557531,10.0,dod_site,Malmstrom Air Force Base,US,MT
NICAP,NICAP_DB_3451,"Joplin, MO",37.075218,-94.501259,6.620806328872976,place_exact,Joplin city,US,MO
NICAP,NICAP_DB_3452,"Canton, IL",40.564245,-90.040728,5.0,place_exact,Canton city,US,IL
NICAP,NICAP_DB_3453,"Memphis, TN",35.109018,-89.966565,18.489415566750615,place_exact,Memphis city,US,TN
NICAP,NICAP_DB_3454,"New Winchester, OH",,,,unresolved,,US,OH
NICAP,NICAP_DB_3455,"Minatare, NE",41.811018,-103.501719,5.0,place_exact,Minatare city,US,NE
NICAP,NICAP_DB_3457,"Medicine Lodge, KS",37.285137,-98.581185,5.0,place_exact,Medicine Lodge city,US,KS
NICAP,NICAP_DB_3458,"Picaco Park, NM",,,,unresolved,,US,NM
NICAP,NICAP_DB_3459,"Munroe Falls, OH",41.139576,-81.436058,5.0,place_exact,Munroe Falls city,US,OH
NICAP,NICAP_DB_3460,"North Granby, CT",42.015989,-72.843177,5.0,place_exact,North Granby CDP,US,CT
NICAP,NICAP_DB_3461,"Newulm, MN",44.312067,-94.468896,7.5,place_fuzzy,New Ulm city,US,MN
NICAP,NICAP_DB_3462,"Burghfield, Berkshire, UK",,,,unresolved,,GB,
NICAP,NICAP_DB_3463,"Malmstrom AFB, MT",47.5058738370001,-111.182557531,10.0,dod_site,Malmstrom Air Force Base,US,MT
NICAP,NICAP_DB_3464,"Eastern Seaboard, in air space",,,,unresolved,,US,
NICAP,NICAP_DB_3465,"Westmont, IL",41.794371,-87.97286,5.0,place_exact,Westmont village,US,IL
NICAP,NICAP_DB_3466,"Wellington, TX",34.853813,-100.213982,5.0,place_exact,Wellington city,US,TX
NICAP,NICAP_DB_3467,"Haverhille, MA",42.782945,-71.087436,9.250061621416368,place_fuzzy,Haverhill city,US,MA
NICAP,NICAP_DB_3468,"Brixham, Devon, UK",,,,unresolved,,GB,
NICAP,NICAP_DB_3469,"Moberly, MO",39.418112,-92.436544,5.0,place_exact,Moberly city,US,MO
NICAP,NICAP_DB_3470,"Tortuguero, Islagrande, PR",,,,unresolved,,US,PR
NICAP,NICAP_DB_3471,"Wayne County, IN",,,,unresolved,,US,IN
NICAP,NICAP_DB_3472,"Hessel, CA",,,,unresolved,,US,CA
NICAP,NICAP_DB_3473,"Harrisburg, PA",40.275891,-76.88502,5.0,place_exact,Harrisburg city,US,PA
NICAP,NICAP_DB_3474,"Fishing Creek Valley, PA",,,,unresolved,,US,PA
NICAP,NICAP_DB_3475,"Jonestown, PA",40.412972,-76.480726,5.0,place_exact,Jonestown borough,US,PA
NICAP,NICAP_DB_3476,"Davis, CA",38.556147,-121.737793,5.0,place_exact,Davis city,US,CA
NICAP,NICAP_DB_3477,"Menominee, MI",45.122088,-87.623573,5.0,place_exact,Menominee city,US,MI
NICAP,NICAP_DB_3478,"Peterborough, Ontario, CAN",,,,unresolved,,US,
NICAP,NICAP_DB_3479,"Belleville, KS",39.824337,-97.633855,5.0,place_exact,Belleville city,US,KS
NICAP,NICAP_DB_3480,"North Salinas, CA",,,,unresolved,,US,CA
NICAP,NICAP_DB_3481,"Los Angeles, CA",34.019394,-118.410825,23.2472560101187,place_exact,Los Angeles city,US,CA
NICAP,NICAP_DB_3482,"Edmonton, Alberta, CAN",,,,unresolved,,US,
NICAP,NICAP_DB_3484,"Millersburg, PA",40.543191,-76.952904,5.0,place_exact,Millersburg borough,US,PA
NICAP,NICAP_DB_3485,"Fayette County, IN",,,,unresolved,,US,IN
NICAP,NICAP_DB_3486,"Houma, LA",29.578681,-90.708023,5.0,place_exact,Houma city,US,LA
NICAP,NICAP_DB_3487,"Danville, PA",40.961676,-76.61204,5.0,place_exact,Danville borough,US,PA
NICAP,NICAP_DB_3488,"Orange, MA",42.605437,-72.292074,5.0,place_exact,Orange CDP,US,MA
NICAP,NICAP_DB_3489,"Royalston, MA",42.67759,-72.18786,5.0,geonames_exact,Royalston,US,MA
NICAP,NICAP_DB_3490,"Woodville, ID",,,,unresolved,,US,ID
NICAP,NICAP_DB_3491,"Hackettstown, NJ",40.853704,-74.824877,5.0,place_exact,Hackettstown town,US,NJ
NICAP,NICAP_DB_3492,"Toronto, Ontario, CAN",,,,unresolved,,US,
NICAP,NICAP_DB_3493,"North Granby, CT",42.015989,-72.843177,5.0,place_exact,North Granby CDP,US,CT
NICAP,NICAP_DB_3494,"Coastal Keys Highway, CA",,,,unresolved,,US,CA
NICAP,NICAP_DB_3495,"Phoenix, AZ",33.572154,-112.090132,24.418586909701933,place_exact,Phoenix city,US,AZ
NICAP,NICAP_DB_3496,"Phoenix, AZ",33.572154,-112.090132,24.418586909701933,place_exact,Phoenix city,US,AZ
NICAP,NICAP_DB_3497,"Melville, NY",40.782357,-73.408824,5.0,place_exact,Melville CDP,US,NY
NICAP,NICAP_DB_3498,"Ramey AFB(Shoreline at NE corner of), Puerto Rico",,,,unresolved,,US,PR
NICAP,NICAP_DB_3499,"Downsville, Ontario, CAN",,,,unresolved,,US,
NICAP,NICAP_DB_3500,"Saigon, Vo Than, Viet Nam",,,,unresolved,,US,
NICAP,NICAP_DB_3501,"Worthing, Sussex, UK",,,,unresolved,,GB,
NICAP,NICAP_DB_3502,"Shelley, ID",43.379538,-112.126098,5.0,place_exact,Shelley city,US,ID
NICAP,NICAP_DB_3503,"Jefferson City, MO",38.567461,-92.175254,6.442225598864624,place_exact,Jefferson City city,US,MO
NICAP,NICAP_DB_3504,"New Haven, WV",38.988208,-81.967318,5.0,place_exact,New Haven town,US,WV
NICAP,NICAP_DB_3505,"Point Pleasant, WV",38.850227,-82.131978,5.0,place_exact,Point Pleasant city,US,WV
NICAP,NICAP_DB_3506,"Athens, OH",39.326,-82.098008,5.0,place_exact,Athens city,US,OH
NICAP,NICAP_DB_3507,"Tully, MA",,,,unresolved,,US,MA
NICAP,NICAP_DB_3508,"Huntinton, WV",38.410651,-82.434689,7.5,place_fuzzy,Huntington city,US,WV
NICAP,NICAP_DB_3509,"Port Clinton, OH",41.509718,-82.938339,5.0,place_exact,Port Clinton city,US,OH
NICAP,NICAP_DB_3510,"Orange, MA",42.605437,-72.292074,5.0,place_exact,Orange CDP,US,MA
NICAP,NICAP_DB_3511,"Coldwater, MI",41.94601,-84.999302,5.0,place_exact,Coldwater city,US,MI
NICAP,NICAP_DB_3512,"Georgetown, MA",,,,unresolved,,US,MA
NICAP,NICAP_DB_3513,"Bolten, MA",,,,unresolved,,US,MA
NICAP,NICAP_DB_3514,"Ephrata, WA",47.312199,-119.534176,5.0,place_exact,Ephrata city,US,WA
NICAP,NICAP_DB_3515,"Cocoa Beach, FL",28.32914,-80.627539,5.0,place_exact,Cocoa Beach city,US,FL
NICAP,NICAP_DB_3516,"Georgetown, MA",,,,unresolved,,US,MA
NICAP,NICAP_DB_3517,"Phillipston, MA",42.5487,-72.13286,5.0,geonames_exact,Phillipston,US,MA
NICAP,NICAP_DB_3518,"Tucson, AZ",32.153036,-110.870773,16.65558603658911,place_exact,Tucson city,US,AZ
NICAP,NICAP_DB_3519,"Maeser -Vernal, UT",,,,unresolved,,US,UT
NICAP,NICAP_DB_3520,"South Hill, VA",36.725662,-78.128886,5.0,place_exact,South Hill town,US,VA
NICAP,NICAP_DB_3521,"LaPoint, UT",40.404217,-109.796978,5.0,place_exact,Lapoint CDP,US,UT
NICAP,NICAP_DB_3522,"Maryville, TN",35.746814,-83.978801,5.0,place_exact,Maryville city,US,TN
NICAP,NICAP_DB_3523,"Elizabeth, IL",42.316422,-90.22182,5.0,place_exact,Elizabeth village,US,IL
NICAP,NICAP_DB_3524,"Orange, MA",42.605437,-72.292074,5.0,place_exact,Orange CDP,US,MA
NICAP,NICAP_DB_3525,"Richmond, VA",37.531399,-77.476009,8.30542170980967,place_exact,Richmond city,US,VA
NICAP,NICAP_DB_3526,"Kitchener, Ontario, CAN",,,,unresolved,,US,
NICAP,NICAP_DB_3527,"Mt. St. Helens, WA",,,,unresolved,,US,WA
NICAP,NICAP_DB_3528,"St. Catherines, Ontario, CAN",,,,unresolved,,US,
NICAP,NICAP_DB_3529,"Bloomfield, NM",36.743306,-107.973937,5.0,place_exact,Bloomfield city,US,NM
NICAP,NICAP_DB_3530,"SW part of State, OK",,,,unresolved,,US,OK
NICAP,NICAP_DB_3531,"Kingston, NH",42.93648,-71.05339,5.0,geonames_exact,Kingston,US,NH
NICAP,NICAP_DB_3532,"Green Lake, WI",43.842785,-88.95579,5.0,place_exact,Green Lake city,US,WI
NICAP,NICAP_DB_3533,"Brixham, Devon, UK",,,,unresolved,,GB,
NICAP,NICAP_DB_3534,"Toronto, Ontario, CAN",,,,unresolved,,US,
NICAP,NICAP_DB_3535,"Shelley, ID",43.379538,-112.126098,5.0,place_exact,Shelley city,US,ID
NICAP,NICAP_DB_3536,"Orange, MA",42.605437,-72.292074,5.0,place_exact,Orange CDP,US,MA
NICAP,NICAP_DB_3537,"Samoset, FL",27.476403,-82.54297,5.0,place_exact,Samoset CDP,US,FL
NICAP,NICAP_DB_3538,"Peel Tree, WV",,,,unresolved,,US,WV
NICAP,NICAP_DB_3539,"Montezuma, IA",41.582991,-92.527828,5.0,place_exact,Montezuma city,US,IA
NICAP,NICAP_DB_3540,"Philadelphia, PA",40.009376,-75.133346,12.43617722614148,place_exact,Philadelphia city,US,PA
NICAP,NICAP_DB_3541,"Minot, ND",48.236125,-101.277533,5.601255097446167,place_exact,Minot city,US,ND
NICAP,NICAP_DB_3542,"St. George, UT",37.081849,-113.564633,9.503331065123078,place_exact,St. George city,US,UT
NICAP,NICAP_DB_3543,"Schirmeck, Bas-Rhein, Germany",,,,unresolved,,DE,
NICAP,NICAP_DB_3544,"Edmonton, Alberta, CAN",,,,unresolved,,US,
NICAP,NICAP_DB_3545,"Chester Heights, PA",39.892551,-75.468956,5.0,place_exact,Chester Heights borough,US,PA
NICAP,NICAP_DB_3546,"Champaign, IL",40.114099,-88.274619,5.137329743056104,place_exact,Champaign city,US,IL
NICAP,NICAP_DB_3547,"Beloit, WI",42.523506,-89.01766,5.0,place_exact,Beloit city,US,WI
NICAP,NICAP_DB_3548,"Wayne County, IN",,,,unresolved,,US,IN
NICAP,NICAP_DB_3549,"Wareham, MA",,,,unresolved,,US,MA
NICAP,NICAP_DB_3550,"Torrance, CA",33.830453,-118.356618,5.0,place_exact,Torrance city,US,CA
NICAP,NICAP_DB_3551,"Putney, UK",51.46072,-0.21814,8.782938005018593,geonames_exact,Putney,GB,
NICAP,NICAP_DB_3552,"Neola, UT",40.434806,-110.03082,5.0,place_exact,Neola CDP,US,UT
NICAP,NICAP_DB_3553,"Vermillion, SD",42.781107,-96.925627,5.0,place_exact,Vermillion city,US,SD
NICAP,NICAP_DB_3554,"Colorado Springs, CA",38.74644,-120.873807,7.5,place_fuzzy,Cold Springs CDP,US,CA
NICAP,NICAP_DB_3556,"Indianapolis (NE of), IN",39.76838,-86.15804,29.79332139926665,geonames_exact,Indianapolis,US,IN
NICAP,NICAP_DB_3557,"Scarborough, Ontario, CAN",,,,unresolved,,US,
NICAP,NICAP_DB_3558,"Gulf of Mexico, At Sea",,,,unresolved,,US,
NICAP,NICAP_DB_3559,"Half Moon Bay, CA",37.467319,-122.440485,5.0,place_exact,Half Moon Bay city,US,CA
NICAP,NICAP_DB_3560,"Ust'kamenogorsk, Russia",,,,unresolved,,RU,
NICAP,NICAP_DB_3561,"Kamyshin, Russia",50.0885,45.41277,11.341340308799486,geonames_exact,Kamyshin,RU,
NICAP,NICAP_DB_3562,"Bakhrushev, Russia",,,,unresolved,,RU,
NICAP,NICAP_DB_3563,"Rural Hall, NC",36.224504,-80.296908,5.0,place_exact,Rural Hall town,US,NC
NICAP,NICAP_DB_3564,"Grove City, OH",39.866366,-83.066933,5.0,place_exact,Grove City city,US,OH
NICAP,NICAP_DB_3565,"Falcon Lake, Manitoba, CAN",,,,unresolved,,US,
NICAP,NICAP_DB_3566,"Lexington, KY",37.98869,-84.47772,17.898240136952012,geonames_exact,Lexington,US,KY
NICAP,NICAP_DB_3567,"Union County, IN",,,,unresolved,,US,IN
NICAP,NICAP_DB_3568,"Union County, IN",,,,unresolved,,US,IN
NICAP,NICAP_DB_3569,"Fostoria, OH",41.160234,-83.412441,5.0,place_exact,Fostoria city,US,OH
NICAP,NICAP_DB_3570,"Shreveport, LA",32.466879,-93.792193,11.139438046867534,place_exact,Shreveport city,US,LA
NICAP,NICAP_DB_3571,"Castro Valley, CA",37.708276,-122.062769,5.0,place_exact,Castro Valley CDP,US,CA
NICAP,NICAP_DB_3572,"Albuquerque, NM",35.10478,-106.646809,14.682227578493212,place_exact,Albuquerque city,US,NM
NICAP,NICAP_DB_3573,"Corinth, NY",43.245662,-73.830348,5.0,place_exact,Corinth village,US,NY
NICAP,NICAP_DB_3574,"Wallingford, CT",41.45704,-72.82316,5.0,geonames_exact,Wallingford,US,CT
NICAP,NICAP_DB_3575,"Saugus, MA",42.468432,-71.013946,5.0,place_exact,Saugus CDP,US,MA
NICAP,NICAP_DB_3576,"Bay City, MI",43.590062,-83.888421,5.0,place_exact,Bay City city,US,MI
NICAP,NICAP_DB_3577,"Danville, PA",40.961676,-76.61204,5.0,place_exact,Danville borough,US,PA
NICAP,NICAP_DB_3578,"Beausejour, Manitoba, CAN",,,,unresolved,,US,
NICAP,NICAP_DB_3579,"Manchester, UK",53.48095,-2.23743,23.85363703924414,geonames_exact,Manchester,GB,
NICAP,NICAP_DB_3580,"Khoper River, Russia",,,,unresolved,,RU,
NICAP,NICAP_DB_3581,"Fremont, OH",41.353019,-83.11559,5.0,place_exact,Fremont city,US,OH
NICAP,NICAP_DB_3582,"Santa Monico, Madrid, Spain",,,,unresolved,,ES,
NICAP,NICAP_DB_3583,"St. Augustine, FL",29.896152,-81.311128,5.0,place_exact,St. Augustine city,US,FL
NICAP,NICAP_DB_3584,"Richmond, VA",37.531399,-77.476009,8.30542170980967,place_exact,Richmond city,US,VA
NICAP,NICAP_DB_3585,"Warrensburg, MO",38.762381,-93.725337,5.0,place_exact,Warrensburg city,US,MO
NICAP,NICAP_DB_3586,"Shaunavon, Saskatchenwan, CAN",,,,unresolved,,US,
NICAP,NICAP_DB_3587,"McKeesport, PA",40.341877,-79.845007,5.0,place_exact,McKeesport city,US,PA
NICAP,NICAP_DB_3588,"Philadelphia, PA",40.009376,-75.133346,12.43617722614148,place_exact,Philadelphia city,US,PA
NICAP,NICAP_DB_3589,"Extremadura, Spain",,,,unresolved,,ES,
NICAP,NICAP_DB_3590,"Selkirk, Manitoba, CAN",,,,unresolved,,US,
NICAP,NICAP_DB_3591,"Shamokin, PA",40.788108,-76.554991,5.0,place_exact,Shamokin city,US,PA
NICAP,NICAP_DB_3592,"Uncasville, CT",41.43454,-72.1098,5.0,geonames_exact,Uncasville,US,CT
NICAP,NICAP_DB_3593,"Vancouver Island, BC, CAN",,,,unresolved,,US,
NICAP,NICAP_DB_3594,"Colonsay, Saskatchewan, CAN",,,,unresolved,,US,
NICAP,NICAP_DB_3595,"Itajuba, Brazil",-22.42556,-45.45278,9.64743489223949,geonames_exact,Itajubá,BR,
NICAP,NICAP_DB_3596,"Pine Grove, PA",40.553414,-76.386016,5.0,place_exact,Pine Grove borough,US,PA
NICAP,NICAP_DB_3597,"Extremadura, Spain",,,,unresolved,,ES,
NICAP,NICAP_DB_3599,"Pittsburgh, PA",40.439775,-79.976333,7.983918475424346,place_exact,Pittsburgh city,US,PA
NICAP,NICAP_DB_3600,"Freeport, TX",28.943296,-95.35607,5.0,place_exact,Freeport city,US,TX
NICAP,NICAP_DB_3601,"Harrisburg, PA",40.275891,-76.88502,5.0,place_exact,Harrisburg city,US,PA
NICAP,NICAP_DB_3602,"Da Nang, Vietnam",16.06778,108.22083,35.7211421989835,geonames_exact,Da Nang,VN,
NICAP,NICAP_DB_3603,"Dorval, Montreal, CAN",,,,unresolved,,US,
NICAP,NICAP_DB_3604,"Caledonia, Ontario, CAN",,,,unresolved,,US,
NICAP,NICAP_DB_3606,"Caledonia, Ontario, CAN",,,,unresolved,,US,
NICAP,NICAP_DB_3608,"Woodsocket, RI",42.001708,-71.499947,7.5,place_fuzzy,Woonsocket city,US,RI
NICAP,NICAP_DB_3609,"Falcon Lake, CAN",,,,unresolved,,US,
NICAP,NICAP_DB_3610,"Falcon Lake, CAN",,,,unresolved,,US,
NICAP,NICAP_DB_3611,"Falcon Lake, CAN",,,,unresolved,,US,
NICAP,NICAP_DB_3612,"Mechanicsville, VA",37.629896,-77.354756,5.711049679738782,place_exact,Mechanicsville CDP,US,VA
NICAP,NICAP_DB_3613,"Los Angeles, CA",34.019394,-118.410825,23.2472560101187,place_exact,Los Angeles city,US,CA
NICAP,NICAP_DB_3614,"Kenmare, ND",48.672812,-102.07203,5.0,place_exact,Kenmare city,US,ND
NICAP,NICAP_DB_3615,"Danville, VA",36.583334,-79.408071,7.018848370241691,place_exact,Danville city,US,VA
NICAP,NICAP_DB_3616,"Trenton, ME",44.43897,-68.37002,5.0,geonames_exact,Trenton,US,ME
NICAP,NICAP_DB_3617,"Austin, TX",30.301157,-97.752695,19.19066469811704,place_exact,Austin city,US,TX
NICAP,NICAP_DB_3618,"Warrenton, VA",38.717817,-77.797316,5.0,place_exact,Warrenton town,US,VA
NICAP,NICAP_DB_3619,"Paso de los Libres, Argentina",-29.71251,-57.08771,6.618534581008095,geonames_exact,Paso de los Libres,AR,
NICAP,NICAP_DB_3620,"Asuncion, Paraguay",,,,unresolved,,US,
NICAP,NICAP_DB_3621,"Manchester, UK",53.48095,-2.23743,23.85363703924414,geonames_exact,Manchester,GB,
NICAP,NICAP_DB_3622,"Harrisburg, PA",40.275891,-76.88502,5.0,place_exact,Harrisburg city,US,PA
NICAP,NICAP_DB_3623,"Wilmington, DE",39.735651,-75.532104,5.0,place_exact,Wilmington city,US,DE
NICAP,NICAP_DB_3624,"Wailuku, Maui, HI",,,,unresolved,,US,HI
NICAP,NICAP_DB_3625,"Winnipeg, Manitoba, CAN",,,,unresolved,,US,
NICAP,NICAP_DB_3626,"Wichita, KS",37.690638,-97.345836,13.65536947707954,place_exact,Wichita city,US,KS
NICAP,NICAP_DB_3627,"Tehran, Iran",35.69439,51.42151,40.0,geonames_exact,Tehran,IR,
NICAP,NICAP_DB_3628,"Newington, CT",41.686993,-72.730839,5.0,place_exact,Newington CDP,US,CT
NICAP,NICAP_DB_3629,"Rapid City, SD",44.071071,-103.217924,7.935058047816804,place_exact,Rapid City city,US,SD
NICAP,NICAP_DB_3630,"Scotch Plain, NJ",40.65538,-74.38987,7.5,geonames_fuzzy,Scotch Plains,US,NJ
NICAP,NICAP_DB_3631,"Taipei, Taiwan",25.05306,121.52639,40.0,geonames_exact,Taipei,TW,
NICAP,NICAP_DB_3632,"Saginaw, MI",43.419945,-83.950172,5.0,place_exact,Saginaw city,US,MI
NICAP,NICAP_DB_3633,"Calgary, Alberta, CAN",,,,unresolved,,US,
NICAP,NICAP_DB_3634,"Richards-Gebauer AFB (near), MO",,,,unresolved,,US,MO
NICAP,NICAP_DB_3635,"Durban, S. Africa",,,,unresolved,,US,
NICAP,NICAP_DB_3636,"Corning, CA",39.9282,-122.182009,5.0,place_exact,Corning city,US,CA
NICAP,NICAP_DB_3637,"Shakhty, Russia",47.71916,40.21603,14.876558741859625,geonames_exact,Shakhty,RU,
NICAP,NICAP_DB_3638,"Harrisburg, PA",40.275891,-76.88502,5.0,place_exact,Harrisburg city,US,PA
NICAP,NICAP_DB_3639,"Winnipeg, CAN",,,,unresolved,,US,
NICAP,NICAP_DB_3640,"Palmer Park, MD",,,,unresolved,,US,MD
NICAP,NICAP_DB_3641,"Canyon Ferry, MT",,,,unresolved,,US,MT
NICAP,NICAP_DB_3642,"Kenora, Ontario, CAN",,,,unresolved,,US,
NICAP,NICAP_DB_3643,"North Sea off English Coast, At sea",,,,unresolved,,US,
NICAP,NICAP_DB_3644,"Harrisburg, PA",40.275891,-76.88502,5.0,place_exact,Harrisburg city,US,PA
NICAP,NICAP_DB_3645,"Lizelia, MS",,,,unresolved,,US,MS
NICAP,NICAP_DB_3646,"Lone Butte, BC, CAN",,,,unresolved,,US,
NICAP,NICAP_DB_3647,"Irving, NJ",,,,unresolved,,US,NJ
NICAP,NICAP_DB_3648,"Bristol, VT",44.137309,-73.086917,5.0,place_exact,Bristol CDP,US,VT
NICAP,NICAP_DB_3649,"Orion, MI",,,,unresolved,,US,MI
NICAP,NICAP_DB_3650,"Palmerston North, NZ",,,,unresolved,,US,
NICAP,NICAP_DB_3651,"Harrisburg, PA",40.275891,-76.88502,5.0,place_exact,Harrisburg city,US,PA
NICAP,NICAP_DB_3652,"San Jose, CA",37.296011,-121.814552,14.32467509036224,place_exact,San Jose city,US,CA
NICAP,NICAP_DB_3653,"Harrisburg, PA",40.275891,-76.88502,5.0,place_exact,Harrisburg city,US,PA
NICAP,NICAP_DB_3654,"Enola, PA",40.290604,-76.935497,5.0,place_exact,Enola CDP,US,PA
NICAP,NICAP_DB_3655,"Silver Spring, MD",39.002441,-77.020791,5.0,place_exact,Silver Spring CDP,US,MD
NICAP,NICAP_DB_3656,"Kirkwood, MO",38.579356,-90.420881,5.0,place_exact,Kirkwood city,US,MO
NICAP,NICAP_DB_3657,"Lovelock, NV",40.178738,-118.477442,5.0,place_exact,Lovelock city,US,NV
NICAP,NICAP_DB_3658,"Kudepst, Russia",43.49547,39.89294,7.5,geonames_fuzzy,Kudepsta,RU,
NICAP,NICAP_DB_3659,"Newville, PA",40.169893,-77.40179,5.0,place_exact,Newville borough,US,PA
NICAP,NICAP_DB_3660,"Washington, DC",38.904247,-77.016517,8.388249029313434,place_exact,Washington city,US,DC
NICAP,NICAP_DB_3661,"Belfast, Ireland",,,,unresolved,,IE,
NICAP,NICAP_DB_3662,"Sukhumi (Agudzeri), Russia",,,,unresolved,,RU,
NICAP,NICAP_DB_3663,"Rome, Italy",41.89193,12.51133,40.0,geonames_exact,Rome,IT,
NICAP,NICAP_DB_3664,"Amvrosiyevka, Russia",,,,unresolved,,RU,
NICAP,NICAP_DB_3665,"Miami, FL",25.775163,-80.208615,6.4369903595460585,place_exact,Miami city,US,FL
NICAP,NICAP_DB_3666,"Webster City, IA",42.462407,-93.816483,5.0,place_exact,Webster City city,US,IA
NICAP,NICAP_DB_3667,"Titusville, FL",28.573368,-80.819404,5.799987816079157,place_exact,Titusville city,US,FL
NICAP,NICAP_DB_3669,"Enderby, B.C., CAN",,,,unresolved,,US,
NICAP,NICAP_DB_3670,"Summerdale, PA",,,,unresolved,,US,PA
NICAP,NICAP_DB_3671,"Southern part of State, MI",,,,unresolved,,US,MI
NICAP,NICAP_DB_3673,"Rowley, MA",42.717971,-70.866915,5.0,place_exact,Rowley CDP,US,MA
NICAP,NICAP_DB_3674,"Pompano Beach, FL",26.241622,-80.133851,5.258485798106608,place_exact,Pompano Beach city,US,FL
NICAP,NICAP_DB_3675,"Jewish Creek \[Homestead?\],, FL",,,,unresolved,,US,FL
NICAP,NICAP_DB_3676,"Popponessett Beach, MA",,,,unresolved,,US,MA
NICAP,NICAP_DB_3677,"Garrison, ND",47.653206,-101.421914,5.0,place_exact,Garrison city,US,ND
NICAP,NICAP_DB_3678,"Dauphin, PA",40.368281,-76.930221,5.0,place_exact,Dauphin borough,US,PA
NICAP,NICAP_DB_3679,"Dauphin, PA",40.368281,-76.930221,5.0,place_exact,Dauphin borough,US,PA
NICAP,NICAP_DB_3680,"Farmville, NC",35.595026,-77.590618,5.0,place_exact,Farmville town,US,NC
NICAP,NICAP_DB_3681,"Newton, NH",42.86953,-71.0345,5.0,geonames_exact,Newton,US,NH
NICAP,NICAP_DB_3682,"Alexandria-Leesville, LA",,,,unresolved,,US,LA
NICAP,NICAP_DB_3683,"Gilroy, CA",37.006407,-121.585321,5.0,place_exact,Gilroy city,US,CA
NICAP,NICAP_DB_3684,"Arnold, CA",38.248642,-120.350989,5.0,place_exact,Arnold CDP,US,CA
NICAP,NICAP_DB_3685,"Olympia, WA",47.040604,-122.895,5.0,place_exact,Olympia city,US,WA
NICAP,NICAP_DB_3686,"Kavkazkiy, Russia",44.26703,42.23219,7.5,geonames_fuzzy,Kavkazskiy,RU,
NICAP,NICAP_DB_3687,"Churchville, NY",43.102261,-77.881586,5.0,place_exact,Churchville village,US,NY
NICAP,NICAP_DB_3688,"Wurzburg, Germany",49.79391,9.95121,17.346318053120093,geonames_fuzzy,Würzburg,DE,
NICAP,NICAP_DB_3689,"Kernville, CA",35.755017,-118.430907,5.0,place_exact,Kernville CDP,US,CA
NICAP,NICAP_DB_3690,"Venice, CA",33.99084,-118.46008,6.394137940332536,geonames_exact,Venice,US,CA
NICAP,NICAP_DB_3691,"Chester, PA",39.845558,-75.371882,5.0,place_exact,Chester city,US,PA
NICAP,NICAP_DB_3692,"Caracus, Venezuela",,,,unresolved,,VE,
NICAP,NICAP_DB_3693,"Sawyer, ND",48.089458,-101.053314,5.0,place_exact,Sawyer city,US,ND
NICAP,NICAP_DB_3694,"La Guaira, Federal District, Venezuela",,,,unresolved,,VE,
NICAP,NICAP_DB_3695,"Stoke-On-Trent, Kidsgrove, Staffordshire, UK",,,,unresolved,,GB,
NICAP,NICAP_DB_3696,"Syracuse, NY",43.040998,-76.143554,5.370829731056459,place_exact,Syracuse city,US,NY
NICAP,NICAP_DB_3697,"Philpot, KY",37.735181,-87.000357,5.0,place_exact,Philpot CDP,US,KY
NICAP,NICAP_DB_3698,"Eglin AFB, FL",30.6071221180001,-86.326376962,10.0,dod_site,Eglin Air Force Base,US,FL
NICAP,NICAP_DB_3699,"Perm, Russia",58.01046,56.25017,31.343563932648117,geonames_exact,Perm,RU,
NICAP,NICAP_DB_3700,"San Bernadino, Venezuela",,,,unresolved,,VE,
NICAP,NICAP_DB_3702,"Wyoming Flats, PA",,,,unresolved,,US,PA
NICAP,NICAP_DB_3703,"Mexico City, Mexico",19.42847,-99.12766,40.0,geonames_exact,Mexico City,MX,
NICAP,NICAP_DB_3704,"Kislovodsk, Russia",43.91333,42.72083,11.522629908141631,geonames_exact,Kislovodsk,RU,
NICAP,NICAP_DB_3705,"Belye Krinitsy, Russia",,,,unresolved,,RU,
NICAP,NICAP_DB_3706,"Grey Friars, Stattordshire, UK",,,,unresolved,,GB,
NICAP,NICAP_DB_3708,"Harrisburg, PA",40.275891,-76.88502,5.0,place_exact,Harrisburg city,US,PA
NICAP,NICAP_DB_3709,"Little Rock, AS",,,,unresolved,,US,
NICAP,NICAP_DB_3710,"Churchtown, PA",40.139327,-75.95321,5.0,place_exact,Churchtown CDP,US,PA
NICAP,NICAP_DB_3711,"Enola, PA",40.290604,-76.935497,5.0,place_exact,Enola CDP,US,PA
NICAP,NICAP_DB_3712,"Omega, WI",,,,unresolved,,US,WI
NICAP,NICAP_DB_3713,"Barrie, Ontario, CAN",,,,unresolved,,US,
NICAP,NICAP_DB_3714,"Walnut Creek, CA",37.902666,-122.040479,5.0,place_exact,Walnut Creek city,US,CA
NICAP,NICAP_DB_3715,"El Dorado Hills, CA",38.676082,-121.0477,7.46877955224279,place_exact,El Dorado Hills CDP,US,CA
NICAP,NICAP_DB_3716,"Mechanicsburg, PA",40.211404,-77.00593,5.0,place_exact,Mechanicsburg borough,US,PA
NICAP,NICAP_DB_3717,"Greensboro, NC",36.095148,-79.826996,12.213322034201468,place_exact,Greensboro city,US,NC
NICAP,NICAP_DB_3718,"Chambersburg, PA",39.931433,-77.655642,5.0,place_exact,Chambersburg borough,US,PA
NICAP,NICAP_DB_3719,"Joyceville, Ontario, CAN",,,,unresolved,,US,
NICAP,NICAP_DB_3720,"Joyceville, Ontario, CAN",,,,unresolved,,US,
NICAP,NICAP_DB_3721,"Hamilton County, IN",,,,unresolved,,US,IN
NICAP,NICAP_DB_3722,"Porthill, Newcastle-Under-Lyme, Staffordshire, UK",,,,unresolved,,GB,
NICAP,NICAP_DB_3723,"Halifax, Nova Scotia, CAN",,,,unresolved,,US,
NICAP,NICAP_DB_3724,"Wodonga, Victoria, AU",,,,unresolved,,US,
NICAP,NICAP_DB_3725,"Cape Perry, Northwest Territories, CAN",,,,unresolved,,US,
NICAP,NICAP_DB_3726,"Pultneyville, NY",43.273724,-77.172363,5.0,place_exact,Pultneyville CDP,US,NY
NICAP,NICAP_DB_3727,"Paragould, AR",36.05229,-90.51047,6.055628419541242,place_exact,Paragould city,US,AR
NICAP,NICAP_DB_3728,"Catia La Mar, Venezuela",10.60545,-67.03238,10.335472896776421,geonames_exact,Catia La Mar,VE,
NICAP,NICAP_DB_3729,"Roswell, NM",33.373442,-104.529393,5.848639271944658,place_exact,Roswell city,US,NM
NICAP,NICAP_DB_3730,"Eagle Lake, Allagash Waterway, ME",,,,unresolved,,US,ME
NICAP,NICAP_DB_3731,"Texas Creek, CO",,,,unresolved,,US,CO
NICAP,NICAP_DB_3732,"Rivers, Manitoba, CAN",,,,unresolved,,US,
NICAP,NICAP_DB_3733,"Rockport, MA",42.640699,-70.62025,5.0,place_exact,Rockport CDP,US,MA
NICAP,NICAP_DB_3734,"Crewe, Cheshire, UK",,,,unresolved,,GB,
NICAP,NICAP_DB_3735,"North York, PA",39.97801,-76.730882,5.0,place_exact,North York borough,US,PA
NICAP,NICAP_DB_3736,"Toledo, OH",41.664071,-83.581861,9.625487116100786,place_exact,Toledo city,US,OH
NICAP,NICAP_DB_3737,"Oka, Quebec, CAN",,,,unresolved,,US,
NICAP,NICAP_DB_3738,"Dneprodzerzhinsk, Russia",,,,unresolved,,RU,
NICAP,NICAP_DB_3739,"Stoke-On-Trent, Staffordshire, UK",,,,unresolved,,GB,
NICAP,NICAP_DB_3740,"Cussac, France",45.70677,0.84974,5.0,geonames_exact,Cussac,FR,
NICAP,NICAP_DB_3741,"Bentilee, Stoke-On-Trent, Staffordshire, UK",,,,unresolved,,GB,
NICAP,NICAP_DB_3742,"Lewisberry, PA",40.135634,-76.860933,5.0,place_exact,Lewisberry borough,US,PA
NICAP,NICAP_DB_3743,"Drumheller, Alberta, CAN",,,,unresolved,,US,
NICAP,NICAP_DB_3744,"White Pine, MI",46.740122,-89.58126,5.0,place_exact,White Pine CDP,US,MI
NICAP,NICAP_DB_3745,"Taber, Alberta, CAN",,,,unresolved,,US,
NICAP,NICAP_DB_3746,"DeSoto, MO",38.141064,-90.560836,7.5,place_fuzzy,De Soto city,US,MO
NICAP,NICAP_DB_3747,"Bentilee, Stoke-On-Trent, Staffordshire, UK",,,,unresolved,,GB,
NICAP,NICAP_DB_3748,"Rockport, MA",42.640699,-70.62025,5.0,place_exact,Rockport CDP,US,MA
NICAP,NICAP_DB_3749,"Edina, MA",,,,unresolved,,US,MA
NICAP,NICAP_DB_3750,"Yevpatoriya, Russia",,,,unresolved,,RU,
NICAP,NICAP_DB_3751,"Port Townsend, WA",48.121762,-122.787876,5.0,place_exact,Port Townsend city,US,WA
NICAP,NICAP_DB_3752,"Nantwich, Cheshire, UK",,,,unresolved,,GB,
NICAP,NICAP_DB_3753,"Waterford, CT",41.346273,-72.129342,5.0,place_exact,Waterford CDP,US,CT
NICAP,NICAP_DB_3754,"Meier, Stoke-On-Trent, Staffordshire, UK",,,,unresolved,,GB,
NICAP,NICAP_DB_3755,"Newton, NH",42.86953,-71.0345,5.0,geonames_exact,Newton,US,NH
NICAP,NICAP_DB_3756,"Barcelona, Spain",41.38879,2.15899,40.0,geonames_exact,Barcelona,ES,
NICAP,NICAP_DB_3757,"Shepherdstown, PA",,,,unresolved,,US,PA
NICAP,NICAP_DB_3758,"Kincheloe AFB, MI",46.268845,-84.456814,15.0,place_exact_basename,Kincheloe CDP,US,MI
NICAP,NICAP_DB_3759,"Aldersyde, Alta., CAN",,,,unresolved,,US,
NICAP,NICAP_DB_3760,"Port Elgin, Ontario, CAN",,,,unresolved,,US,
NICAP,NICAP_DB_3761,"Silver Spring, MD",39.002441,-77.020791,5.0,place_exact,Silver Spring CDP,US,MD
NICAP,NICAP_DB_3762,"Arlington, VA",38.878337,-77.100703,5.470445441948336,place_exact,Arlington CDP,US,VA
NICAP,NICAP_DB_3763,"East Bridgewater, MA",42.03343,-70.95921,5.0,geonames_exact,East Bridgewater,US,MA
NICAP,NICAP_DB_3764,"Southbridge, MA",42.0751,-72.03341,5.0,geonames_exact,Southbridge,US,MA
NICAP,NICAP_DB_3765,"Kanagulk, Victoria, AU",,,,unresolved,,US,
NICAP,NICAP_DB_3766,"Washington, DC",38.904247,-77.016517,8.388249029313434,place_exact,Washington city,US,DC
NICAP,NICAP_DB_3767,"Rockville, MD",39.083666,-77.155585,5.0,place_exact,Rockville city,US,MD
NICAP,NICAP_DB_3768,"Western part of State, VA",,,,unresolved,,US,VA
NICAP,NICAP_DB_3769,"Barstow, CA",34.866987,-117.043035,6.894901562426802,place_exact,Barstow city,US,CA
NICAP,NICAP_DB_3770,"Winsted, CT",41.925848,-73.067543,5.0,place_exact,Winsted CDP,US,CT
NICAP,NICAP_DB_3771,"Winsted, CT",41.925848,-73.067543,5.0,place_exact,Winsted CDP,US,CT
NICAP,NICAP_DB_3772,"Belo Horizonte, Minas Gerais State, Brazil",,,,unresolved,,BR,
NICAP,NICAP_DB_3773,"Belo Horizonte, Minas Gerais State, Brazil",,,,unresolved,,BR,
NICAP,NICAP_DB_3774,"Cannock, Staffordshire, UK",,,,unresolved,,GB,
NICAP,NICAP_DB_3775,"Sault Ste. Marie, MI",46.476169,-84.370544,5.0,place_exact,Sault Ste. Marie city,US,MI
NICAP,NICAP_DB_3776,"Belgogradskaya, Russia",,,,unresolved,,RU,
NICAP,NICAP_DB_3777,"Bucknall, Stoke-On-Trent, Staffordshire, UK",,,,unresolved,,GB,
NICAP,NICAP_DB_3778,"Leek, Staffordshire, UK",,,,unresolved,,GB,
NICAP,NICAP_DB_3779,"Barcelona, Spain",41.38879,2.15899,40.0,geonames_exact,Barcelona,ES,
NICAP,NICAP_DB_3780,"Amherst, MA",42.36723,-72.51852,6.311339002145266,geonames_exact,Amherst,US,MA
NICAP,NICAP_DB_3781,"Mount Holly Springs, PA",40.109283,-77.182874,5.0,place_exact,Mount Holly Springs borough,US,PA
NICAP,NICAP_DB_3782,"Minot, ND",48.236125,-101.277533,5.601255097446167,place_exact,Minot city,US,ND
NICAP,NICAP_DB_3783,"Tavigny, Buret, France",,,,unresolved,,FR,
NICAP,NICAP_DB_3784,"Toronto, Ontario, CAN",,,,unresolved,,US,
NICAP,NICAP_DB_3785,"San Mateo, CA",37.56031,-122.3106,5.0,place_exact,San Mateo city,US,CA
NICAP,NICAP_DB_3786,"Zaporoje and Volgograd Bt., Russia",,,,unresolved,,RU,
NICAP,NICAP_DB_3787,"Lakewood, CO",39.698939,-105.117573,7.074062701949362,place_exact,Lakewood city,US,CO
NICAP,NICAP_DB_3788,"Sukhumi, Russia",,,,unresolved,,RU,
NICAP,NICAP_DB_3789,"Glencoe, Ontario, CAN",,,,unresolved,,US,
NICAP,NICAP_DB_3790,"Rockford, IL",42.2593,-89.063478,8.619539766007103,place_exact,Rockford city,US,IL
NICAP,NICAP_DB_3791,"Melville, NY",40.782357,-73.408824,5.0,place_exact,Melville CDP,US,NY
NICAP,NICAP_DB_3792,"Ipswich, MA",42.67573,-70.822007,5.0,place_exact,Ipswich CDP,US,MA
NICAP,NICAP_DB_3793,"Shag Harbour, Nova Scotia, CAN",,,,unresolved,,US,
NICAP,NICAP_DB_3794,"Johnson City, TN",36.342325,-82.380915,7.059045701950244,place_exact,Johnson City city,US,TN
NICAP,NICAP_DB_3795,"Vandenburg AFB, CA",,,,unresolved,,US,CA
NICAP,NICAP_DB_3796,"Bow River Forest, Alberta, CAN",,,,unresolved,,US,
NICAP,NICAP_DB_3797,"Leek, Staffordshire, UK",,,,unresolved,,GB,
NICAP,NICAP_DB_3798,"Unitah Basin, UT",,,,unresolved,,US,UT
NICAP,NICAP_DB_3799,"Roanoke, VA",37.278458,-79.958174,6.996171524483945,place_exact,Roanoke city,US,VA
NICAP,NICAP_DB_3800,"Dubuque, IA",42.498901,-90.707258,5.964783389938724,place_exact,Dubuque city,US,IA
NICAP,NICAP_DB_3801,"Elnora and Mirror, Alberta bt., CAN",38.876196,-87.084637,5.0,place_exact,Elnora town,US,
NICAP,NICAP_DB_3802,"Ouray, UT",,,,unresolved,,US,UT
NICAP,NICAP_DB_3803,"Holmeschapel, Cheshire, UK",,,,unresolved,,GB,
NICAP,NICAP_DB_3804,"Somerset County, NJ",,,,unresolved,,US,NJ
NICAP,NICAP_DB_3805,"Roosevelt, UT",40.292395,-110.00929,5.0,place_exact,Roosevelt city,US,UT
NICAP,NICAP_DB_3806,"Berkeley, CA",37.865673,-122.298725,5.0,place_exact,Berkeley city,US,CA
NICAP,NICAP_DB_3807,"Pyatigorsk, Russia",44.05,43.05036,11.952614776692169,geonames_exact,Pyatigorsk,RU,
NICAP,NICAP_DB_3808,"Lake Charles, LA",30.200602,-93.210843,7.248971513256208,place_exact,Lake Charles city,US,LA
NICAP,NICAP_DB_3809,"Medicine Hat, Alberta, CAN",,,,unresolved,,US,
NICAP,NICAP_DB_3810,"Milledgeville, GA",33.087945,-83.240613,5.0,place_exact,Milledgeville city,US,GA
NICAP,NICAP_DB_3811,"Blytheville AFB, AR",35.934066,-89.905133,15.0,place_exact_basename,Blytheville city,US,AR
NICAP,NICAP_DB_3812,"Newnan, GA",33.379672,-84.771204,5.0,place_exact,Newnan city,US,GA
NICAP,NICAP_DB_3813,"Maritimes, Nice, France",,,,unresolved,,FR,
NICAP,NICAP_DB_3814,"Winnipeg, Manitoba, CAN",,,,unresolved,,US,
NICAP,NICAP_DB_3815,"Humboldt, Saskatchewan, CAN",,,,unresolved,,US,
NICAP,NICAP_DB_3816,"Milledgeville, GA",33.087945,-83.240613,5.0,place_exact,Milledgeville city,US,GA
NICAP,NICAP_DB_3817,"Lancashire, UK",,,,unresolved,,GB,
NICAP,NICAP_DB_3818,"Bristol, Avon, UK",,,,unresolved,,GB,
NICAP,NICAP_DB_3819,"Carlisle, PA",40.199994,-77.204149,5.0,place_exact,Carlisle borough,US,PA
NICAP,NICAP_DB_3820,"Hatherleigh, Devon, UK",,,,unresolved,,GB,
NICAP,NICAP_DB_3821,"Castine, ME",44.393981,-68.806019,5.0,place_exact,Castine CDP,US,ME
NICAP,NICAP_DB_3822,"Newfield, NY",42.357511,-76.59381,5.0,place_exact,Newfield CDP,US,NY
NICAP,NICAP_DB_3823,"Hooks, Hampstead, UK",,,,unresolved,,GB,
NICAP,NICAP_DB_3824,"Otradnoy Stanista, Russia",,,,unresolved,,RU,
NICAP,NICAP_DB_3825,"South Dorset, UK",,,,unresolved,,GB,
NICAP,NICAP_DB_3826,"Portland, UK",50.56748,-2.44472,5.0,geonames_exact,Portland,GB,
NICAP,NICAP_DB_3827,"Wales, UK",53.34061,-1.28162,5.0,geonames_exact,Wales,GB,
NICAP,NICAP_DB_3828,"Middlesex, UK",,,,unresolved,,GB,
NICAP,NICAP_DB_3829,"Rock Hill, SC",34.943092,-81.020645,6.699695216948306,place_exact,Rock Hill city,US,SC
NICAP,NICAP_DB_3830,"Newton, NH",42.86953,-71.0345,5.0,geonames_exact,Newton,US,NH
NICAP,NICAP_DB_3831,"Jacksonville (Over Atlantic Ocean NE of), FL",30.336864,-81.661603,29.329257247101683,place_exact,Jacksonville city,US,FL
NICAP,NICAP_DB_3832,"Parshall, ND",47.959506,-102.133804,5.0,place_exact,Parshall city,US,ND
NICAP,NICAP_DB_3833,"Max, ND",47.82042,-101.291106,5.0,place_exact,Max city,US,ND
NICAP,NICAP_DB_3834,"Hampshire, UK",,,,unresolved,,GB,
NICAP,NICAP_DB_3835,"Weston Coyney, Stoke-On-Trent, Staffordshire, UK",,,,unresolved,,GB,
NICAP,NICAP_DB_3836,"Parshall, ND",47.959506,-102.133804,5.0,place_exact,Parshall city,US,ND
NICAP,NICAP_DB_3837,"Tunbridge Wells, Kent, UK",,,,unresolved,,GB,
NICAP,NICAP_DB_3838,"Kulikup, AU",,,,unresolved,,US,
NICAP,NICAP_DB_3839,"Holland, MI",42.768074,-86.098598,5.0,place_exact,Holland city,US,MI
NICAP,NICAP_DB_3840,"S. Allentown, PA",40.593648,-75.478393,7.5,place_fuzzy,Allentown city,US,PA
NICAP,NICAP_DB_3841,"Finucane, AU",,,,unresolved,,US,
NICAP,NICAP_DB_3842,"Bournemouth, Southampton, UK",,,,unresolved,,GB,
NICAP,NICAP_DB_3843,"Stoke-On-Trent, Werrington, UK",,,,unresolved,,GB,
NICAP,NICAP_DB_3844,"Ririe, ID",43.632494,-111.771717,5.0,place_exact,Ririe city,US,ID
NICAP,NICAP_DB_3845,"Verner, Ontario, CAN",,,,unresolved,,US,
NICAP,NICAP_DB_3846,"Greenfield, CA",36.324561,-121.242658,5.0,place_exact,Greenfield city,US,CA
NICAP,NICAP_DB_3847,"Fort Riley, KS",39.106344,-96.812547,5.0,place_exact,Fort Riley CDP,US,KS
NICAP,NICAP_DB_3848,"Alderwood Manor, WA",47.814603,-122.267255,5.0,place_exact,Alderwood Manor CDP,US,WA
NICAP,NICAP_DB_3849,"Fordingbridge, UK",50.92747,-1.79029,5.0,geonames_exact,Fordingbridge,GB,
NICAP,NICAP_DB_3850,"Fordingbridge, UK",50.92747,-1.79029,5.0,geonames_exact,Fordingbridge,GB,
NICAP,NICAP_DB_3851,"River Avon, Hampshire, UK",,,,unresolved,,GB,
NICAP,NICAP_DB_3852,"Treysa, Germany",,,,unresolved,,DE,
NICAP,NICAP_DB_3854,"Kazan, Russia",55.78874,49.12214,35.26329536501091,geonames_exact,Kazan,RU,
NICAP,NICAP_DB_3855,"Charleston, SC",32.828017,-79.972896,11.493411581326834,place_exact,Charleston city,US,SC
NICAP,NICAP_DB_3856,"Ramsgate Harbor, UK",,,,unresolved,,GB,
NICAP,NICAP_DB_3857,"Elsinore, CA",,,,unresolved,,US,CA
NICAP,NICAP_DB_3858,"Miass (near Chelyabin), Russia",55.04552,60.10756,12.942179105544785,geonames_exact,Miass,RU,
NICAP,NICAP_DB_3859,"Erin (near), TN",36.316278,-87.700837,5.0,place_exact,Erin city,US,TN
NICAP,NICAP_DB_3860,"Erin (near), TN",36.316278,-87.700837,5.0,place_exact,Erin city,US,TN
NICAP,NICAP_DB_3861,"Wabash, IN",40.802752,-85.829174,5.0,place_exact,Wabash city,US,IN
NICAP,NICAP_DB_3862,"North Olmsted, OH",41.414929,-81.919131,5.0,place_exact,North Olmsted city,US,OH
NICAP,NICAP_DB_3863,"Springfield, OH",39.928182,-83.800885,5.467399178565415,place_exact,Springfield city,US,OH
NICAP,NICAP_DB_3864,"Liepaya, Russia",,,,unresolved,,RU,
NICAP,NICAP_DB_3865,"Yerecoin, AU",,,,unresolved,,US,
NICAP,NICAP_DB_3867,"Sasnava, Russia",,,,unresolved,,RU,
NICAP,NICAP_DB_3868,"Florence, Italy",43.77925,11.24626,19.161158628851233,geonames_exact,Florence,IT,
NICAP,NICAP_DB_3869,"Fort Simpson, NWT, CAN",,,,unresolved,,US,
NICAP,NICAP_DB_3870,"Carlisle, PA",40.199994,-77.204149,5.0,place_exact,Carlisle borough,US,PA
NICAP,NICAP_DB_3871,"Harrisburg, PA",40.275891,-76.88502,5.0,place_exact,Harrisburg city,US,PA
NICAP,NICAP_DB_3872,"Summerdale, PA",,,,unresolved,,US,PA
NICAP,NICAP_DB_3873,"Winona, MN",44.051271,-91.668076,5.0,place_exact,Winona city,US,MN
NICAP,NICAP_DB_3874,"Kingston, Jamaica",,,,unresolved,,US,
NICAP,NICAP_DB_3875,"Calgary, Alberta, CAN",,,,unresolved,,US,
NICAP,NICAP_DB_3876,"Burlington County, NJ",,,,unresolved,,US,NJ
NICAP,NICAP_DB_3877,"Roosevelt, UT",40.292395,-110.00929,5.0,place_exact,Roosevelt city,US,UT
NICAP,NICAP_DB_3878,"Sofia, Bulgaria",,,,unresolved,,US,
NICAP,NICAP_DB_3879,"Zagreb, Yugoslavia",,,,unresolved,,US,
NICAP,NICAP_DB_3880,"Rio de Janeiro, Brazil",-22.90642,-43.18223,40.0,geonames_exact,Rio de Janeiro,BR,
NICAP,NICAP_DB_3881,"Mikhaylovka, Russia",50.06187,43.23335,7.6745032412528165,geonames_exact,Mikhaylovka,RU,
NICAP,NICAP_DB_3882,"Fayette County, IN",,,,unresolved,,US,IN
NICAP,NICAP_DB_3883,"High River, Alta., CAN",,,,unresolved,,US,
NICAP,NICAP_DB_3884,"Quinan, Nova Scotia, CAN",,,,unresolved,,US,
NICAP,NICAP_DB_3885,"Coarsegold, CA",37.239184,-119.700972,5.0,place_exact,Coarsegold CDP,US,CA
NICAP,NICAP_DB_3886,"Ashland, NE",41.039852,-96.37254,5.0,place_exact,Ashland city,US,NE
NICAP,NICAP_DB_3887,"Ashland, NE",41.039852,-96.37254,5.0,place_exact,Ashland city,US,NE
NICAP,NICAP_DB_3888,"Wakaw, Saskatchewan, CAN",,,,unresolved,,US,
NICAP,NICAP_DB_3889,"Newfield, NY",42.357511,-76.59381,5.0,place_exact,Newfield CDP,US,NY
NICAP,NICAP_DB_3890,"Harrisburg, PA",40.275891,-76.88502,5.0,place_exact,Harrisburg city,US,PA
NICAP,NICAP_DB_3891,"El Paso, TX",31.84778,-106.431106,17.247067538183604,place_exact,El Paso city,US,TX
NICAP,NICAP_DB_3892,"Saskatoon, Saskatchewan, CAN",,,,unresolved,,US,
NICAP,NICAP_DB_3893,"Deputy, IN",38.795115,-85.652724,5.0,place_exact,Deputy CDP,US,IN
NICAP,NICAP_DB_3895,"Idaho. Falls, ID",43.487517,-112.035712,5.256276121615632,place_exact,Idaho Falls city,US,ID
NICAP,NICAP_DB_3896,"Chico, CA",39.758951,-121.81772,6.26891955957679,place_exact,Chico city,US,CA
NICAP,NICAP_DB_3897,"Grand Rapids, MI",42.961156,-85.65557,7.1792540002426435,place_exact,Grand Rapids city,US,MI
NICAP,NICAP_DB_3898,"Ithaca & Auburn bt., NY",,,,unresolved,,US,NY
NICAP,NICAP_DB_3899,"North Granby, CT",42.015989,-72.843177,5.0,place_exact,North Granby CDP,US,CT
NICAP,NICAP_DB_3900,"Edmonton, Alberta, CAN",,,,unresolved,,US,
NICAP,NICAP_DB_3901,"Clinton, MI",42.068279,-83.965732,5.0,place_exact,Clinton village,US,MI
NICAP,NICAP_DB_3902,"Saxon, WI",46.494084,-90.409955,5.0,place_exact,Saxon CDP,US,WI
NICAP,NICAP_DB_3903,"Millersburg, OH",40.553403,-81.916774,5.0,place_exact,Millersburg village,US,OH
NICAP,NICAP_DB_3904,"Belmont, MA",42.395317,-71.180284,5.0,place_exact,Belmont CDP,US,MA
NICAP,NICAP_DB_3905,"Lake Norman, NC",,,,unresolved,,US,NC
NICAP,NICAP_DB_3906,"Canon AFB, NM",34.386475278,-103.317512583,10.0,dod_site,Cannon Air Force Base,US,NM
NICAP,NICAP_DB_3907,"Fayette County, IN",,,,unresolved,,US,IN
NICAP,NICAP_DB_3908,"Whitehorse, Yukon, CAN",,,,unresolved,,US,
NICAP,NICAP_DB_3909,"Vermillion, SD",42.781107,-96.925627,5.0,place_exact,Vermillion city,US,SD
NICAP,NICAP_DB_3910,"Fayette County, IN",,,,unresolved,,US,IN
NICAP,NICAP_DB_3911,"Criacao do Cabrito, Azores",,,,unresolved,,PT,
NICAP,NICAP_DB_3912,"Redlands, CA",34.053506,-117.170476,6.436652718783438,place_exact,Redlands city,US,CA
NICAP,NICAP_DB_3913,"Redlands, CA",34.053506,-117.170476,6.436652718783438,place_exact,Redlands city,US,CA
NICAP,NICAP_DB_3914,"Groveton, MO",,,,unresolved,,US,MO
NICAP,NICAP_DB_3915,"Missoula, MT",46.874359,-114.026136,6.301547534799156,place_exact,Missoula city,US,MT
NICAP,NICAP_DB_3916,"Behgough, Saskatchewan, CAN",,,,unresolved,,US,
NICAP,NICAP_DB_3917,"Winsted, CT",41.925848,-73.067543,5.0,place_exact,Winsted CDP,US,CT
NICAP,NICAP_DB_3918,"Berezovsky (near), Russia",55.66951,86.27485,11.124297730643494,geonames_fuzzy,Berëzovskiy,RU,
NICAP,NICAP_DB_3920,"Northeastern and Central United States, various",,,,unresolved,,US,
NICAP,NICAP_DB_3921,"Syracuse, NY",43.040998,-76.143554,5.370829731056459,place_exact,Syracuse city,US,NY
NICAP,NICAP_DB_3922,"Amarillo, TX",35.198921,-101.831647,10.851844881555087,place_exact,Amarillo city,US,TX
NICAP,NICAP_DB_3923,"Madison, OH",41.772258,-81.052983,5.0,place_exact,Madison village,US,OH
NICAP,NICAP_DB_3924,"Beallsville, OH",39.848869,-81.035391,5.0,place_exact,Beallsville village,US,OH
NICAP,NICAP_DB_3925,"Cochrane, WI",44.227092,-91.841075,5.0,place_exact,Cochrane village,US,WI
NICAP,NICAP_DB_3926,"Aurora, IL",41.763455,-88.290099,7.199035583557936,place_exact,Aurora city,US,IL
NICAP,NICAP_DB_3927,"Centralia, IL",38.522066,-89.123533,5.0,place_exact,Centralia city,US,IL
NICAP,NICAP_DB_3928,"Unknown City, Viet Nam",,,,unresolved,,US,
NICAP,NICAP_DB_3929,"Punta Gorda, FL",26.863537,-82.032345,5.0,place_exact,Punta Gorda city,US,FL
NICAP,NICAP_DB_3930,"Punta Arenas, Chile",-53.16282,-70.90922,10.836512354074072,geonames_exact,Punta Arenas,CL,
NICAP,NICAP_DB_3931,"Mendiozaca, Argentina",,,,unresolved,,AR,
NICAP,NICAP_DB_3932,"Cabañas, Pinar Del Rio (near), Cuba",,,,unresolved,,CU,
NICAP,NICAP_DB_3933,"El Choro, Argentina",,,,unresolved,,AR,
NICAP,NICAP_DB_3934,"Cabreria, Argentina",,,,unresolved,,AR,
NICAP,NICAP_DB_3935,"Miramar, Argentina",-38.27161,-57.8389,5.8634460857076185,geonames_exact,Miramar,AR,
NICAP,NICAP_DB_3936,"Bouchard, Argentina",,,,unresolved,,AR,
NICAP,NICAP_DB_3937,"Southlands, TN",,,,unresolved,,US,TN
NICAP,NICAP_DB_3938,"Strongsville, OH",41.312955,-81.83169,5.323734779269155,place_exact,Strongsville city,US,OH
NICAP,NICAP_DB_3939,"Ricardone, Argentina",,,,unresolved,,AR,
NICAP,NICAP_DB_3940,"Botucatu, Brazil",-22.88583,-48.445,12.048028884427527,geonames_exact,Botucatu,BR,
NICAP,NICAP_DB_3941,"Cofico, Argentina",,,,unresolved,,AR,
NICAP,NICAP_DB_3942,"Sierra Chica, Argentina",,,,unresolved,,AR,
NICAP,NICAP_DB_3943,"Sierra Chica, Argentina",,,,unresolved,,AR,
NICAP,NICAP_DB_3944,"Seattle, WA",47.619339,-122.351565,9.823320461477824,place_exact,Seattle city,US,WA
NICAP,NICAP_DB_3945,"Warren, OH",41.239564,-80.816015,5.0,place_exact,Warren city,US,OH
NICAP,NICAP_DB_3946,"Eielson AFB, AK",64.6488348030001,-147.004203727,10.0,dod_site,Eielson Air Force Base,US,AK
NICAP,NICAP_DB_3947,"Columbus, TN",,,,unresolved,,US,TN
NICAP,NICAP_DB_3948,"Indianapolis (near), IN",39.76838,-86.15804,29.79332139926665,geonames_exact,Indianapolis,US,IN
NICAP,NICAP_DB_3949,"Andacollo, Arg",,,,unresolved,,US,
NICAP,NICAP_DB_3950,"Mendoza, Argentina",-32.88946,-68.84582,10.71881523303765,geonames_exact,Mendoza,AR,
NICAP,NICAP_DB_3951,"LaPastora, Arg",,,,unresolved,,US,
NICAP,NICAP_DB_3952,"La Atalaya, Spain",,,,unresolved,,ES,
NICAP,NICAP_DB_3953,"Claremont, NH",43.38647,-72.334496,7.047966956663618,place_exact,Claremont city,US,NH
NICAP,NICAP_DB_3954,"Plaine-des-Cafres, La Reunion Island, Indian Ocean",,,,unresolved,,IN,
NICAP,NICAP_DB_3955,"Fayette County, IN",,,,unresolved,,US,IN
NICAP,NICAP_DB_3956,"Buff Ledge, VT",,,,unresolved,,US,VT
NICAP,NICAP_DB_3957,"Mercedes, Argentina",-34.65072,-59.43143,7.955124134795132,geonames_exact,Mercedes,AR,
NICAP,NICAP_DB_3959,"Mercedes, Argentina",-34.65072,-59.43143,7.955124134795132,geonames_exact,Mercedes,AR,
NICAP,NICAP_DB_3960,"Gloucester, MA",42.62885,-70.685875,5.4914894963833705,place_exact,Gloucester city,US,MA
NICAP,NICAP_DB_3961,"Hamilton, OH",39.393428,-84.565754,5.0,place_exact,Hamilton city,US,OH
NICAP,NICAP_DB_3962,"Fayette County, IN",,,,unresolved,,US,IN
NICAP,NICAP_DB_3963,"Cluj, Romania",,,,unresolved,,US,
NICAP,NICAP_DB_3964,"Kalgoorlie, AU",,,,unresolved,,US,
NICAP,NICAP_DB_3965,"Lins, Brazil",-21.67861,-49.7425,8.860191871511587,geonames_exact,Lins,BR,
NICAP,NICAP_DB_3966,"Point Isabel, OH",,,,unresolved,,US,OH
NICAP,NICAP_DB_3967,"Mendoza, Arg",,,,unresolved,,US,
NICAP,NICAP_DB_3969,"Evansville, In",37.987737,-87.534705,7.383131645100803,place_exact,Evansville city,US,IN
NICAP,NICAP_DB_3970,"Ocala, FL",29.17751,-82.151025,7.375474764379579,place_exact,Ocala city,US,FL
NICAP,NICAP_DB_3971,"Nellis AFB, NV",36.2432886030001,-114.994831273,10.0,dod_site,Nellis Air Force Base,US,NV
NICAP,NICAP_DB_3972,"Wichita Falls, TX",33.906654,-98.525848,9.104481826734201,place_exact,Wichita Falls city,US,TX
NICAP,NICAP_DB_3973,"Louisville, KY",38.224728,-85.740614,8.412667802519932,place_exact,Louisville city,US,KY
NICAP,NICAP_DB_3974,"Bt. Boston Bar and Yale, B.C, CAN",,,,unresolved,,US,
NICAP,NICAP_DB_3975,"Lins, Brazil",-21.67861,-49.7425,8.860191871511587,geonames_exact,Lins,BR,
NICAP,NICAP_DB_3976,"Minot AFB (About 30 miles NW of), ND",48.4153580980001,-101.32274284,10.0,dod_site,Minot Air Force Base,US,ND
NICAP,NICAP_DB_3977,"Greenfield, IN",39.793283,-85.772548,5.0,place_exact,Greenfield city,US,IN
NICAP,NICAP_DB_3978,"Minot, ND",48.236125,-101.277533,5.601255097446167,place_exact,Minot city,US,ND
NICAP,NICAP_DB_3979,"Minot, ND",48.236125,-101.277533,5.601255097446167,place_exact,Minot city,US,ND
NICAP,NICAP_DB_3980,"Minot, ND",48.236125,-101.277533,5.601255097446167,place_exact,Minot city,US,ND
NICAP,NICAP_DB_3981,"Kent, IN",38.737215,-85.538968,5.0,place_exact,Kent CDP,US,IN
NICAP,NICAP_DB_3982,"Los Monegros, Spain",,,,unresolved,,ES,
NICAP,NICAP_DB_3983,"Unknown City, France",,,,unresolved,,FR,
NICAP,NICAP_DB_3984,"Hanbury, UK",,,,unresolved,,GB,
NICAP,NICAP_DB_3985,"Hanbury, UK",,,,unresolved,,GB,
NICAP,NICAP_DB_3986,"Albany, GA",31.578117,-84.176224,7.961457125147103,place_exact,Albany city,US,GA
NICAP,NICAP_DB_3987,"SE and NW U.S, various",,,,unresolved,,US,
NICAP,NICAP_DB_3988,"Biloxi, MS",30.426663,-88.935762,7.030220543403236,place_exact,Biloxi city,US,MS
NICAP,NICAP_DB_3989,"Newton, GA",31.316751,-84.339469,5.0,place_exact,Newton city,US,GA
NICAP,NICAP_DB_3990,"Marcellus, NY",42.983707,-76.3405,5.0,place_exact,Marcellus village,US,NY
NICAP,NICAP_DB_3991,"Marcellus, NY",42.983707,-76.3405,5.0,place_exact,Marcellus village,US,NY
NICAP,NICAP_DB_3992,"Bismarck, ND",46.814583,-100.770089,6.318514241672818,place_exact,Bismarck city,US,ND
NICAP,NICAP_DB_3993,"Bismarck, ND",46.814583,-100.770089,6.318514241672818,place_exact,Bismarck city,US,ND
NICAP,NICAP_DB_3994,"Lake Cyprus, FL",,,,unresolved,,US,FL
NICAP,NICAP_DB_3995,"Fleury-d'Aude, France",,,,unresolved,,FR,
NICAP,NICAP_DB_3996,"Belcourt, ND",48.842494,-99.744164,5.0,place_exact,Belcourt CDP,US,ND
NICAP,NICAP_DB_3997,"Nakhon Phanom, Thailand",17.41081,104.77856,5.881751439834907,geonames_exact,Nakhon Phanom,TH,
NICAP,NICAP_DB_3998,"Grey, S. AU",,,,unresolved,,US,
NICAP,NICAP_DB_3999,"Crittendon, VA",,,,unresolved,,US,VA
NICAP,NICAP_DB_4000,"Plattevillie, IL",41.534259,-88.383592,7.5,place_fuzzy,Plattville village,US,IL
NICAP,NICAP_DB_4001,"Undisclosed city in Australia, AU",,,,unresolved,,US,
NICAP,NICAP_DB_4002,"Atlanta, MO",39.898224,-92.480278,5.0,place_exact,Atlanta city,US,MO
NICAP,NICAP_DB_4003,"Lancaster, MO",40.526323,-92.531732,5.0,place_exact,Lancaster city,US,MO
NICAP,NICAP_DB_4004,"Westhope, ND",48.911176,-101.01771,5.0,place_exact,Westhope city,US,ND
NICAP,NICAP_DB_4005,"Campinas, Sao Paulo, Brazil",,,,unresolved,,BR,
NICAP,NICAP_DB_4006,"Thailand, Thailand",,,,unresolved,,TH,
NICAP,NICAP_DB_4007,"in air space, Thailand",,,,unresolved,,TH,
NICAP,NICAP_DB_4008,"Lake Havasu, AZ",,,,unresolved,,US,AZ
NICAP,NICAP_DB_4009,"Southern part, UK",,,,unresolved,,GB,
NICAP,NICAP_DB_4010,"Hill City, KS",39.367067,-99.846041,5.0,place_exact,Hill City city,US,KS
NICAP,NICAP_DB_4011,"Silver Spring, MD",39.002441,-77.020791,5.0,place_exact,Silver Spring CDP,US,MD
NICAP,NICAP_DB_4012,"Pembroke, Ontario, CAN",,,,unresolved,,US,
NICAP,NICAP_DB_4013,"Memphis, TN",35.109018,-89.966565,18.489415566750615,place_exact,Memphis city,US,TN
NICAP,NICAP_DB_4014,"St. Louis, MO",38.635699,-90.244582,8.429990114664035,place_exact,St. Louis city,US,MO
NICAP,NICAP_DB_4015,"Docking, UK",,,,unresolved,,GB,
NICAP,NICAP_DB_4016,"Van Horne, IA",42.008311,-92.089718,5.0,place_exact,Van Horne city,US,IA
NICAP,NICAP_DB_4017,"Apollo 11 Sighting, in space",,,,unresolved,,US,
NICAP,NICAP_DB_4018,"Raleigh, NC",35.830204,-78.641493,13.013299077823767,place_exact,Raleigh city,US,NC
NICAP,NICAP_DB_4019,"Stover, MO",38.441813,-92.990138,5.0,place_exact,Stover city,US,MO
NICAP,NICAP_DB_4020,"Leary, GA",31.484384,-84.511733,5.0,place_exact,Leary city,US,GA
NICAP,NICAP_DB_4021,"Glenwood, MO",40.523032,-92.57588,5.0,place_exact,Glenwood village,US,MO
NICAP,NICAP_DB_4022,"Chilean Navy, Chile",,,,unresolved,,CL,
NICAP,NICAP_DB_4023,"Waipukurau, NZ",,,,unresolved,,US,
NICAP,NICAP_DB_4024,"Kingsley, OR",,,,unresolved,,US,OR
NICAP,NICAP_DB_4025,"Duncan, B.C., CAN",,,,unresolved,,US,
NICAP,NICAP_DB_4027,"Imjarvi, Finland",,,,unresolved,,FI,
NICAP,NICAP_DB_4028,"Mrewa, Zimbabwe, Africa",,,,unresolved,,US,
NICAP,NICAP_DB_4029,"Camp Pendleton, CA",,,,unresolved,,US,CA
NICAP,NICAP_DB_4030,"Mar del Plata, Argentina",-38.00042,-57.5562,24.358509806636363,geonames_exact,Mar del Plata,AR,
NICAP,NICAP_DB_4031,"Evansville (near), IN",37.987737,-87.534705,7.383131645100803,place_exact,Evansville city,US,IN
NICAP,NICAP_DB_4032,"Apache Junction, AZ",33.398314,-111.535346,6.353732970991672,place_exact,Apache Junction city,US,AZ
NICAP,NICAP_DB_4033,"Rio de Janeiro, Brazil",-22.90642,-43.18223,40.0,geonames_exact,Rio de Janeiro,BR,
NICAP,NICAP_DB_4034,"Apopka, FL",28.701701,-81.531825,6.307109216326182,place_exact,Apopka city,US,FL
NICAP,NICAP_DB_4035,"Haderslav, Den",,,,unresolved,,US,
NICAP,NICAP_DB_4036,"Vincennes, IN",38.676102,-87.511119,5.0,place_exact,Vincennes city,US,IN
NICAP,NICAP_DB_4037,"Itatiaia, Brazil",-22.49611,-44.56333,5.717866735068245,geonames_exact,Itatiaia,BR,
NICAP,NICAP_DB_4038,"Jessup, PA",41.452222,-75.54128,5.0,place_exact,Jessup borough,US,PA
NICAP,NICAP_DB_4039,"Walsh, IL",,,,unresolved,,US,IL
NICAP,NICAP_DB_4040,"Helleland, Norway",,,,unresolved,,NO,
NICAP,NICAP_DB_4041,"Nova Scotia, CAN",,,,unresolved,,US,
NICAP,NICAP_DB_4042,"in the Bermuda Triangle, At Sea",,,,unresolved,,US,
NICAP,NICAP_DB_4043,"Salisbury Plain, UK",,,,unresolved,,GB,
NICAP,NICAP_DB_4044,"Dennis, MA",41.730245,-70.197392,5.0,place_exact,Dennis CDP,US,MA
NICAP,NICAP_DB_4045,"Peabody, KS",38.168306,-97.104348,5.0,place_exact,Peabody city,US,KS
NICAP,NICAP_DB_4046,"Kangaskyla Kinnula, Finland",,,,unresolved,,FI,
NICAP,NICAP_DB_4047,"Hermissio Sonora (near), Mexico",,,,unresolved,,MX,
NICAP,NICAP_DB_4048,"Gallery, PA",40.739383,-80.037966,7.5,place_fuzzy,Callery borough,US,PA
NICAP,NICAP_DB_4049,"Pittsburgh, PA",40.439775,-79.976333,7.983918475424346,place_exact,Pittsburgh city,US,PA
NICAP,NICAP_DB_4050,"Pottstown, PA",40.250924,-75.644754,5.0,place_exact,Pottstown borough,US,PA
NICAP,NICAP_DB_4051,"Carlyle, IL",38.622266,-89.375442,5.0,place_exact,Carlyle city,US,IL
NICAP,NICAP_DB_4052,"Passapatanzy, WV",,,,unresolved,,US,WV
NICAP,NICAP_DB_4053,"Chesterton, IN",41.599822,-87.054996,5.0,place_exact,Chesterton town,US,IN
NICAP,NICAP_DB_4054,"West Leisenring (near), PA",,,,unresolved,,US,PA
NICAP,NICAP_DB_4055,"Mendoza, Argentina",-32.88946,-68.84582,10.71881523303765,geonames_exact,Mendoza,AR,
NICAP,NICAP_DB_4056,"Ibstock, Leicestershire, UK",,,,unresolved,,GB,
NICAP,NICAP_DB_4057,"Oxford (near), MA",42.115881,-71.870094,5.0,place_exact,Oxford CDP,US,MA
NICAP,NICAP_DB_4058,"Newmarket, NH",43.075685,-70.940711,5.0,place_exact,Newmarket CDP,US,NH
NICAP,NICAP_DB_4059,"Sharpsville, IN",40.379683,-86.086897,5.0,place_exact,Sharpsville town,US,IN
NICAP,NICAP_DB_4060,"Karnes City, TX",28.88541,-97.900505,5.0,place_exact,Karnes City city,US,TX
NICAP,NICAP_DB_4061,"Chesterfield, IN",40.113023,-85.594338,5.0,place_exact,Chesterfield town,US,IN
NICAP,NICAP_DB_4062,"Valcourt, Quebec, CAN",,,,unresolved,,US,
NICAP,NICAP_DB_4063,"Sackville; New Brunswick, CAN",,,,unresolved,,US,
NICAP,NICAP_DB_4064,"Westminster, MD",39.579675,-77.008392,5.0,place_exact,Westminster city,US,MD
NICAP,NICAP_DB_4065,"Kadina, S. AU",,,,unresolved,,US,
NICAP,NICAP_DB_4066,"Uberaba (near), Brazil",-19.74833,-47.93194,18.88864738407703,geonames_exact,Uberaba,BR,
NICAP,NICAP_DB_4067,"Aldrich, Staffordshire, UK",,,,unresolved,,GB,
NICAP,NICAP_DB_4068,"Lake Lago de Cote, Costa Rica",,,,unresolved,,US,
NICAP,NICAP_DB_4069,"Northern, Sweden",,,,unresolved,,SE,
NICAP,NICAP_DB_4070,"Caleta, Buena, Chile",,,,unresolved,,CL,
NICAP,NICAP_DB_4071,"Florence, NC",,,,unresolved,,US,NC
NICAP,NICAP_DB_4072,"Springfield, IL",39.791063,-89.644572,8.38903474781217,place_exact,Springfield city,US,IL
NICAP,NICAP_DB_4073,"Mattawan, MI",42.215635,-85.79576,5.0,place_exact,Mattawan village,US,MI
NICAP,NICAP_DB_4074,"Delphos, KS",39.274577,-97.764852,5.0,place_exact,Delphos city,US,KS
NICAP,NICAP_DB_4075,"Delphos, KS",39.274577,-97.764852,5.0,place_exact,Delphos city,US,KS
NICAP,NICAP_DB_4076,"Coarsegold, CA",37.239184,-119.700972,5.0,place_exact,Coarsegold CDP,US,CA
NICAP,NICAP_DB_4077,"Pickaway County, OH",,,,unresolved,,US,OH
NICAP,NICAP_DB_4078,"Norris City, IL",37.978636,-88.327778,5.0,place_exact,Norris City village,US,IL
NICAP,NICAP_DB_4079,"Cavetown, MD",39.642658,-77.5932,5.0,place_exact,Cavetown CDP,US,MD
NICAP,NICAP_DB_4080,"San Martin de Los Andes, Arg",,,,unresolved,,US,
NICAP,NICAP_DB_4081,"Lake Norman, NC",,,,unresolved,,US,NC
NICAP,NICAP_DB_4082,"Malmstrom AFB, MT",47.5058738370001,-111.182557531,10.0,dod_site,Malmstrom Air Force Base,US,MT
NICAP,NICAP_DB_4083,"Phoenixville, PA",40.135201,-75.522699,5.0,place_exact,Phoenixville borough,US,PA
NICAP,NICAP_DB_4084,"Apollo Beach, FL",27.76302,-82.403313,5.0,place_exact,Apollo Beach CDP,US,FL
NICAP,NICAP_DB_4085,"Muskegon, MI",43.22654,-86.257247,5.0,place_exact,Muskegon city,US,MI
NICAP,NICAP_DB_4086,"Milhousen, IN",39.211475,-85.435018,7.5,place_fuzzy,Millhousen town,US,IN
NICAP,NICAP_DB_4087,"Normandy, France",,,,unresolved,,FR,
NICAP,NICAP_DB_4088,"Canterbury, NH",43.33702,-71.56535,5.0,geonames_exact,Canterbury,US,NH
NICAP,NICAP_DB_4089,"Germantown, IL",38.555213,-89.541266,5.0,place_exact,Germantown village,US,IL
NICAP,NICAP_DB_4090,"Algodonales, Cadiz, Spain",,,,unresolved,,ES,
NICAP,NICAP_DB_4091,"Belleville, IL",38.515973,-89.989779,5.170168447717906,place_exact,Belleville city,US,IL
NICAP,NICAP_DB_4092,"Gary, IN",41.595902,-87.345552,7.567225618121582,place_exact,Gary city,US,IN
NICAP,NICAP_DB_4093,"George AFB, CA",,,,unresolved,,US,CA
NICAP,NICAP_DB_4094,"Fort Beufort, S. Africa",,,,unresolved,,US,
NICAP,NICAP_DB_4095,"South Shore, MA",,,,unresolved,,US,MA
NICAP,NICAP_DB_4096,"Alcaracejos, Cordoba, Spain",,,,unresolved,,ES,
NICAP,NICAP_DB_4097,"Morton, MN",44.553268,-94.984321,5.0,place_exact,Morton city,US,MN
NICAP,NICAP_DB_4098,"Chicago, IL",41.837045,-87.684939,16.190785623653692,place_exact,Chicago city,US,IL
NICAP,NICAP_DB_4099,"St. Louis, MO",38.635699,-90.244582,8.429990114664035,place_exact,St. Louis city,US,MO
NICAP,NICAP_DB_4100,"Belleville, IL",38.515973,-89.989779,5.170168447717906,place_exact,Belleville city,US,IL
NICAP,NICAP_DB_4101,"Lebanon, IN",40.031622,-86.456953,5.0,place_exact,Lebanon city,US,IN
NICAP,NICAP_DB_4102,"Bensonville, IL",41.958011,-87.943825,7.5,place_fuzzy,Bensenville village,US,IL
NICAP,NICAP_DB_4103,"Elgin, IL",42.038963,-88.325671,6.616092905433941,place_exact,Elgin city,US,IL
NICAP,NICAP_DB_4104,"Oak Brook, IL",41.836395,-87.953173,5.0,place_exact,Oak Brook village,US,IL
NICAP,NICAP_DB_4105,"Taize, France",,,,unresolved,,FR,
NICAP,NICAP_DB_4106,"Norton Sound, AK",,,,unresolved,,US,AK
NICAP,NICAP_DB_4107,"Colby, KS",39.384801,-101.045211,5.0,place_exact,Colby city,US,KS
NICAP,NICAP_DB_4108,"Reading, PA",40.33922,-75.926277,5.0,place_exact,Reading city,US,PA
NICAP,NICAP_DB_4109,"Portland, OR",45.536951,-122.649971,12.39414584031958,place_exact,Portland city,US,OR
NICAP,NICAP_DB_4111,"Waukesha County, WI",,,,unresolved,,US,WI
NICAP,NICAP_DB_4112,"Lafayette, IN",40.39941,-86.862806,5.815269593444868,place_exact,Lafayette city,US,IN
NICAP,NICAP_DB_4113,"Reading, PA",40.33922,-75.926277,5.0,place_exact,Reading city,US,PA
NICAP,NICAP_DB_4114,"North Bay, Ontario, CAN",,,,unresolved,,US,
NICAP,NICAP_DB_4115,"Butler, IN",41.427445,-84.87213,5.0,place_exact,Butler city,US,IN
NICAP,NICAP_DB_4116,"Burlington, CO",39.304171,-102.271466,5.0,place_exact,Burlington city,US,CO
NICAP,NICAP_DB_4117,"Howard, IN",,,,unresolved,,US,IN
NICAP,NICAP_DB_4118,"Houston, MO",37.320948,-91.961155,5.0,place_exact,Houston city,US,MO
NICAP,NICAP_DB_4119,"Palm Beach, FL",26.694843,-80.041863,5.0,place_exact,Palm Beach town,US,FL
NICAP,NICAP_DB_4120,"Vincennes, IN",38.676102,-87.511119,5.0,place_exact,Vincennes city,US,IN
NICAP,NICAP_DB_4121,"McChord AFB, WA",,,,unresolved,,US,WA
NICAP,NICAP_DB_4122,"Lorraine, IL",40.152571,-91.221509,7.5,place_fuzzy,Loraine village,US,IL
NICAP,NICAP_DB_4123,"Patoka, IL",38.754069,-89.095818,5.0,place_exact,Patoka village,US,IL
NICAP,NICAP_DB_4124,"Bt. Bedoga Bay and Woodland, CA",,,,unresolved,,US,CA
NICAP,NICAP_DB_4125,"Murray Bridge, S. AU",,,,unresolved,,US,
NICAP,NICAP_DB_4126,"In Space, In Space",,,,unresolved,,US,
NICAP,NICAP_DB_4127,"Osorno, Chile",-40.57395,-73.13348,11.652167180400392,geonames_exact,Osorno,CL,
NICAP,NICAP_DB_4128,"Santa Ana, CA",33.736332,-117.8829,5.609795837045527,place_exact,Santa Ana city,US,CA
NICAP,NICAP_DB_4129,"Wood River Junction, RI",,,,unresolved,,US,RI
NICAP,NICAP_DB_4130,"Ohura Beacon (area), NZ",,,,unresolved,,US,
NICAP,NICAP_DB_4131,"Ohura Beacon (area), NZ",,,,unresolved,,US,
NICAP,NICAP_DB_4132,"Conejo, CA",,,,unresolved,,US,CA
NICAP,NICAP_DB_4133,"Pana, IL",39.394604,-89.090809,5.0,place_exact,Pana city,US,IL
NICAP,NICAP_DB_4134,"St. Albans, UK",51.75,-0.33333,9.195705519425902,geonames_exact,St Albans,GB,
NICAP,NICAP_DB_4135,"Unknown City, UK",,,,unresolved,,GB,
NICAP,NICAP_DB_4136,"McAlester, OK",34.926128,-95.773619,5.0,place_exact,McAlester city,US,OK
NICAP,NICAP_DB_4139,"Elsinore, MO",36.932839,-90.747672,7.5,place_fuzzy,Ellsinore city,US,MO
NICAP,NICAP_DB_4140,"Eastern Area, PA",,,,unresolved,,US,PA
NICAP,NICAP_DB_4141,"Saylors Lake, PA",,,,unresolved,,US,PA
NICAP,NICAP_DB_4142,"Kampala, Uganda",,,,unresolved,,US,
NICAP,NICAP_DB_4143,"City not noted, SC",,,,unresolved,,US,SC
NICAP,NICAP_DB_4144,"Brecksville, OH",41.307187,-81.619908,5.0,place_exact,Brecksville city,US,OH
NICAP,NICAP_DB_4145,"Salta Province, Arg",,,,unresolved,,US,
NICAP,NICAP_DB_4146,"Milton, PA",41.002114,-76.852339,5.0,place_exact,Milton borough,US,PA
NICAP,NICAP_DB_4147,"Grand Tower, IL",37.64168,-89.506723,5.0,place_exact,Grand Tower city,US,IL
NICAP,NICAP_DB_4148,"Piedmont, MO",37.150372,-90.695747,5.0,place_exact,Piedmont city,US,MO
NICAP,NICAP_DB_4149,"Los Angeles Basin, CA",,,,unresolved,,US,CA
NICAP,NICAP_DB_4150,"Charleston, MO",36.916934,-89.333912,5.0,place_exact,Charleston city,US,MO
NICAP,NICAP_DB_4152,"Ellsinore, MO",36.932839,-90.747672,5.0,place_exact,Ellsinore city,US,MO
NICAP,NICAP_DB_4153,"City not noted, RI",,,,unresolved,,US,RI
NICAP,NICAP_DB_4154,"Piedmont (SE of), MO",37.150372,-90.695747,5.0,place_exact,Piedmont city,US,MO
NICAP,NICAP_DB_4155,"Farmington, MO",37.782494,-90.427303,5.0,place_exact,Farmington city,US,MO
NICAP,NICAP_DB_4156,"Bt. Manor & Penn, PA",,,,unresolved,,US,PA
NICAP,NICAP_DB_4157,"Stoddard County, MO",,,,unresolved,,US,MO
NICAP,NICAP_DB_4158,"Guadalcanal, Spain",38.1,-5.81667,10.0,geonames_exact,Guadalcanal,ES,
NICAP,NICAP_DB_4159,"Spring Mills, PA",40.853401,-77.565348,5.0,place_exact,Spring Mills CDP,US,PA
NICAP,NICAP_DB_4160,"Shamokin, PA",40.788108,-76.554991,5.0,place_exact,Shamokin city,US,PA
NICAP,NICAP_DB_4161,"between Kinchela and Gladstone, NSW, AU",,,,unresolved,,US,
NICAP,NICAP_DB_4162,"Houston, TX",29.785743,-95.388806,27.15177795692618,place_exact,Houston city,US,TX
NICAP,NICAP_DB_4163,"Catanduva, Sao Paulo (near), Brazil",,,,unresolved,,BR,
NICAP,NICAP_DB_4165,"Kokomo, IN",40.464011,-86.127349,6.4977546207217705,place_exact,Kokomo city,US,IN
NICAP,NICAP_DB_4166,"Piedmont, MO",37.150372,-90.695747,5.0,place_exact,Piedmont city,US,MO
NICAP,NICAP_DB_4167,"Kent (Near), OH",41.147561,-81.361965,5.0,place_exact,Kent city,US,OH
NICAP,NICAP_DB_4168,"South Atlantic, At sea",,,,unresolved,,US,
NICAP,NICAP_DB_4169,"North Atlantic, At sea",,,,unresolved,,US,
NICAP,NICAP_DB_4170,"Pekin, IL",40.568757,-89.625115,5.0,place_exact,Pekin city,US,IL
NICAP,NICAP_DB_4171,"Springfield, MO",37.194152,-93.291305,9.740796339793443,place_exact,Springfield city,US,MO
NICAP,NICAP_DB_4172,"Unknown City, Turkey",,,,unresolved,,TR,
NICAP,NICAP_DB_4173,"Unknown City, UK",,,,unresolved,,GB,
NICAP,NICAP_DB_4174,"Itajobi, Brazil",-21.31806,-49.05444,5.0,geonames_exact,Itajobi,BR,
NICAP,NICAP_DB_4175,"Mount Gambier, So. AU",,,,unresolved,,US,
NICAP,NICAP_DB_4176,"Farmington, MO",37.782494,-90.427303,5.0,place_exact,Farmington city,US,MO
NICAP,NICAP_DB_4177,"Sao Jose Do Rio Preto, Sao Paulo, Brazil",,,,unresolved,,BR,
NICAP,NICAP_DB_4178,"Littleyork, IN",38.699306,-85.904558,7.5,place_fuzzy,Little York town,US,IN
NICAP,NICAP_DB_4179,"Divernon, IL",39.570431,-89.653638,5.0,place_exact,Divernon village,US,IL
NICAP,NICAP_DB_4180,"Sousas, Brazil",,,,unresolved,,BR,
NICAP,NICAP_DB_4181,"Princton, IL",41.380565,-89.4641,7.5,place_fuzzy,Princeton city,US,IL
NICAP,NICAP_DB_4182,"Seville (200 miles north of), Spain",,,,unresolved,,ES,
NICAP,NICAP_DB_4183,"Cape Girardeau, MO",37.310088,-89.558028,5.785530341579182,place_exact,Cape Girardeau city,US,MO
NICAP,NICAP_DB_4184,"Fort Wayne, IN",41.089132,-85.1439,11.290609726671098,place_exact,Fort Wayne city,US,IN
NICAP,NICAP_DB_4185,"Piedmont, MO",37.150372,-90.695747,5.0,place_exact,Piedmont city,US,MO
NICAP,NICAP_DB_4186,"Sandoval, IL",38.612137,-89.119345,5.0,place_exact,Sandoval village,US,IL
NICAP,NICAP_DB_4187,"Columbia, MO",38.94729,-92.326387,8.751557397908607,place_exact,Columbia city,US,MO
NICAP,NICAP_DB_4189,"Columbia, MO",38.94729,-92.326387,8.751557397908607,place_exact,Columbia city,US,MO
NICAP,NICAP_DB_4190,"Bayview, ID",,,,unresolved,,US,ID
NICAP,NICAP_DB_4191,"Kokkaido, Japan",,,,unresolved,,JP,
NICAP,NICAP_DB_4192,"Fairfield, IL",38.380632,-88.372524,5.0,place_exact,Fairfield city,US,IL
NICAP,NICAP_DB_4193,"Emden, MO",,,,unresolved,,US,MO
NICAP,NICAP_DB_4194,"Between Palamo and Playa de Oro, Spain",,,,unresolved,,ES,
NICAP,NICAP_DB_4195,"Gavignano, Corisica, France",,,,unresolved,,FR,
NICAP,NICAP_DB_4196,"Lake Isabella, CA",35.637098,-118.48261,5.0,place_exact,Lake Isabella CDP,US,CA
NICAP,NICAP_DB_4197,"Princeton, IN",38.354473,-87.579508,5.0,place_exact,Princeton city,US,IN
NICAP,NICAP_DB_4198,"Elizabethtown, KY",37.704338,-85.877039,5.5934093359953545,place_exact,Elizabethtown city,US,KY
NICAP,NICAP_DB_4199,"Greenup, IL",39.247946,-88.160025,5.0,place_exact,Greenup village,US,IL
NICAP,NICAP_DB_4200,"Greenup, IL",39.247946,-88.160025,5.0,place_exact,Greenup village,US,IL
NICAP,NICAP_DB_4201,"Greenup, IL",39.247946,-88.160025,5.0,place_exact,Greenup village,US,IL
NICAP,NICAP_DB_4202,"Exeter, NH",42.976981,-70.945458,5.0,place_exact,Exeter CDP,US,NH
NICAP,NICAP_DB_4203,"Ibague, Columbia",,,,unresolved,,US,
NICAP,NICAP_DB_4204,"Traverse City, MI",44.754309,-85.603011,5.0,place_exact,Traverse City city,US,MI
NICAP,NICAP_DB_4205,"Greenup, IL",39.247946,-88.160025,5.0,place_exact,Greenup village,US,IL
NICAP,NICAP_DB_4206,"Greensburg, PA",40.311251,-79.544399,5.0,place_exact,Greensburg city,US,PA
NICAP,NICAP_DB_4207,"Southern, GA",,,,unresolved,,US,GA
NICAP,NICAP_DB_4208,"Brownsville, IN",38.2719,-87.691775,7.5,place_fuzzy,Owensville town,US,IN
NICAP,NICAP_DB_4209,"Big Bear Lake, CA",34.242888,-116.893893,5.0,place_exact,Big Bear Lake city,US,CA
NICAP,NICAP_DB_4210,"Athens, GA",33.96095,-83.37794,11.283394879201916,geonames_exact,Athens,US,GA
NICAP,NICAP_DB_4211,"Morris, IL",41.375362,-88.431043,5.0,place_exact,Morris city,US,IL
NICAP,NICAP_DB_4212,"bt. Penong and Ivy Tanks, AU",,,,unresolved,,US,
NICAP,NICAP_DB_4213,"Hunter Army Air Field, GA",,,,unresolved,,US,GA
NICAP,NICAP_DB_4214,"Savannah, GA",32.002499,-81.153586,11.090148801726892,place_exact,Savannah city,US,GA
NICAP,NICAP_DB_4215,"Savannah, GA",32.002499,-81.153586,11.090148801726892,place_exact,Savannah city,US,GA
NICAP,NICAP_DB_4216,"El Ferrol del Caudillo, Spain",,,,unresolved,,ES,
NICAP,NICAP_DB_4217,"Long Barn, CA",38.093263,-120.134686,5.0,place_exact,Long Barn CDP,US,CA
NICAP,NICAP_DB_4218,"Gravatay, Brazil",-8.20111,-35.56472,14.42100031204493,geonames_fuzzy,Gravatá,BR,
NICAP,NICAP_DB_4219,"Cuesmes, Belgium",50.43624,3.92323,5.0,geonames_exact,Cuesmes,BE,
NICAP,NICAP_DB_4220,"Elmwood Township, MI",,,,unresolved,,US,MI
NICAP,NICAP_DB_4221,"Teheran, Iran",35.69439,51.42151,60.0,geonames_fuzzy,Tehran,IR,
NICAP,NICAP_DB_4224,"In Orbit, Skylab",,,,unresolved,,US,
NICAP,NICAP_DB_4225,"Ft. Wayne, IN",41.089132,-85.1439,11.290609726671098,place_exact,Fort Wayne city,US,IN
NICAP,NICAP_DB_4226,"Ft. Wayne, IN",41.089132,-85.1439,11.290609726671098,place_exact,Fort Wayne city,US,IN
NICAP,NICAP_DB_4227,"Bedarrides, France",44.04022,4.89819,5.0,geonames_exact,Bédarrides,FR,
NICAP,NICAP_DB_4228,"Quincy, IL",39.933675,-91.379304,5.0,place_exact,Quincy city,US,IL
NICAP,NICAP_DB_4229,"Obiob County, KY",,,,unresolved,,US,KY
NICAP,NICAP_DB_4230,"Hollywood, FL",26.030967,-80.164609,5.602814253172736,place_exact,Hollywood city,US,FL
NICAP,NICAP_DB_4231,"Columbus, OH",39.985531,-82.985594,15.914945428747155,place_exact,Columbus city,US,OH
NICAP,NICAP_DB_4232,"Puy-Verday, France",,,,unresolved,,FR,
NICAP,NICAP_DB_4233,"Uden, Netherlands",51.66083,5.61944,5.88226146987704,geonames_exact,Uden,NL,
NICAP,NICAP_DB_4234,"Red Bud, IL",38.207482,-90.002389,5.0,place_exact,Red Bud city,US,IL
NICAP,NICAP_DB_4235,"between Columbus and Mansfield, OH",,,,unresolved,,US,OH
NICAP,NICAP_DB_4236,"Anthony Hill, TN",,,,unresolved,,US,TN
NICAP,NICAP_DB_4237,"Blyton, TN",,,,unresolved,,US,TN
NICAP,NICAP_DB_4238,"Giles, TN",,,,unresolved,,US,TN
NICAP,NICAP_DB_4239,"Polo, IL",41.984728,-89.579057,5.0,place_exact,Polo city,US,IL
NICAP,NICAP_DB_4240,"Jackson, MO",37.379922,-89.654073,5.0,place_exact,Jackson city,US,MO
NICAP,NICAP_DB_4241,"Chatsworth, CA",34.25723,-118.6012,6.423005527009922,geonames_exact,Chatsworth,US,CA
NICAP,NICAP_DB_4242,"Simi Valley, CA",34.266887,-118.748458,6.915397923796175,place_exact,Simi Valley city,US,CA
NICAP,NICAP_DB_4243,"Ziegler, IL",37.9057,-89.053271,7.5,place_fuzzy,Zeigler city,US,IL
NICAP,NICAP_DB_4244,"Laurel, IN",39.502037,-85.187882,5.0,place_exact,Laurel town,US,IN
NICAP,NICAP_DB_4245,"Connersville, IN",39.658023,-85.141747,5.0,place_exact,Connersville city,US,IN
NICAP,NICAP_DB_4246,"Waterloo, IN",41.437398,-85.051661,5.0,place_exact,Waterloo town,US,IN
NICAP,NICAP_DB_4247,"Saint-Mathias-de-Chambly, CAN",,,,unresolved,,US,
NICAP,NICAP_DB_4248,"St. Mathias, Quebec, CAN",,,,unresolved,,US,
NICAP,NICAP_DB_4249,"Middleton, OH",39.502952,-84.364893,8.2271678602056,place_fuzzy,Middletown city,US,OH
NICAP,NICAP_DB_4250,"Ft. Wayne, IN",41.089132,-85.1439,11.290609726671098,place_exact,Fort Wayne city,US,IN
NICAP,NICAP_DB_4251,"Eaton, IN",40.326892,-85.357029,5.0,place_exact,Eaton town,US,IN
NICAP,NICAP_DB_4252,"Magnolia, MS",31.161161,-90.469529,5.0,place_exact,Magnolia city,US,MS
NICAP,NICAP_DB_4253,"Dayton (Near), OH",39.784743,-84.199632,8.014899098276631,place_exact,Dayton city,US,OH
NICAP,NICAP_DB_4254,"Pascagoula, MS",30.360067,-88.556327,5.0,place_exact,Pascagoula city,US,MS
NICAP,NICAP_DB_4255,"Montgomery County, OH",,,,unresolved,,US,OH
NICAP,NICAP_DB_4256,"Tanner Williams, AL",,,,unresolved,,US,AL
NICAP,NICAP_DB_4257,"Laurel, IN",39.502037,-85.187882,5.0,place_exact,Laurel town,US,IN
NICAP,NICAP_DB_4258,"Connersville, IN",39.658023,-85.141747,5.0,place_exact,Connersville city,US,IN
NICAP,NICAP_DB_4259,"Cincinnati, OH",39.140183,-84.505829,9.465592755988514,place_exact,Cincinnati city,US,OH
NICAP,NICAP_DB_4260,"Hollywood, FL",26.030967,-80.164609,5.602814253172736,place_exact,Hollywood city,US,FL
NICAP,NICAP_DB_4261,"West Central, OH",,,,unresolved,,US,OH
NICAP,NICAP_DB_4262,"Connersville, IN",39.658023,-85.141747,5.0,place_exact,Connersville city,US,IN
NICAP,NICAP_DB_4263,"Boston, OH",,,,unresolved,,US,OH
NICAP,NICAP_DB_4264,"Greenfield, IN",39.793283,-85.772548,5.0,place_exact,Greenfield city,US,IN
NICAP,NICAP_DB_4265,"Martinsville, IN",39.414711,-86.431699,5.0,place_exact,Martinsville city,US,IN
NICAP,NICAP_DB_4266,"Omro, WI",44.038973,-88.736994,5.0,place_exact,Omro city,US,WI
NICAP,NICAP_DB_4267,"Morgantown, WV",39.637487,-79.946856,5.0,place_exact,Morgantown city,US,WV
NICAP,NICAP_DB_4268,"Connersville, IN",39.658023,-85.141747,5.0,place_exact,Connersville city,US,IN
NICAP,NICAP_DB_4269,"Huntington, IN",40.880825,-85.505497,5.0,place_exact,Huntington city,US,IN
NICAP,NICAP_DB_4270,"Lambert and Marks, MS",34.200596,-90.284527,5.0,place_exact,Lambert town,US,MS
NICAP,NICAP_DB_4271,"Henryville, MS",,,,unresolved,,US,MS
NICAP,NICAP_DB_4272,"Connersville, IN",39.658023,-85.141747,5.0,place_exact,Connersville city,US,IN
NICAP,NICAP_DB_4273,"Connersville, IN",39.658023,-85.141747,5.0,place_exact,Connersville city,US,IN
NICAP,NICAP_DB_4274,"Berea (Near), TN",,,,unresolved,,US,TN
NICAP,NICAP_DB_4275,"Connersville, IN",39.658023,-85.141747,5.0,place_exact,Connersville city,US,IN
NICAP,NICAP_DB_4276,"Pine, LA",,,,unresolved,,US,LA
NICAP,NICAP_DB_4277,"Hattiesburg, MS",31.307305,-89.317434,7.843222806984385,place_exact,Hattiesburg city,US,MS
NICAP,NICAP_DB_4278,"London, OH",39.892845,-83.438875,5.0,place_exact,London city,US,OH
NICAP,NICAP_DB_4279,"Chillicothe, OH",39.340502,-82.996102,5.0,place_exact,Chillicothe city,US,OH
NICAP,NICAP_DB_4280,"Burbank, CA",34.190079,-118.326405,5.0,place_exact,Burbank city,US,CA
NICAP,NICAP_DB_4281,"Between Gulfport and Biloxi, MS",,,,unresolved,,US,MS
NICAP,NICAP_DB_4282,"Burbank, CA",34.190079,-118.326405,5.0,place_exact,Burbank city,US,CA
NICAP,NICAP_DB_4283,"Lehi, UT",40.413874,-111.871616,5.687980778214122,place_exact,Lehi city,US,UT
NICAP,NICAP_DB_4284,"Pikesville, MD",39.391773,-76.699634,5.0,place_exact,Pikesville CDP,US,MD
NICAP,NICAP_DB_4285,"Princeton, IN",38.354473,-87.579508,5.0,place_exact,Princeton city,US,IN
NICAP,NICAP_DB_4286,"Connersville, IN",39.658023,-85.141747,5.0,place_exact,Connersville city,US,IN
NICAP,NICAP_DB_4287,"Warner Robins, GA",32.597096,-83.653936,6.594517419796539,place_exact,Warner Robins city,US,GA
NICAP,NICAP_DB_4288,"Elkhorn, WV",,,,unresolved,,US,WV
NICAP,NICAP_DB_4289,"Wayne (Near), NJ",40.92538,-74.27654,7.610190536379494,geonames_exact,Wayne,US,NJ
NICAP,NICAP_DB_4290,"Clinton, IL",40.146702,-88.96251,5.0,place_exact,Clinton city,US,IL
NICAP,NICAP_DB_4291,"Johnson City, TN",36.342325,-82.380915,7.059045701950244,place_exact,Johnson City city,US,TN
NICAP,NICAP_DB_4292,"Crowley, LA",30.217897,-92.37484,5.0,place_exact,Crowley city,US,LA
NICAP,NICAP_DB_4293,"Powhatan, LA",31.873775,-93.203239,5.0,place_exact,Powhatan village,US,LA
NICAP,NICAP_DB_4294,"Danielsville (Near), GA",34.123973,-83.22036,5.0,place_exact,Danielsville city,US,GA
NICAP,NICAP_DB_4295,"Falkville, AL",34.377019,-86.909547,5.0,place_exact,Falkville town,US,AL
NICAP,NICAP_DB_4296,"Loxley, AL",30.684588,-87.739213,6.0666824908218535,place_exact,Loxley town,US,AL
NICAP,NICAP_DB_4297,"Watauga, TN",36.368282,-82.292003,5.0,place_exact,Watauga city,US,TN
NICAP,NICAP_DB_4298,"Pikesville, MD",39.391773,-76.699634,5.0,place_exact,Pikesville CDP,US,MD
NICAP,NICAP_DB_4299,"Europa, MS",,,,unresolved,,US,MS
NICAP,NICAP_DB_4300,"Chatham (Near), VA",36.811853,-79.400122,5.0,place_exact,Chatham town,US,VA
NICAP,NICAP_DB_4301,"Ft. Knox, KY",37.891641,-85.967151,5.0,place_exact,Fort Knox CDP,US,KY
NICAP,NICAP_DB_4302,"Rosewood, OH",40.217387,-83.96343,5.0,place_exact,Rosewood CDP,US,OH
NICAP,NICAP_DB_4303,"Galion, OH",40.738216,-82.781327,5.0,place_exact,Galion city,US,OH
NICAP,NICAP_DB_4304,"Shelby, OH",40.885138,-82.658308,5.0,place_exact,Shelby city,US,OH
NICAP,NICAP_DB_4305,"Mansfield (area), OH",40.76672,-82.53082,5.957461129634932,place_exact,Mansfield city,US,OH
NICAP,NICAP_DB_4306,"Mt. Vernon, IN",37.936988,-87.895861,5.0,place_exact,Mount Vernon city,US,IN
NICAP,NICAP_DB_4307,"Savannah (near), GA",32.002499,-81.153586,11.090148801726892,place_exact,Savannah city,US,GA
NICAP,NICAP_DB_4308,"Mansfield (near), OH",40.76672,-82.53082,5.957461129634932,place_exact,Mansfield city,US,OH
NICAP,NICAP_DB_4309,"Ashburn, GA",31.709191,-83.652424,5.0,place_exact,Ashburn city,US,GA
NICAP,NICAP_DB_4310,"Copeland, NC",,,,unresolved,,US,NC
NICAP,NICAP_DB_4311,"Albany, OH",39.226537,-82.194711,5.0,place_exact,Albany village,US,OH
NICAP,NICAP_DB_4312,"between Vernon and Sherritts, OH",,,,unresolved,,US,OH
NICAP,NICAP_DB_4313,"Goshen, OH",39.228465,-84.150707,5.0,place_exact,Goshen CDP,US,OH
NICAP,NICAP_DB_4314,"Ashburn, GA",31.709191,-83.652424,5.0,place_exact,Ashburn city,US,GA
NICAP,NICAP_DB_4315,"Campbellsville, KY",37.34392,-85.352238,5.0,place_exact,Campbellsville city,US,KY
NICAP,NICAP_DB_4316,"Copeland, NC",,,,unresolved,,US,NC
NICAP,NICAP_DB_4317,"Draguignan, France",43.53692,6.46458,6.210716544811879,geonames_exact,Draguignan,FR,
NICAP,NICAP_DB_4318,"Indianapolis, IN",39.76838,-86.15804,29.79332139926665,geonames_exact,Indianapolis,US,IN
NICAP,NICAP_DB_4319,"Owego, NY",42.10456,-76.262227,5.0,place_exact,Owego village,US,NY
NICAP,NICAP_DB_4320,"Campbellsville, KY",37.34392,-85.352238,5.0,place_exact,Campbellsville city,US,KY
NICAP,NICAP_DB_4321,"Fort Smith, AR",35.349276,-94.370883,8.582758712157245,place_exact,Fort Smith city,US,AR
NICAP,NICAP_DB_4322,"Mt. Vernon, IN",37.936988,-87.895861,5.0,place_exact,Mount Vernon city,US,IN
NICAP,NICAP_DB_4323,"Covedale, OH",39.126705,-84.636951,5.0,place_exact,Covedale CDP,US,OH
NICAP,NICAP_DB_4324,"Upton, IN",,,,unresolved,,US,IN
NICAP,NICAP_DB_4325,"Mauni, IL",38.035177,-88.045277,7.5,place_fuzzy,Maunie village,US,IL
NICAP,NICAP_DB_4326,"Hartford City, IN",40.453659,-85.373184,5.0,place_exact,Hartford City city,US,IN
NICAP,NICAP_DB_4327,"Hartford City, IN",40.453659,-85.373184,5.0,place_exact,Hartford City city,US,IN
NICAP,NICAP_DB_4328,"Russell Springs, KY",37.050696,-85.080481,5.0,place_exact,Russell Springs city,US,KY
NICAP,NICAP_DB_4329,"Mt. Airy, NC",36.508487,-80.614538,5.0,place_exact,Mount Airy city,US,NC
NICAP,NICAP_DB_4330,"Fayette County, IN",,,,unresolved,,US,IN
NICAP,NICAP_DB_4331,"Fredericktown, OH",40.47854,-82.549521,5.0,place_exact,Fredericktown village,US,OH
NICAP,NICAP_DB_4332,"Dobson, NC",36.392641,-80.723739,5.0,place_exact,Dobson town,US,NC
NICAP,NICAP_DB_4333,"Christy Creek, KY",,,,unresolved,,US,KY
NICAP,NICAP_DB_4334,"Villa Bordeu, Bahia Blanca, Arg",,,,unresolved,,US,
NICAP,NICAP_DB_4335,"Okawville, IL",38.434417,-89.547978,5.0,place_exact,Okawville village,US,IL
NICAP,NICAP_DB_4336,"Morehead City, NC",34.727891,-76.739088,5.0,place_exact,Morehead City town,US,NC
NICAP,NICAP_DB_4337,"Bufkin, IN",,,,unresolved,,US,IN
NICAP,NICAP_DB_4338,"Goffstown, NH",43.022734,-71.598216,5.0,place_exact,Goffstown CDP,US,NH
NICAP,NICAP_DB_4340,"Mt. Vernon, IN",37.936988,-87.895861,5.0,place_exact,Mount Vernon city,US,IN
NICAP,NICAP_DB_4341,"Mt. Vernon, IN",37.936988,-87.895861,5.0,place_exact,Mount Vernon city,US,IN
NICAP,NICAP_DB_4342,"Goffstown, NH",43.022734,-71.598216,5.0,place_exact,Goffstown CDP,US,NH
NICAP,NICAP_DB_4343,"Evansville, IN",37.987737,-87.534705,7.383131645100803,place_exact,Evansville city,US,IN
NICAP,NICAP_DB_4344,"Chesapeake, VA",36.679376,-76.301788,19.738265768692944,place_exact,Chesapeake city,US,VA
NICAP,NICAP_DB_4345,"Winnfield, LA",31.923969,-92.642475,5.0,place_exact,Winnfield city,US,LA
NICAP,NICAP_DB_4346,"Quebec, CAN",,,,unresolved,,US,
NICAP,NICAP_DB_4347,"Johnstown, NY",43.007335,-74.375065,5.0,place_exact,Johnstown city,US,NY
NICAP,NICAP_DB_4348,"La Paz, Bolivia",,,,unresolved,,US,
NICAP,NICAP_DB_4349,"Blythe, CA",33.653584,-114.621785,5.531705302667121,place_exact,Blythe city,US,CA
NICAP,NICAP_DB_4350,"Falmouth, Nova Scotia, CAN",,,,unresolved,,US,
NICAP,NICAP_DB_4351,"La Paz, Bolivia",,,,unresolved,,US,
NICAP,NICAP_DB_4352,"Toronto, CAN",,,,unresolved,,US,
NICAP,NICAP_DB_4353,"Evansville, IN",37.987737,-87.534705,7.383131645100803,place_exact,Evansville city,US,IN
NICAP,NICAP_DB_4354,"Sidrolandia, Brazil",-20.93194,-54.96139,6.864255240009655,geonames_exact,Sidrolândia,BR,
NICAP,NICAP_DB_4355,"Mt. Vernon, IN",37.936988,-87.895861,5.0,place_exact,Mount Vernon city,US,IN
NICAP,NICAP_DB_4356,"Matthews, MO",36.7568,-89.567477,5.0,place_exact,Matthews city,US,MO
NICAP,NICAP_DB_4357,"Falmouth, Nova Scotia, CAN",,,,unresolved,,US,
NICAP,NICAP_DB_4358,"Bufkin (2 miles East of), IN",,,,unresolved,,US,IN
NICAP,NICAP_DB_4359,"Turin, Italy",45.07049,7.68682,29.108194722448868,geonames_exact,Turin,IT,
NICAP,NICAP_DB_4361,"Ouzoues-sur-Loire, France",47.76638,2.48038,7.5,geonames_fuzzy,Ouzouer-sur-Loire,FR,
NICAP,NICAP_DB_4362,"Hochries, Germany",,,,unresolved,,DE,
NICAP,NICAP_DB_4363,"Malaga, Spain",36.72016,-4.42034,24.338159338783207,geonames_exact,Málaga,ES,
NICAP,NICAP_DB_4364,"Bradenton, FL",27.489798,-82.576804,5.0,place_exact,Bradenton city,US,FL
NICAP,NICAP_DB_4365,"Ellwood City, PA",40.861982,-80.282913,5.0,place_exact,Ellwood City borough,US,PA
NICAP,NICAP_DB_4366,"Vilvorde, Belgium",50.92814,4.42938,9.118593641565568,geonames_fuzzy,Vilvoorde,BE,
NICAP,NICAP_DB_4367,"Berwyn, IL",41.843333,-87.790926,5.0,place_exact,Berwyn city,US,IL
NICAP,NICAP_DB_4368,"Lawrencetown, Nova Scotia, CAN",,,,unresolved,,US,
NICAP,NICAP_DB_4369,"Santa Ana, CA",33.736332,-117.8829,5.609795837045527,place_exact,Santa Ana city,US,CA
NICAP,NICAP_DB_4371,"Warneton, Belgium",50.75158,2.94635,5.0,geonames_exact,Warneton,BE,
NICAP,NICAP_DB_4372,"Springfield, OH",39.928182,-83.800885,5.467399178565415,place_exact,Springfield city,US,OH
NICAP,NICAP_DB_4373,"Norton, MA",41.96677,-71.18699,5.0,geonames_exact,Norton,US,MA
NICAP,NICAP_DB_4374,"Llandrillo, Wales",52.92277,-3.4376,10.0,geonames_exact,Llandrillo,GB,
NICAP,NICAP_DB_4375,"Aische-en-Refail, Belgium",50.60009,4.83775,5.0,geonames_exact,Aische-en-Refail,BE,
NICAP,NICAP_DB_4376,"Evansville, IN",37.987737,-87.534705,7.383131645100803,place_exact,Evansville city,US,IN
NICAP,NICAP_DB_4377,"Lisbon, Portugal",38.72509,-9.1498,22.755263127461305,geonames_exact,Lisbon,PT,
NICAP,NICAP_DB_4378,"Santa Ana, CA",33.736332,-117.8829,5.609795837045527,place_exact,Santa Ana city,US,CA
NICAP,NICAP_DB_4379,"Shores Community, TN",,,,unresolved,,US,TN
NICAP,NICAP_DB_4380,"Barrington, NH",43.22286,-71.04701,5.0,geonames_exact,Barrington,US,NH
NICAP,NICAP_DB_4381,"Ely, NV",39.264928,-114.870868,5.0,place_exact,Ely city,US,NV
NICAP,NICAP_DB_4382,"Petite-Ile (Reunion), France",,,,unresolved,,FR,
NICAP,NICAP_DB_4383,"Stuart, FL",27.195272,-80.244114,5.0,place_exact,Stuart city,US,FL
NICAP,NICAP_DB_4384,"Chelsea, OK",36.532037,-95.434568,5.0,place_exact,Chelsea town,US,OK
NICAP,NICAP_DB_4385,"Hirson (Aisne), France",49.92262,4.08259,5.0,geonames_exact,Hirson,FR,
NICAP,NICAP_DB_4388,"Milan, Italy",45.46427,9.18951,37.033741371889505,geonames_exact,Milan,IT,
NICAP,NICAP_DB_4389,"Milan, Italy",45.46427,9.18951,37.033741371889505,geonames_exact,Milan,IT,
NICAP,NICAP_DB_4390,"Cordoba, Arg",,,,unresolved,,US,
NICAP,NICAP_DB_4391,"Taiwan, Taiwan",,,,unresolved,,TW,
NICAP,NICAP_DB_4392,"Valdehijaderos, Salamanca, Spain",,,,unresolved,,ES,
NICAP,NICAP_DB_4393,"Albiosco, France",,,,unresolved,,FR,
NICAP,NICAP_DB_4394,"Hombreiro, Lugo, Spain",,,,unresolved,,ES,
NICAP,NICAP_DB_4395,"Fayetteville, IN",,,,unresolved,,US,IN
NICAP,NICAP_DB_4396,"Vedrin & Courriere, Belgium",,,,unresolved,,BE,
NICAP,NICAP_DB_4397,"Adelaide, AU",,,,unresolved,,US,
NICAP,NICAP_DB_4398,"Casale Monferrato, Italy",45.13338,8.4525,5.763072097414711,geonames_exact,Casale Monferrato,IT,
NICAP,NICAP_DB_4399,"Guerrero state, Mexico",,,,unresolved,,MX,
NICAP,NICAP_DB_4400,"Lincolnshire, IL",42.196518,-87.917737,5.0,place_exact,Lincolnshire village,US,IL
NICAP,NICAP_DB_4401,"Coatsville, PA",39.985152,-75.819,7.5,place_fuzzy,Coatesville city,US,PA
NICAP,NICAP_DB_4402,"Daylight, IN",,,,unresolved,,US,IN
NICAP,NICAP_DB_4403,"Hampton Beach, NH",42.913965,-70.811752,5.0,place_exact,Hampton Beach CDP,US,NH
NICAP,NICAP_DB_4404,"Fairfield, OH",39.33142,-84.542716,5.0,place_exact,Fairfield city,US,OH
NICAP,NICAP_DB_4405,"Calhoun, IL",38.651161,-88.044023,5.0,place_exact,Calhoun village,US,IL
NICAP,NICAP_DB_4406,"Albuquerque, NM",35.10478,-106.646809,14.682227578493212,place_exact,Albuquerque city,US,NM
NICAP,NICAP_DB_4407,"Salisbury, South Africa",,,,unresolved,,ZA,
NICAP,NICAP_DB_4408,"South Hampton, NH",,,,unresolved,,US,NH
NICAP,NICAP_DB_4409,"Lincolnshire, IL",42.196518,-87.917737,5.0,place_exact,Lincolnshire village,US,IL
NICAP,NICAP_DB_4410,"Medellin Castle, Spain",,,,unresolved,,ES,
NICAP,NICAP_DB_4411,"Metcalf, IL",39.800431,-87.807831,5.0,place_exact,Metcalf village,US,IL
NICAP,NICAP_DB_4412,"Metcalf, IL",39.800431,-87.807831,5.0,place_exact,Metcalf village,US,IL
NICAP,NICAP_DB_4413,"Kingston, NY",41.930124,-73.996782,5.0,place_exact,Kingston city,US,NY
NICAP,NICAP_DB_4414,"Beloite, Yugo",,,,unresolved,,US,
NICAP,NICAP_DB_4415,"Solitude, IN",,,,unresolved,,US,IN
NICAP,NICAP_DB_4416,"Concord, NH",43.232493,-71.561252,8.58066389557876,place_exact,Concord city,US,NH
NICAP,NICAP_DB_4417,"Laurel, MS",31.695077,-89.144955,5.0,place_exact,Laurel city,US,MS
NICAP,NICAP_DB_4418,"Sparta, IL",38.139419,-89.730509,5.0,place_exact,Sparta city,US,IL
NICAP,NICAP_DB_4419,"Pacific Ocean, Guam",,,,unresolved,,US,GU
NICAP,NICAP_DB_4420,"Langenburg, Saskatchewan, CAN",,,,unresolved,,US,
NICAP,NICAP_DB_4421,"Langenburg, Saskatchewan, CAN",,,,unresolved,,US,
NICAP,NICAP_DB_4422,"Causses, France",,,,unresolved,,FR,
NICAP,NICAP_DB_4423,"Brunswick, ME",43.887452,-69.942623,5.0,place_exact,Brunswick CDP,US,ME
NICAP,NICAP_DB_4424,"Mt. Vernon, IN",37.936988,-87.895861,5.0,place_exact,Mount Vernon city,US,IN
NICAP,NICAP_DB_4425,"Mt. Vernon, IN",37.936988,-87.895861,5.0,place_exact,Mount Vernon city,US,IN
NICAP,NICAP_DB_4426,"Mt. Vernon, IN",37.936988,-87.895861,5.0,place_exact,Mount Vernon city,US,IN
NICAP,NICAP_DB_4427,"Owensboro, KY",37.757172,-87.117398,5.0,place_exact,Owensboro city,US,KY
NICAP,NICAP_DB_4428,"Central Newfoundland, CAN",,,,unresolved,,US,
NICAP,NICAP_DB_4430,"Ramona, CA",33.045811,-116.877546,6.651602179592189,place_exact,Ramona CDP,US,CA
NICAP,NICAP_DB_4431,"Maitland, N.S.W, AU",,,,unresolved,,US,
NICAP,NICAP_DB_4432,"Elkhart, IN",41.691543,-85.962248,5.62538717679849,place_exact,Elkhart city,US,IN
NICAP,NICAP_DB_4433,"Northern area, IN",,,,unresolved,,US,IN
NICAP,NICAP_DB_4434,"Rawlins, WY",41.78513,-107.224653,5.0,place_exact,Rawlins city,US,WY
NICAP,NICAP_DB_4435,"Aveley, UK",51.49987,0.25174,5.0,geonames_exact,Aveley,GB,
NICAP,NICAP_DB_4436,"Melrose Park, IL",41.902995,-87.863648,5.0,place_exact,Melrose Park village,US,IL
NICAP,NICAP_DB_4437,"Wurtsmith AFB, MI",,,,unresolved,,US,MI
NICAP,NICAP_DB_4438,"Barrington, IL",42.151535,-88.128534,5.0,place_exact,Barrington village,US,IL
NICAP,NICAP_DB_4439,"Kampsville, IL",39.297181,-90.612931,5.0,place_exact,Kampsville village,US,IL
NICAP,NICAP_DB_4440,"Pensacola, FL",30.440989,-87.191242,5.108527076260718,place_exact,Pensacola city,US,FL
NICAP,NICAP_DB_4441,"Between Dekalk & Mendota, IL",,,,unresolved,,US,IL
NICAP,NICAP_DB_4443,"Shabonna, IL",41.764305,-88.882179,7.5,place_fuzzy,Shabbona village,US,IL
NICAP,NICAP_DB_4444,"Louisville, KY",38.224728,-85.740614,8.412667802519932,place_exact,Louisville city,US,KY
NICAP,NICAP_DB_4445,"Darmstadt, IL",38.318739,-89.729237,5.0,place_exact,Darmstadt CDP,US,IL
NICAP,NICAP_DB_4446,"Fairfield, OH",39.33142,-84.542716,5.0,place_exact,Fairfield city,US,OH
NICAP,NICAP_DB_4447,"Algeria, Africa",,,,unresolved,,US,
NICAP,NICAP_DB_4450,"Quintanaortuno, Spain",42.45,-3.68333,5.0,geonames_exact,Quintanaortuño,ES,
NICAP,NICAP_DB_4451,"Kankakee, IL",41.101654,-87.86369,5.0,place_exact,Kankakee city,US,IL
NICAP,NICAP_DB_4452,"Navarra, Spain",,,,unresolved,,ES,
NICAP,NICAP_DB_4453,"Kauai, HI",,,,unresolved,,US,HI
NICAP,NICAP_DB_4454,"Baltimore, MD",39.300032,-76.610476,9.652848215250598,place_exact,Baltimore city,US,MD
NICAP,NICAP_DB_4455,"Baltimore, MD",39.300032,-76.610476,9.652848215250598,place_exact,Baltimore city,US,MD
NICAP,NICAP_DB_4456,"Cape Girardeau, MO",37.310088,-89.558028,5.785530341579182,place_exact,Cape Girardeau city,US,MO
NICAP,NICAP_DB_4457,"Mariemont, OH",39.142499,-84.379005,5.0,place_exact,Mariemont village,US,OH
NICAP,NICAP_DB_4458,"Laulne, Manche Department, France",,,,unresolved,,FR,
NICAP,NICAP_DB_4459,"Mt. Vernon, IN",37.936988,-87.895861,5.0,place_exact,Mount Vernon city,US,IN
NICAP,NICAP_DB_4460,"Bloomington, IL",40.475777,-88.969912,5.588249218971299,place_exact,Bloomington city,US,IL
NICAP,NICAP_DB_4461,"Brownstown, IL",38.994239,-88.955306,5.0,place_exact,Brownstown village,US,IL
NICAP,NICAP_DB_4462,"Lordsburg, NM",32.343777,-108.70212,5.0,place_exact,Lordsburg city,US,NM
NICAP,NICAP_DB_4463,"Auckland, NZ",,,,unresolved,,US,
NICAP,NICAP_DB_4464,"St. Thomas, Ontario, CAN",,,,unresolved,,US,
NICAP,NICAP_DB_4465,"North Bergen (in Hudson Park), NJ",40.80427,-74.01208,7.967684732718784,geonames_exact,North Bergen,US,NJ
NICAP,NICAP_DB_4466,"Pike, IL",,,,unresolved,,US,IL
NICAP,NICAP_DB_4467,"Vinita, OK",36.648772,-95.161001,5.0,place_exact,Vinita city,US,OK
NICAP,NICAP_DB_4468,"Cape Girardeau, MO",37.310088,-89.558028,5.785530341579182,place_exact,Cape Girardeau city,US,MO
NICAP,NICAP_DB_4469,"Indianapolis, IN",39.76838,-86.15804,29.79332139926665,geonames_exact,Indianapolis,US,IN
NICAP,NICAP_DB_4470,"Barham, Kent, UK",,,,unresolved,,GB,
NICAP,NICAP_DB_4471,"Dolianova, Italy",39.37791,9.17697,5.0,geonames_exact,Dolianova,IT,
NICAP,NICAP_DB_4472,"Carmi, IL",38.08615,-88.172062,5.0,place_exact,Carmi city,US,IL
NICAP,NICAP_DB_4473,"Annandale, NY",,,,unresolved,,US,NY
NICAP,NICAP_DB_4474,"Petite-He, Reunion, France",,,,unresolved,,FR,
NICAP,NICAP_DB_4475,"Caribbean, At sea",,,,unresolved,,US,
NICAP,NICAP_DB_4476,"Roundup, MT",46.448335,-108.539687,5.0,place_exact,Roundup city,US,MT
NICAP,NICAP_DB_4477,"Harlowton, MT",46.436776,-109.835104,5.0,place_exact,Harlowton city,US,MT
NICAP,NICAP_DB_4478,"Harlowton, MT",46.436776,-109.835104,5.0,place_exact,Harlowton city,US,MT
NICAP,NICAP_DB_4479,"Orbak, Den",,,,unresolved,,US,
NICAP,NICAP_DB_4480,"Kofu, Japan",35.66667,138.56667,13.769204770065699,geonames_exact,Kofu,JP,
NICAP,NICAP_DB_4481,"Enfield, CT",41.97621,-72.59176,6.723986912539316,geonames_exact,Enfield,US,CT
NICAP,NICAP_DB_4482,"Lake Sorell, Tasmania",,,,unresolved,,US,
NICAP,NICAP_DB_4483,"San Carlos Reservoir, AZ",,,,unresolved,,US,AZ
NICAP,NICAP_DB_4484,"Lexington, SC",33.992877,-81.221797,5.0,place_exact,Lexington town,US,SC
NICAP,NICAP_DB_4485,"Golfo San Matias, Argentina",,,,unresolved,,AR,
NICAP,NICAP_DB_4486,"Mehmke Hill, MT",,,,unresolved,,US,MT
NICAP,NICAP_DB_4487,"Elmwood, WS",,,,unresolved,,US,
NICAP,NICAP_DB_4488,"Stayner, Ontario (near), CAN",,,,unresolved,,US,
NICAP,NICAP_DB_4489,"Belt, MT",47.387201,-110.927737,5.0,place_exact,Belt town,US,MT
NICAP,NICAP_DB_4490,"Mellen, WI",46.323977,-90.660454,5.0,place_exact,Mellen city,US,WI
NICAP,NICAP_DB_4491,"Gander, Newfoundland, CAN",,,,unresolved,,US,
NICAP,NICAP_DB_4492,"Hamilton, Ontario, CAN",,,,unresolved,,US,
NICAP,NICAP_DB_4493,"Lumberton, NC",34.630608,-79.018601,5.0,place_exact,Lumberton city,US,NC
NICAP,NICAP_DB_4494,"Lumberton, NC",34.630608,-79.018601,5.0,place_exact,Lumberton city,US,NC
NICAP,NICAP_DB_4495,"Roseboro, NC",34.955726,-78.514126,5.0,place_exact,Roseboro town,US,NC
NICAP,NICAP_DB_4496,"Elizabethtown, NC",34.622559,-78.608011,5.0,place_exact,Elizabethtown town,US,NC
NICAP,NICAP_DB_4497,"Grimesland, NC",35.567103,-77.198198,5.0,place_exact,Grimesland town,US,NC
NICAP,NICAP_DB_4498,"Rowland (north of), NC",34.536068,-79.292851,5.0,place_exact,Rowland town,US,NC
NICAP,NICAP_DB_4499,"Lumberton, NC",34.630608,-79.018601,5.0,place_exact,Lumberton city,US,NC
NICAP,NICAP_DB_4500,"Wausau, WS",,,,unresolved,,US,
NICAP,NICAP_DB_4501,"Lumberton, NC",34.630608,-79.018601,5.0,place_exact,Lumberton city,US,NC
NICAP,NICAP_DB_4502,"Carman, Manitoba, CAN",,,,unresolved,,US,
NICAP,NICAP_DB_4503,"San Jose, CA",37.296011,-121.814552,14.32467509036224,place_exact,San Jose city,US,CA
NICAP,NICAP_DB_4504,"San Antonio, TX",29.463408,-98.524287,23.962933858589,place_exact,San Antonio city,US,TX
NICAP,NICAP_DB_4505,"Tequesquitengo Lake, Mexico",,,,unresolved,,MX,
NICAP,NICAP_DB_4508,"Pleasanton, TX",28.96424,-98.495651,5.0,place_exact,Pleasanton city,US,TX
NICAP,NICAP_DB_4509,"Howrah, Tasmania",,,,unresolved,,US,
NICAP,NICAP_DB_4510,"Holland, Manitoba, CAN",,,,unresolved,,US,
NICAP,NICAP_DB_4511,"Quebec City, Quebec, CAN",,,,unresolved,,US,
NICAP,NICAP_DB_4512,"Smith River, MT",,,,unresolved,,US,MT
NICAP,NICAP_DB_4513,"Big Chimney, WV",38.415207,-81.531808,5.0,place_exact,Big Chimney CDP,US,WV
NICAP,NICAP_DB_4514,"Genova, Italy",,,,unresolved,,IT,
NICAP,NICAP_DB_4515,"Queensland, AU",,,,unresolved,,US,
NICAP,NICAP_DB_4516,"Pont-a-Mousson, France",48.90702,6.05635,5.0,geonames_exact,Pont-à-Mousson,FR,
NICAP,NICAP_DB_4517,"Pont-a-Mousson, France",48.90702,6.05635,5.0,geonames_exact,Pont-à-Mousson,FR,
NICAP,NICAP_DB_4518,"Unknown City, HI",,,,unresolved,,US,HI
NICAP,NICAP_DB_4519,"Parsippany, NJ",40.864056,-74.41237,5.0,place_exact,Parsippany CDP,US,NJ
NICAP,NICAP_DB_4520,"Fairfield, NJ",40.88371,-74.30598,5.0,geonames_exact,Fairfield,US,NJ
NICAP,NICAP_DB_4521,"Wilkes-Barre, PA",41.246561,-75.875689,5.0,place_exact,Wilkes-Barre city,US,PA
NICAP,NICAP_DB_4522,"Mount Pleasant, Ontario, CAN",,,,unresolved,,US,
NICAP,NICAP_DB_4523,"Wilkes Barre (near), PA",41.246561,-75.875689,5.0,place_exact,Wilkes-Barre city,US,PA
NICAP,NICAP_DB_4524,"Washburn, ND",47.294045,-101.027796,5.0,place_exact,Washburn city,US,ND
NICAP,NICAP_DB_4525,"Williams AFB, AZ",35.24664,-112.183296,15.0,place_exact_basename,Williams city,US,AZ
NICAP,NICAP_DB_4526,"Bay Village, OH",41.487771,-81.928891,5.0,place_exact,Bay Village city,US,OH
NICAP,NICAP_DB_4527,"Sierra Aitana, Spain",,,,unresolved,,ES,
NICAP,NICAP_DB_4528,"Loxton, South Africa",,,,unresolved,,ZA,
NICAP,NICAP_DB_4529,"Alamogordo, NM",32.883616,-105.96361,5.0,place_exact,Alamogordo city,US,NM
NICAP,NICAP_DB_4530,"Stockton, CA",37.976342,-121.313304,8.462084691926295,place_exact,Stockton city,US,CA
NICAP,NICAP_DB_4531,"Vaughn, MT",47.552324,-111.560861,5.0,place_exact,Vaughn CDP,US,MT
NICAP,NICAP_DB_4532,"St. Omer, Pas-de-Calais, France",,,,unresolved,,FR,
NICAP,NICAP_DB_4533,"Buffalo, ND",46.91926,-97.550619,5.0,place_exact,Buffalo city,US,ND
NICAP,NICAP_DB_4534,"Muret, Haute-Garonne, France",,,,unresolved,,FR,
NICAP,NICAP_DB_4535,"Chesterland, OH",41.528307,-81.357477,5.0,place_exact,Chesterland CDP,US,OH
NICAP,NICAP_DB_4536,"Manassas, VA",38.746808,-77.482633,5.0,place_exact,Manassas city,US,VA
NICAP,NICAP_DB_4537,"Geyser, MT",47.263323,-110.492693,5.0,place_exact,Geyser CDP,US,MT
NICAP,NICAP_DB_4538,"Cambrai, Nord, France",,,,unresolved,,FR,
NICAP,NICAP_DB_4539,"Asservent, France",,,,unresolved,,FR,
NICAP,NICAP_DB_4540,"Orland, CA",39.746075,-122.185468,5.0,place_exact,Orland city,US,CA
NICAP,NICAP_DB_4541,"Cheyenne Mountain, CO",,,,unresolved,,US,CO
NICAP,NICAP_DB_4542,"Quincy, MA",42.261006,-71.008988,5.0,place_exact,Quincy city,US,MA
NICAP,NICAP_DB_4543,"Ramsey, NJ",41.061325,-74.146996,5.0,place_exact,Ramsey borough,US,NJ
NICAP,NICAP_DB_4544,"Davis, CA",38.556147,-121.737793,5.0,place_exact,Davis city,US,CA
NICAP,NICAP_DB_4545,"Helena, MT",46.595465,-112.018746,5.0,place_exact,Helena city,US,MT
NICAP,NICAP_DB_4546,"Helena (25 miles NW of), MT",46.595465,-112.018746,5.0,place_exact,Helena city,US,MT
NICAP,NICAP_DB_4547,"Hailey, ID",43.512674,-114.299499,5.0,place_exact,Hailey city,US,ID
NICAP,NICAP_DB_4548,"Priest Butte, MT",,,,unresolved,,US,MT
NICAP,NICAP_DB_4549,"Sao Gondolo do Amarante, Ceara state, Brazil",,,,unresolved,,BR,
NICAP,NICAP_DB_4550,"Sao Gondolo do Amarante, Ceara state, Brazil",,,,unresolved,,BR,
NICAP,NICAP_DB_4551,"Loring AFB, ME",,,,unresolved,,US,ME
NICAP,NICAP_DB_4552,"Oxford, ME",44.14487,-70.523871,5.0,place_exact,Oxford CDP,US,ME
NICAP,NICAP_DB_4553,"Sudbury, Ontario, CAN",,,,unresolved,,US,
NICAP,NICAP_DB_4554,"Loring AFB, ME",,,,unresolved,,US,ME
NICAP,NICAP_DB_4555,"Belgrade, Yugo",,,,unresolved,,US,
NICAP,NICAP_DB_4556,"Loring AFB, ME",,,,unresolved,,US,ME
NICAP,NICAP_DB_4557,"Ford Creek at Augusta, MT",,,,unresolved,,US,MT
NICAP,NICAP_DB_4558,"Wurtsmith AFB, MI",,,,unresolved,,US,MI
NICAP,NICAP_DB_4562,"Loring AFB (4 miles NW of), ME",,,,unresolved,,US,ME
NICAP,NICAP_DB_4563,"Monarch, MT",47.100289,-110.844806,5.0,place_exact,Monarch CDP,US,MT
NICAP,NICAP_DB_4564,"Ross, OH",39.313907,-84.660145,5.0,place_exact,Ross CDP,US,OH
NICAP,NICAP_DB_4565,"Lussault-sur-Loire (near), France",,,,unresolved,,FR,
NICAP,NICAP_DB_4566,"Snowflake, AZ",34.521459,-110.091182,6.232008629290845,place_exact,Snowflake town,US,AZ
NICAP,NICAP_DB_4567,"Redwater, Alberta (north of), CAN",,,,unresolved,,US,
NICAP,NICAP_DB_4568,"Raynesford (near), MT",47.270066,-110.731923,5.0,place_exact,Raynesford CDP,US,MT
NICAP,NICAP_DB_4569,"Bowden, Alberta (10 mi south of), CAN",,,,unresolved,,US,
NICAP,NICAP_DB_4570,"Merxheim, France",47.91128,7.29492,5.0,geonames_exact,Merxheim,FR,
NICAP,NICAP_DB_4571,"Lewiston, MT",47.05138,-109.452399,7.5,place_fuzzy,Lewistown city,US,MT
NICAP,NICAP_DB_4572,"Malmstrom AFB, MT",47.5058738370001,-111.182557531,10.0,dod_site,Malmstrom Air Force Base,US,MT
NICAP,NICAP_DB_4573,"Malmstrom AFB, MT",47.5058738370001,-111.182557531,10.0,dod_site,Malmstrom Air Force Base,US,MT
NICAP,NICAP_DB_4574,"Minot AFB, ND",48.4153580980001,-101.32274284,10.0,dod_site,Minot Air Force Base,US,ND
NICAP,NICAP_DB_4575,"Sudbury, Ontario, CAN",,,,unresolved,,US,
NICAP,NICAP_DB_4576,"Sudbury, Ontario (near), CAN",,,,unresolved,,US,
NICAP,NICAP_DB_4577,"Sudbury, Ontario, CAN",,,,unresolved,,US,
NICAP,NICAP_DB_4578,"Beltsville, MD",39.039903,-76.920443,5.0,place_exact,Beltsville CDP,US,MD
NICAP,NICAP_DB_4579,"Freeze Out Lake, MT",,,,unresolved,,US,MT
NICAP,NICAP_DB_4580,"Falconbridge, Ontario, CAN",,,,unresolved,,US,
NICAP,NICAP_DB_4581,"Falconbridge, Ontario, CAN",,,,unresolved,,US,
NICAP,NICAP_DB_4582,"midwestern and southern, USA",,,,unresolved,,US,
NICAP,NICAP_DB_4583,"Falconbridge AFS, Ontario, CAN",,,,unresolved,,US,
NICAP,NICAP_DB_4584,"Sudbury, Ontario, CAN",,,,unresolved,,US,
NICAP,NICAP_DB_4585,"Falconbridge AFS, Ontario, CAN",,,,unresolved,,US,
NICAP,NICAP_DB_4586,"Falconbridge AFS, Ontario, CAN",,,,unresolved,,US,
NICAP,NICAP_DB_4587,"Pacific, MO",38.481678,-90.754638,5.0,place_exact,Pacific city,US,MO
NICAP,NICAP_DB_4588,"Marseille, France",43.29695,5.38107,29.61781558454303,geonames_exact,Marseille,FR,
NICAP,NICAP_DB_4589,"Curiel, Valladolid, Spain",,,,unresolved,,ES,
NICAP,NICAP_DB_4590,"Manitoulin Island, Ontario, CAN",,,,unresolved,,US,
NICAP,NICAP_DB_4591,"Curiel, Valladolid, Spain",,,,unresolved,,ES,
NICAP,NICAP_DB_4592,"Falconbridge AFS, Ontario, CAN",,,,unresolved,,US,
NICAP,NICAP_DB_4593,"Kevin/Dunkirk area, MT",48.745649,-111.965771,5.0,place_exact,Kevin town,US,MT
NICAP,NICAP_DB_4594,"Strathclair, Manitoba, CAN",,,,unresolved,,US,
NICAP,NICAP_DB_4595,"Oak Brook, IL",41.836395,-87.953173,5.0,place_exact,Oak Brook village,US,IL
NICAP,NICAP_DB_4596,"Camilla, GA",31.234057,-84.209563,5.0,place_exact,Camilla city,US,GA
NICAP,NICAP_DB_4597,"Savannah, GA",32.002499,-81.153586,11.090148801726892,place_exact,Savannah city,US,GA
NICAP,NICAP_DB_4598,"Goodridge, MN",48.144175,-95.80396,5.0,place_exact,Goodridge city,US,MN
NICAP,NICAP_DB_4600,"Sturgeon Falls, Ontario, CAN",,,,unresolved,,US,
NICAP,NICAP_DB_4601,"Clarkston, GA",33.813489,-84.24185,5.0,place_exact,Clarkston city,US,GA
NICAP,NICAP_DB_4602,"Montville, NJ",,,,unresolved,,US,NJ
NICAP,NICAP_DB_4603,"Choteau, MT",47.813673,-112.1794,5.0,place_exact,Choteau city,US,MT
NICAP,NICAP_DB_4604,"Simms (area), MT",47.492537,-111.953585,5.0,place_exact,Simms CDP,US,MT
NICAP,NICAP_DB_4605,"Freeze Out Lake, MT",,,,unresolved,,US,MT
NICAP,NICAP_DB_4606,"Missoula (Coming from), MT",46.874359,-114.026136,6.301547534799156,place_exact,Missoula city,US,MT
NICAP,NICAP_DB_4607,"Great Falls, MT",47.502518,-111.29997,5.145822858288933,place_exact,Great Falls city,US,MT
NICAP,NICAP_DB_4608,"La Neuvelot, France",,,,unresolved,,FR,
NICAP,NICAP_DB_4609,"Sao Paulo, Brazil",-23.5475,-46.63611,40.0,geonames_exact,São Paulo,BR,
NICAP,NICAP_DB_4610,"Ancy, France",,,,unresolved,,FR,
NICAP,NICAP_DB_4611,"Dutton, MT",47.847539,-111.714305,5.0,place_exact,Dutton town,US,MT
NICAP,NICAP_DB_4612,"Roy (to Fergus), MT",47.334299,-108.959994,5.0,place_exact,Roy CDP,US,MT
NICAP,NICAP_DB_4613,"Goodridge, MN",48.144175,-95.80396,5.0,place_exact,Goodridge city,US,MN
NICAP,NICAP_DB_4614,"Great Falls, MT",47.502518,-111.29997,5.145822858288933,place_exact,Great Falls city,US,MT
NICAP,NICAP_DB_4615,"Goodridge, MN",48.144175,-95.80396,5.0,place_exact,Goodridge city,US,MN
NICAP,NICAP_DB_4616,"Bar-sur-Aube, France",48.23315,4.7064,5.0,geonames_exact,Bar-sur-Aube,FR,
NICAP,NICAP_DB_4617,"Cotes-du-Nord, France",,,,unresolved,,FR,
NICAP,NICAP_DB_4618,"Marle, France",49.74006,3.7706,5.0,geonames_exact,Marle,FR,
NICAP,NICAP_DB_4619,"Domene, Isere, France",,,,unresolved,,FR,
NICAP,NICAP_DB_4620,"Stanford, KY",37.532829,-84.659666,5.0,place_exact,Stanford city,US,KY
NICAP,NICAP_DB_4621,"Shale Plant on ""Bootlegger"", MT",,,,unresolved,,US,MT
NICAP,NICAP_DB_4622,"Belt (NE of), MT",47.387201,-110.927737,5.0,place_exact,Belt town,US,MT
NICAP,NICAP_DB_4623,"Augusta (15 miles W. of), MT",47.489329,-112.392158,5.0,place_exact,Augusta CDP,US,MT
NICAP,NICAP_DB_4624,"Great Falls, MT",47.502518,-111.29997,5.145822858288933,place_exact,Great Falls city,US,MT
NICAP,NICAP_DB_4625,"Heislerville, NJ",39.223659,-74.991478,5.0,place_exact,Heislerville CDP,US,NJ
NICAP,NICAP_DB_4626,"Cannon AFB, NM",34.386475278,-103.317512583,10.0,dod_site,Cannon Air Force Base,US,NM
NICAP,NICAP_DB_4627,"Fairfield, MT",47.615345,-111.98141,5.0,place_exact,Fairfield town,US,MT
NICAP,NICAP_DB_4628,"Gillette, WY",44.27258,-105.498936,5.160143021273732,place_exact,Gillette city,US,WY
NICAP,NICAP_DB_4629,"Key West, FL",24.565063,-81.775539,5.0,place_exact,Key West city,US,FL
NICAP,NICAP_DB_4630,"Eglin AFB, FL",30.6071221180001,-86.326376962,10.0,dod_site,Eglin Air Force Base,US,FL
NICAP,NICAP_DB_4631,"Woodlawn, OH",39.255562,-84.471053,5.0,place_exact,Woodlawn village,US,OH
NICAP,NICAP_DB_4632,"Unknown City, France",,,,unresolved,,FR,
NICAP,NICAP_DB_4633,"Fort Shaw, MT",47.496885,-111.819344,5.0,place_exact,Fort Shaw CDP,US,MT
NICAP,NICAP_DB_4634,"Farmersville, IN",,,,unresolved,,US,IN
NICAP,NICAP_DB_4635,"Manchester, MT",,,,unresolved,,US,MT
NICAP,NICAP_DB_4636,"Kissimmee, FL",28.30278,-81.417831,5.0,place_exact,Kissimmee city,US,FL
NICAP,NICAP_DB_4637,"High Spring, FL",29.799634,-82.589322,7.512004060169296,place_fuzzy,High Springs city,US,FL
NICAP,NICAP_DB_4638,"Hamden, CT",41.39593,-72.89677,7.736084280823212,geonames_exact,Hamden,US,CT
NICAP,NICAP_DB_4639,"Berridale (between Tarraleah and), Tasmania",,,,unresolved,,US,
NICAP,NICAP_DB_4640,"Fort Benton, MT",47.829003,-110.655787,5.0,place_exact,Fort Benton city,US,MT
NICAP,NICAP_DB_4641,"Rancho Cordova, CA",38.577079,-121.236187,6.308155779095292,place_exact,Rancho Cordova city,US,CA
NICAP,NICAP_DB_4642,"Okatchee (near), AL",33.789759,-86.029062,7.5,place_fuzzy,Ohatchee town,US,AL
NICAP,NICAP_DB_4643,"Chesapeake Bay, MD",38.689456,-76.554404,7.5,place_fuzzy,Chesapeake Beach town,US,MD
NICAP,NICAP_DB_4644,"Marysville, CA",39.151535,-121.583374,5.0,place_exact,Marysville city,US,CA
NICAP,NICAP_DB_4645,"Lake Hiawatha, NJ",40.881471,-74.382612,5.0,place_exact,Lake Hiawatha CDP,US,NJ
NICAP,NICAP_DB_4646,"Essex County, MA",,,,unresolved,,US,MA
NICAP,NICAP_DB_4647,"Great Falls (near), MT",47.502518,-111.29997,5.145822858288933,place_exact,Great Falls city,US,MT
NICAP,NICAP_DB_4648,"Stratham, NH",,,,unresolved,,US,NH
NICAP,NICAP_DB_4649,"Kettering, Tasmania",,,,unresolved,,US,
NICAP,NICAP_DB_4650,"Maneru, Spain",42.67001,-1.86297,5.0,geonames_exact,Mañeru,ES,
NICAP,NICAP_DB_4651,"Nashville, IL",38.353618,-89.377987,5.0,place_exact,Nashville city,US,IL
NICAP,NICAP_DB_4652,"Location unknown, MT",,,,unresolved,,US,MT
NICAP,NICAP_DB_4653,"Long Island, NY",,,,unresolved,,US,NY
NICAP,NICAP_DB_4654,"Theville, France",,,,unresolved,,FR,
NICAP,NICAP_DB_4655,"Refrigerio, Brazil",,,,unresolved,,BR,
NICAP,NICAP_DB_4656,"Tours, Indre-et-Loire, France",,,,unresolved,,FR,
NICAP,NICAP_DB_4657,"Redmond, OR",44.260694,-121.182425,5.0,place_exact,Redmond city,US,OR
NICAP,NICAP_DB_4658,"Palma de Majorca, Spain",,,,unresolved,,ES,
NICAP,NICAP_DB_4659,"Paso Fondo, Brazil",,,,unresolved,,BR,
NICAP,NICAP_DB_4660,"NW, MD",,,,unresolved,,US,MD
NICAP,NICAP_DB_4661,"Belt, MT",47.387201,-110.927737,5.0,place_exact,Belt town,US,MT
NICAP,NICAP_DB_4662,"Great Falls (10 mi. S of), MT",47.502518,-111.29997,5.145822858288933,place_exact,Great Falls city,US,MT
NICAP,NICAP_DB_4663,"St. Denis, Reunion, France",,,,unresolved,,FR,
NICAP,NICAP_DB_4664,"Mt. Vernon, IN",37.936988,-87.895861,5.0,place_exact,Mount Vernon city,US,IN
NICAP,NICAP_DB_4665,"Villa park, IL",41.885612,-87.978235,5.0,place_exact,Villa Park village,US,IL
NICAP,NICAP_DB_4666,"Chalus, Iran",36.655,51.4204,10.367738422626218,geonames_exact,Chālūs,IR,
NICAP,NICAP_DB_4667,"Huntington, IN",40.880825,-85.505497,5.0,place_exact,Huntington city,US,IN
NICAP,NICAP_DB_4668,"Great Falls, MT",47.502518,-111.29997,5.145822858288933,place_exact,Great Falls city,US,MT
NICAP,NICAP_DB_4669,"Kontich, Belgium",51.13213,4.44706,5.0,geonames_exact,Kontich,BE,
NICAP,NICAP_DB_4670,"Alliance, OH",40.911171,-81.119827,5.0,place_exact,Alliance city,US,OH
NICAP,NICAP_DB_4671,"Elmwood, WI",44.780073,-92.14897,5.0,place_exact,Elmwood village,US,WI
NICAP,NICAP_DB_4672,"Flintville, TN",35.060165,-86.416468,5.0,place_exact,Flintville CDP,US,TN
NICAP,NICAP_DB_4673,"Matapozuelos, Spain",41.41423,-4.79122,5.0,geonames_exact,Matapozuelos,ES,
NICAP,NICAP_DB_4674,"Fayetteville, TN",35.148964,-86.563478,5.0,place_exact,Fayetteville city,US,TN
NICAP,NICAP_DB_4675,"Braine-le-Comte, Belgium",50.60979,4.14658,5.0,geonames_exact,Braine-le-Comte,BE,
NICAP,NICAP_DB_4676,"Manchester, UK",53.48095,-2.23743,23.85363703924414,geonames_exact,Manchester,GB,
NICAP,NICAP_DB_4677,"Olavarria, Argentina",-36.89384,-60.32319,9.47211697562905,geonames_exact,Olavarría,AR,
NICAP,NICAP_DB_4678,"Sant'Onofrio, Abruzzi, Italy",,,,unresolved,,IT,
NICAP,NICAP_DB_4679,"Jamestown, TN",36.430786,-84.935589,5.0,place_exact,Jamestown city,US,TN
NICAP,NICAP_DB_4680,"Alamogordo, NM",32.883616,-105.96361,5.0,place_exact,Alamogordo city,US,NM
NICAP,NICAP_DB_4681,"Sedona, AZ",34.858517,-111.793057,5.0,place_exact,Sedona city,US,AZ
NICAP,NICAP_DB_4682,"Troy, MI",42.583882,-83.145533,6.204926035909785,place_exact,Troy city,US,MI
NICAP,NICAP_DB_4683,"Merced, CA",37.305712,-120.477905,5.173785590197311,place_exact,Merced city,US,CA
NICAP,NICAP_DB_4684,"Cincinnati, OH",39.140183,-84.505829,9.465592755988514,place_exact,Cincinnati city,US,OH
NICAP,NICAP_DB_4685,"Hotstun, Drome, France",,,,unresolved,,FR,
NICAP,NICAP_DB_4686,"Le Martinet, Drome, France",,,,unresolved,,FR,
NICAP,NICAP_DB_4687,"Strathmore, CA",36.146117,-119.064341,5.0,place_exact,Strathmore CDP,US,CA
NICAP,NICAP_DB_4688,"Central India, India",,,,unresolved,,IN,
NICAP,NICAP_DB_4689,"Galdar, Canary Islands, W. Africa",,,,unresolved,,US,
NICAP,NICAP_DB_4690,"Liberty, IN",39.635043,-84.925123,5.0,place_exact,Liberty town,US,IN
NICAP,NICAP_DB_4691,"Bilbao, Spain",43.26271,-2.92528,18.637113510412494,geonames_exact,Bilbao,ES,
NICAP,NICAP_DB_4692,"Gitchie Manitou Park, IA",,,,unresolved,,US,IA
NICAP,NICAP_DB_4693,"Tokyo, Japan",35.6895,139.69171,40.0,geonames_exact,Tokyo,JP,
NICAP,NICAP_DB_4694,"Gravel Switch, KY",,,,unresolved,,US,KY
NICAP,NICAP_DB_4695,"Germantown, WI",43.234527,-88.124999,6.2909677404284245,place_exact,Germantown village,US,WI
NICAP,NICAP_DB_4696,"Winsted (near), CT",41.925848,-73.067543,5.0,place_exact,Winsted CDP,US,CT
NICAP,NICAP_DB_4697,"Fort Ritchie, MD",39.70306,-77.507004,5.0,place_exact,Fort Ritchie CDP,US,MD
NICAP,NICAP_DB_4698,"In air space, Portugal",,,,unresolved,,PT,
NICAP,NICAP_DB_4699,"Vancouver, BC, CAN",,,,unresolved,,US,
NICAP,NICAP_DB_4700,"Connersville, IN",39.658023,-85.141747,5.0,place_exact,Connersville city,US,IN
NICAP,NICAP_DB_4701,"Central, FL",,,,unresolved,,US,FL
NICAP,NICAP_DB_4702,"Fayette County, IN",,,,unresolved,,US,IN
NICAP,NICAP_DB_4703,"Missile M-1, MT",,,,unresolved,,US,MT
NICAP,NICAP_DB_4704,"Cape Girardeau, MO",37.310088,-89.558028,5.785530341579182,place_exact,Cape Girardeau city,US,MO
NICAP,NICAP_DB_4705,"Port Austin, MI",44.042552,-82.995086,5.0,place_exact,Port Austin village,US,MI
NICAP,NICAP_DB_4706,"India 3 and India site, MT",,,,unresolved,,US,MT
NICAP,NICAP_DB_4707,"Colusa, CA",39.205787,-122.012419,5.0,place_exact,Colusa city,US,CA
NICAP,NICAP_DB_4708,"Teheran, Iran",35.69439,51.42151,60.0,geonames_fuzzy,Tehran,IR,
NICAP,NICAP_DB_4709,"Teheran, Iran",35.69439,51.42151,60.0,geonames_fuzzy,Tehran,IR,
NICAP,NICAP_DB_4710,"Rigdon, IN",,,,unresolved,,US,IN
NICAP,NICAP_DB_4711,"Akita Airport, Japan",39.71667,140.11667,17.540581518296364,geonames_exact,Akita,JP,
NICAP,NICAP_DB_4712,"Stockholm, Sweden",59.32938,18.06871,38.923219291317615,geonames_exact,Stockholm,SE,
NICAP,NICAP_DB_4713,"Winchester, MA",42.452752,-71.144319,5.0,place_exact,Winchester CDP,US,MA
NICAP,NICAP_DB_4714,"Hobling, France",,,,unresolved,,FR,
NICAP,NICAP_DB_4715,"Evansville, IN",37.987737,-87.534705,7.383131645100803,place_exact,Evansville city,US,IN
NICAP,NICAP_DB_4716,"Kolsva and Aland Island, Sweden",59.6,15.83333,5.0,geonames_exact,Kolsva,SE,
NICAP,NICAP_DB_4717,"Sollefted, Sweden",,,,unresolved,,SE,
NICAP,NICAP_DB_4718,"Contrexeville, France",48.18424,5.89572,5.0,geonames_exact,Contrexéville,FR,
NICAP,NICAP_DB_4719,"Caribou County, ID",,,,unresolved,,US,ID
NICAP,NICAP_DB_4720,"Creysseilles, France",,,,unresolved,,FR,
NICAP,NICAP_DB_4721,"Chabeiul, Drome, France",,,,unresolved,,FR,
NICAP,NICAP_DB_4722,"Valence, France",44.9256,4.90956,7.991495479570768,geonames_exact,Valence,FR,
NICAP,NICAP_DB_4723,"Leca de Palmeira, Oporto Province, Portugal",,,,unresolved,,PT,
NICAP,NICAP_DB_4724,"Eyragues,Bouches-Rhone Department, France",,,,unresolved,,FR,
NICAP,NICAP_DB_4725,"Carapito Beira Alta, Portugal",,,,unresolved,,PT,
NICAP,NICAP_DB_4727,"Carapito Beira Alta, Portugal",,,,unresolved,,PT,
NICAP,NICAP_DB_4728,"Moscow, Russia",55.75204,37.61781,40.0,geonames_exact,Moscow,RU,
NICAP,NICAP_DB_4729,"Bussieres-Saint-Georges, France",,,,unresolved,,FR,
NICAP,NICAP_DB_4730,"Bogota, Columbia",,,,unresolved,,US,
NICAP,NICAP_DB_4731,"Bogota, Columbia",,,,unresolved,,US,
NICAP,NICAP_DB_4732,"St. Bernard Parish, LA",,,,unresolved,,US,LA
NICAP,NICAP_DB_4733,"St. Bernard Parish, LA",,,,unresolved,,US,LA
NICAP,NICAP_DB_4734,"Anchorage, KY",38.269786,-85.537633,5.0,place_exact,Anchorage city,US,KY
NICAP,NICAP_DB_4735,"Prospect, KY",38.346892,-85.608871,5.0,place_exact,Prospect city,US,KY
NICAP,NICAP_DB_4736,"Prospect, KY",38.346892,-85.608871,5.0,place_exact,Prospect city,US,KY
NICAP,NICAP_DB_4737,"Clarksville, TN",36.56643,-87.345216,10.69676605334528,place_exact,Clarksville city,US,TN
NICAP,NICAP_DB_4738,"Pineville, MO",36.575504,-94.391543,5.0,place_exact,Pineville city,US,MO
NICAP,NICAP_DB_4739,"Louisville, KY",38.224728,-85.740614,8.412667802519932,place_exact,Louisville city,US,KY
NICAP,NICAP_DB_4740,"Tasmania, AU",,,,unresolved,,US,
NICAP,NICAP_DB_4741,"Basford, Staffordshire, UK",,,,unresolved,,GB,
NICAP,NICAP_DB_4742,"Newcastle-under-Lyme, UK",53.0,-2.23333,11.301637049560561,geonames_exact,Newcastle under Lyme,GB,
NICAP,NICAP_DB_4743,"Tucson, AZ",32.153036,-110.870773,16.65558603658911,place_exact,Tucson city,US,AZ
NICAP,NICAP_DB_4744,"Pembrokeshire, Walws",,,,unresolved,,US,
NICAP,NICAP_DB_4745,"Salto, Uruguay",,,,unresolved,,US,
NICAP,NICAP_DB_4746,"Langenargen, Lake Constance, Germany",,,,unresolved,,DE,
NICAP,NICAP_DB_4747,"Lumberton, OH",,,,unresolved,,US,OH
NICAP,NICAP_DB_4748,"McNatt, MO",,,,unresolved,,US,MO
NICAP,NICAP_DB_4749,"Sylmar, CA",34.30778,-118.44925,8.922667762502423,geonames_exact,Sylmar,US,CA
NICAP,NICAP_DB_4750,"Evansville, IN",37.987737,-87.534705,7.383131645100803,place_exact,Evansville city,US,IN
NICAP,NICAP_DB_4751,"Chaumont, Haute-Marne, France",,,,unresolved,,FR,
NICAP,NICAP_DB_4752,"Winchester, Hampshire, UK",,,,unresolved,,GB,
NICAP,NICAP_DB_4753,"Winchester, Hampshire, UK",,,,unresolved,,GB,
NICAP,NICAP_DB_4754,"Gatchelville, PA",,,,unresolved,,US,PA
NICAP,NICAP_DB_4755,"Nelson, Lancashire, UK",,,,unresolved,,GB,
NICAP,NICAP_DB_4756,"Indianapolis, IN",39.76838,-86.15804,29.79332139926665,geonames_exact,Indianapolis,US,IN
NICAP,NICAP_DB_4757,"Syracuse (south of), NY",43.040998,-76.143554,5.370829731056459,place_exact,Syracuse city,US,NY
NICAP,NICAP_DB_4758,"Pen-Y-Cwm, Pembrokeshire, Wales",,,,unresolved,,GB,
NICAP,NICAP_DB_4759,"Pen-Y-Cwm, Pembrokeshire, Wales",,,,unresolved,,GB,
NICAP,NICAP_DB_4760,"West Jacksonport, WI",,,,unresolved,,US,WI
NICAP,NICAP_DB_4761,"Pebble Beach, CA",,,,unresolved,,US,CA
NICAP,NICAP_DB_4762,"Los Angeles, CA",34.019394,-118.410825,23.2472560101187,place_exact,Los Angeles city,US,CA
NICAP,NICAP_DB_4763,"Farmland, IN",40.189537,-85.127331,5.0,place_exact,Farmland town,US,IN
NICAP,NICAP_DB_4764,"Farmland, IN",40.189537,-85.127331,5.0,place_exact,Farmland town,US,IN
NICAP,NICAP_DB_4765,"W. of California, Pacific Ocean",,,,unresolved,,US,
NICAP,NICAP_DB_4766,"Tucson, AZ",32.153036,-110.870773,16.65558603658911,place_exact,Tucson city,US,AZ
NICAP,NICAP_DB_4767,"Gorham, NH",44.393423,-71.19849,5.0,place_exact,Gorham CDP,US,NH
NICAP,NICAP_DB_4768,"Deerfield, IL",42.166069,-87.852467,5.0,place_exact,Deerfield village,US,IL
NICAP,NICAP_DB_4769,"Ste. Dorothee, Quebec, CAN",,,,unresolved,,US,
NICAP,NICAP_DB_4770,"Milford Haven, Pembrokeshire, Wales",,,,unresolved,,GB,
NICAP,NICAP_DB_4771,"Cedar Springs, MI",43.220435,-85.553027,5.0,place_exact,Cedar Springs city,US,MI
NICAP,NICAP_DB_4772,"Rising Sun, IN",38.953742,-84.853294,5.0,place_exact,Rising Sun city,US,IN
NICAP,NICAP_DB_4773,"Tucson, AZ",32.153036,-110.870773,16.65558603658911,place_exact,Tucson city,US,AZ
NICAP,NICAP_DB_4774,"Luxembourg, Germany",,,,unresolved,,DE,
NICAP,NICAP_DB_4775,"Little Haven, Pembrokeshire, Wales",,,,unresolved,,GB,
NICAP,NICAP_DB_4776,"Little Haven, Pembrokeshire, Wales",,,,unresolved,,GB,
NICAP,NICAP_DB_4777,"Little Haven, Pembrokeshire, Wales",,,,unresolved,,GB,
NICAP,NICAP_DB_4778,"Herbrandston, Pembrokeshire, Wales, UK",,,,unresolved,,GB,
NICAP,NICAP_DB_4779,"Pampa Lluscuma, Chile",,,,unresolved,,CL,
NICAP,NICAP_DB_4780,"Oxford, OH",39.505558,-84.744335,5.0,place_exact,Oxford city,US,OH
NICAP,NICAP_DB_4781,"Ragusa (near), Italy",36.92574,14.72443,8.61690199549699,geonames_exact,Ragusa,IT,
NICAP,NICAP_DB_4782,"Tabio, Cundinamarca province, Colombia",,,,unresolved,,CO,
NICAP,NICAP_DB_4783,"Encinitas, CA",33.050632,-117.263616,5.0,place_exact,Encinitas city,US,CA
NICAP,NICAP_DB_4784,"Undersaker, Jamtland, Sweden",,,,unresolved,,SE,
NICAP,NICAP_DB_4785,"Joliet, IL",41.517701,-88.148846,8.617731745908806,place_exact,Joliet city,US,IL
NICAP,NICAP_DB_4786,"Joliet, IL",41.517701,-88.148846,8.617731745908806,place_exact,Joliet city,US,IL
NICAP,NICAP_DB_4787,"Harding Township, NJ",,,,unresolved,,US,NJ
NICAP,NICAP_DB_4788,"Harding Township, NJ",,,,unresolved,,US,NJ
NICAP,NICAP_DB_4789,"Morristown, NJ",40.796562,-74.477318,5.0,place_exact,Morristown town,US,NJ
NICAP,NICAP_DB_4790,"Clearfield, PA",41.021498,-78.439398,5.0,place_exact,Clearfield borough,US,PA
NICAP,NICAP_DB_4791,"Bonner Springs, KS",39.075368,-94.871739,5.0,place_exact,Bonner Springs city,US,KS
NICAP,NICAP_DB_4792,"Lothian, Scotland",,,,unresolved,,GB,
NICAP,NICAP_DB_4793,"Belem do Para, Para State (near), Brazil",,,,unresolved,,BR,
NICAP,NICAP_DB_4794,"Pacific, MD",,,,unresolved,,US,MD
NICAP,NICAP_DB_4795,"Vienna, VA",38.898576,-77.258323,5.0,place_exact,Vienna town,US,VA
NICAP,NICAP_DB_4796,"Santiago, Chile",-33.45694,-70.64827,40.0,geonames_exact,Santiago,CL,
NICAP,NICAP_DB_4797,"Dowagiac, MI",41.983432,-86.112844,5.0,place_exact,Dowagiac city,US,MI
NICAP,NICAP_DB_4798,"Orange, Australia",-33.28397,149.10018,6.474565622495458,geonames_exact,Orange,AU,
NICAP,NICAP_DB_4799,"Yorkshire, UK",,,,unresolved,,GB,
NICAP,NICAP_DB_4800,"Crystal Lake, IL",42.233209,-88.33436,5.0,place_exact,Crystal Lake city,US,IL
NICAP,NICAP_DB_4801,"Middelburg, S. Africa",,,,unresolved,,US,
NICAP,NICAP_DB_4802,"Austin, TX",30.301157,-97.752695,19.19066469811704,place_exact,Austin city,US,TX
NICAP,NICAP_DB_4803,"Salford and Bury btn., UK",53.48771,-2.29042,11.392716971820198,geonames_exact,Salford,GB,
NICAP,NICAP_DB_4804,"Centeno, Arg",,,,unresolved,,US,
NICAP,NICAP_DB_4805,"Noupoort and Middelburg (btn), S.Africa",,,,unresolved,,US,
NICAP,NICAP_DB_4806,"La Caleta, Dominican Republic",,,,unresolved,,US,
NICAP,NICAP_DB_4807,"Abadan and Ahvaz btn., Iran",30.3392,48.3043,15.214335345324816,geonames_exact,Abadan,IR,
NICAP,NICAP_DB_4808,"Connersville, IN",39.658023,-85.141747,5.0,place_exact,Connersville city,US,IN
NICAP,NICAP_DB_4809,"Timaru, South Canterbury, NZ",,,,unresolved,,US,
NICAP,NICAP_DB_4810,"Aviano, Italy",46.07056,12.59472,5.0,geonames_exact,Aviano,IT,
NICAP,NICAP_DB_4811,"Arlington, VA",38.878337,-77.100703,5.470445441948336,place_exact,Arlington CDP,US,VA
NICAP,NICAP_DB_4812,"Toppenish, WA",46.380498,-120.312202,5.0,place_exact,Toppenish city,US,WA
NICAP,NICAP_DB_4814,"Steynsburg, South Africa",-31.29565,25.82338,5.0,geonames_exact,Steynsburg,ZA,
NICAP,NICAP_DB_4815,"Zhang Po, China",,,,unresolved,,CN,
NICAP,NICAP_DB_4816,"Jessup, MD",39.149094,-76.776388,5.0,place_exact,Jessup CDP,US,MD
NICAP,NICAP_DB_4817,"Flat Rock, MI",42.097866,-83.269827,5.0,place_exact,Flat Rock city,US,MI
NICAP,NICAP_DB_4818,"Pinheiro, Brazil",-2.52139,-45.0825,9.152977657571332,geonames_exact,Pinheiro,BR,
NICAP,NICAP_DB_4819,"Roseto Degli Abruzzi, Italy",42.67164,14.01481,5.0,geonames_exact,Roseto degli Abruzzi,IT,
NICAP,NICAP_DB_4820,"Mt. Vernon, IL",38.314205,-88.91747,5.0,place_exact,Mount Vernon city,US,IL
NICAP,NICAP_DB_4821,"Mayfield, KY",36.737459,-88.644491,5.0,place_exact,Mayfield city,US,KY
NICAP,NICAP_DB_4822,"Emden, MO",,,,unresolved,,US,MO
NICAP,NICAP_DB_4823,"Bellevue, KY",39.101248,-84.477492,5.0,place_exact,Bellevue city,US,KY
NICAP,NICAP_DB_4824,"Wakefield, MA",42.504361,-71.064061,5.0,place_exact,Wakefield CDP,US,MA
NICAP,NICAP_DB_4825,"Barra do Corda (near), Brazil",-5.50556,-45.24333,9.407018656301263,geonames_exact,Barra do Corda,BR,
NICAP,NICAP_DB_4826,"Palomares, Spain",,,,unresolved,,ES,
NICAP,NICAP_DB_4827,"Porter, TX",,,,unresolved,,US,TX
NICAP,NICAP_DB_4828,"Croix-en-Plaine, France",,,,unresolved,,FR,
NICAP,NICAP_DB_4829,"Lindley, NY",42.02841,-77.13969,5.0,geonames_exact,Lindley,US,NY
NICAP,NICAP_DB_4830,"Cruis (east of), France",,,,unresolved,,FR,
NICAP,NICAP_DB_4831,"Henderson, KY",37.840226,-87.579795,5.0,place_exact,Henderson city,US,KY
NICAP,NICAP_DB_4832,"Maldonada, Uraguay",,,,unresolved,,US,
NICAP,NICAP_DB_4833,"Normal, IL",40.521327,-88.988738,5.0,place_exact,Normal town,US,IL
NICAP,NICAP_DB_4834,"Berlin Heights, OH",41.322748,-82.487571,5.0,place_exact,Berlin Heights village,US,OH
NICAP,NICAP_DB_4835,"Thaxted, North Essex, UK",,,,unresolved,,GB,
NICAP,NICAP_DB_4836,"Campos, Brazil",,,,unresolved,,BR,
NICAP,NICAP_DB_4837,"Pelham, GA",31.126639,-84.151459,5.0,place_exact,Pelham city,US,GA
NICAP,NICAP_DB_4838,"Pelham, GA",31.126639,-84.151459,5.0,place_exact,Pelham city,US,GA
NICAP,NICAP_DB_4839,"Cairo, Egypt",30.06263,31.24967,40.0,geonames_exact,Cairo,EG,
NICAP,NICAP_DB_4840,"Pinheiro, Maranhao State, Brazil",,,,unresolved,,BR,
NICAP,NICAP_DB_4841,"Madison County, IN",,,,unresolved,,US,IN
NICAP,NICAP_DB_4842,"South Brunswick, NJ",,,,unresolved,,US,NJ
NICAP,NICAP_DB_4843,"Aurora, MO",36.967436,-93.718596,5.0,place_exact,Aurora city,US,MO
NICAP,NICAP_DB_4844,"Windermere, Cumbria, UK",,,,unresolved,,GB,
NICAP,NICAP_DB_4845,"Mediania Alta Loiza, PR",,,,unresolved,,US,PR
NICAP,NICAP_DB_4846,"Lewes, Sussex (near), UK",,,,unresolved,,GB,
NICAP,NICAP_DB_4847,"Billings, MT",45.789526,-108.55248,7.179670094556342,place_exact,Billings city,US,MT
NICAP,NICAP_DB_4848,"Havelock North (south of), NZ",,,,unresolved,,US,
NICAP,NICAP_DB_4849,"El Paso, TX",31.84778,-106.431106,17.247067538183604,place_exact,El Paso city,US,TX
NICAP,NICAP_DB_4850,"Omaha, NE",41.262705,-96.053475,12.765417902372889,place_exact,Omaha city,US,NE
NICAP,NICAP_DB_4851,"Griselles, France",,,,unresolved,,FR,
NICAP,NICAP_DB_4852,"Bellbrook, OH",39.6384,-84.085411,5.0,place_exact,Bellbrook city,US,OH
NICAP,NICAP_DB_4853,"Fostoria, OH",41.160234,-83.412441,5.0,place_exact,Fostoria city,US,OH
NICAP,NICAP_DB_4854,"Lima, OH",40.740679,-84.112091,5.0,place_exact,Lima city,US,OH
NICAP,NICAP_DB_4855,"Flemingsburg, KY",38.424568,-83.740487,5.0,place_exact,Flemingsburg city,US,KY
NICAP,NICAP_DB_4856,"Soviet Navy submarine tender, At Sea",,,,unresolved,,US,
NICAP,NICAP_DB_4857,"Champaign, IL",40.114099,-88.274619,5.137329743056104,place_exact,Champaign city,US,IL
NICAP,NICAP_DB_4858,"Toledo, OH",41.664071,-83.581861,9.625487116100786,place_exact,Toledo city,US,OH
NICAP,NICAP_DB_4859,"Asbygda Ringerike, Norway",,,,unresolved,,NO,
NICAP,NICAP_DB_4861,"In Air Space, Japan",,,,unresolved,,JP,
NICAP,NICAP_DB_4862,"Dallas, TX",32.793333,-96.766513,19.771028658676872,place_exact,Dallas city,US,TX
NICAP,NICAP_DB_4863,"In Air Space, Sardinia",,,,unresolved,,US,
NICAP,NICAP_DB_4864,"Sonora (near), CA",37.981707,-120.382755,5.0,place_exact,Sonora city,US,CA
NICAP,NICAP_DB_4865,"Sonora (near), CA",37.981707,-120.382755,5.0,place_exact,Sonora city,US,CA
NICAP,NICAP_DB_4866,"Waimata Valley, Gisborne, NZ",,,,unresolved,,US,
NICAP,NICAP_DB_4867,"Columbia, KY",37.103437,-85.307537,5.0,place_exact,Columbia city,US,KY
NICAP,NICAP_DB_4868,"Ellsworth AFB, SD",44.1570836670001,-103.094007763,10.0,dod_site,Ellsworth AFB,US,SD
NICAP,NICAP_DB_4871,"Troy, MO",38.969985,-90.967467,5.0,place_exact,Troy city,US,MO
NICAP,NICAP_DB_4872,"Waimata Valley, Gisborne, NZ",,,,unresolved,,US,
NICAP,NICAP_DB_4873,"Fort Mitchell, KY",39.045546,-84.556154,5.0,place_exact,Fort Mitchell city,US,KY
NICAP,NICAP_DB_4874,"Danville, KY",37.642067,-84.776793,5.0,place_exact,Danville city,US,KY
NICAP,NICAP_DB_4875,"Novy Georgy Island (near), Russia",,,,unresolved,,RU,
NICAP,NICAP_DB_4877,"Tatapouri, NZ",,,,unresolved,,US,
NICAP,NICAP_DB_4879,"Los Angeles, CA",34.019394,-118.410825,23.2472560101187,place_exact,Los Angeles city,US,CA
NICAP,NICAP_DB_4880,"Oxnard to Los Angeles, CA",,,,unresolved,,US,CA
NICAP,NICAP_DB_4881,"Kunanurra, N. Territory, AU",,,,unresolved,,US,
NICAP,NICAP_DB_4882,"In Air Space, TN",,,,unresolved,,US,TN
NICAP,NICAP_DB_4883,"Leitchville, Victoria, AU",,,,unresolved,,US,
NICAP,NICAP_DB_4885,"Saint Ciers du Taillon, France",,,,unresolved,,FR,
NICAP,NICAP_DB_4887,"Uzes (just north of), France",44.01251,4.41973,5.0,geonames_exact,Uzès,FR,
NICAP,NICAP_DB_4889,"La Aurora, Uruguay",,,,unresolved,,US,
NICAP,NICAP_DB_4890,"St-Nazaire, Loire-Atlantic department, France",,,,unresolved,,FR,
NICAP,NICAP_DB_4891,"Colorado & So. Dakota, Various",,,,unresolved,,US,
NICAP,NICAP_DB_4892,"Kenyon, RI",,,,unresolved,,US,RI
NICAP,NICAP_DB_4893,"Guadalajara, Spain",40.62862,-3.16185,9.66798841538404,geonames_exact,Guadalajara,ES,
NICAP,NICAP_DB_4895,"Fort Mitchell, KY",39.045546,-84.556154,5.0,place_exact,Fort Mitchell city,US,KY
NICAP,NICAP_DB_4896,"N. Atlantic, At Sea",,,,unresolved,,US,
NICAP,NICAP_DB_4897,"In Air Space, NC",,,,unresolved,,US,NC
NICAP,NICAP_DB_4898,"Norman, OK",35.240569,-97.345299,14.345395591152815,place_exact,Norman city,US,OK
NICAP,NICAP_DB_4899,"Keith (near), S.AU",,,,unresolved,,US,
NICAP,NICAP_DB_4900,"Santa Monica, CA",34.010911,-118.498245,5.0,place_exact,Santa Monica city,US,CA
NICAP,NICAP_DB_4901,"Klamath Falls, OR",42.218845,-121.778718,5.0,place_exact,Klamath Falls city,US,OR
NICAP,NICAP_DB_4902,"Santo Antonio de Caparica, Estremadura, Portugal",,,,unresolved,,PT,
NICAP,NICAP_DB_4905,"South Middleton, MA",,,,unresolved,,US,MA
NICAP,NICAP_DB_4906,"Grafton, New South Wales (near), AU",,,,unresolved,,US,
NICAP,NICAP_DB_4908,"Chicago, IL",41.837045,-87.684939,16.190785623653692,place_exact,Chicago city,US,IL
NICAP,NICAP_DB_4909,"Los Angeles, CA",34.019394,-118.410825,23.2472560101187,place_exact,Los Angeles city,US,CA
NICAP,NICAP_DB_4910,"Washinton County, IN",,,,unresolved,,US,IN
NICAP,NICAP_DB_4911,"Fort Dix/McGuire AFB, NJ",40.005611,-74.611072,5.0,place_exact,Fort Dix CDP,US,NJ
NICAP,NICAP_DB_4912,"Leicester and Hinckley (btn), UK",52.6386,-1.13169,19.198958305074783,geonames_exact,Leicester,GB,
NICAP,NICAP_DB_4913,"Fordsham, Cheshire County, UK",,,,unresolved,,GB,
NICAP,NICAP_DB_4916,"Pawleena, Tasmania",,,,unresolved,,US,
NICAP,NICAP_DB_4917,"Gainsborough, Lincolnshire, UK",,,,unresolved,,GB,
NICAP,NICAP_DB_4919,"Orange, CA",33.786971,-117.861265,5.435630066719241,place_exact,Orange city,US,CA
NICAP,NICAP_DB_4920,"Saline, MI",42.174728,-83.777123,5.0,place_exact,Saline city,US,MI
NICAP,NICAP_DB_4921,"Sesto Fiorentino, Toscana, Italy",,,,unresolved,,IT,
NICAP,NICAP_DB_4924,"Many Locations, MN",,,,unresolved,,US,MN
NICAP,NICAP_DB_4925,"Toledo, OH",41.664071,-83.581861,9.625487116100786,place_exact,Toledo city,US,OH
NICAP,NICAP_DB_4926,"Sylva, NC",35.375434,-83.218481,5.0,place_exact,Sylva town,US,NC
NICAP,NICAP_DB_4927,"Summerville, SC",33.002142,-80.179589,5.0,place_exact,Summerville town,US,SC
NICAP,NICAP_DB_4928,"Indianapolis, IN",39.76838,-86.15804,29.79332139926665,geonames_exact,Indianapolis,US,IN
NICAP,NICAP_DB_4929,"Albury, New South Wales, AU",,,,unresolved,,US,
NICAP,NICAP_DB_4930,"Strinestown, PA",,,,unresolved,,US,PA
NICAP,NICAP_DB_4931,"Evansville, IN",37.987737,-87.534705,7.383131645100803,place_exact,Evansville city,US,IN
NICAP,NICAP_DB_4932,"Goleta, CA",34.435441,-119.858946,5.0,place_exact,Goleta city,US,CA
NICAP,NICAP_DB_4933,"Escazu, Costa Rica",,,,unresolved,,US,
NICAP,NICAP_DB_4936,"Pelotas, Rio Grande do Sul, Brazil",,,,unresolved,,BR,
NICAP,NICAP_DB_4938,"Pinecastle Electronic Warfare Range, FL",,,,unresolved,,US,FL
NICAP,NICAP_DB_4939,"Caujimolpa and Obregon (btn), Mexico",,,,unresolved,,MX,
NICAP,NICAP_DB_4940,"Emilcin, Poland",,,,unresolved,,PL,
NICAP,NICAP_DB_4941,"Tuscaloosa, AL",33.234404,-87.5283,8.440996702601733,place_exact,Tuscaloosa city,US,AL
NICAP,NICAP_DB_4942,"Bellaria, Italy",,,,unresolved,,IT,
NICAP,NICAP_DB_4944,"New Paltz, NY",41.749942,-74.079738,5.0,place_exact,New Paltz village,US,NY
NICAP,NICAP_DB_4945,"Los Angeles, CA",34.019394,-118.410825,23.2472560101187,place_exact,Los Angeles city,US,CA
NICAP,NICAP_DB_4946,"Williamson, WV",37.674102,-82.271077,5.0,place_exact,Williamson city,US,WV
NICAP,NICAP_DB_4948,"Madison, WI",43.087815,-89.429856,9.570485997180196,place_exact,Madison city,US,WI
NICAP,NICAP_DB_4949,"Wisconsin airspace, WI",,,,unresolved,,US,WI
NICAP,NICAP_DB_4950,"Medway, MA",42.14176,-71.39673,5.0,geonames_exact,Medway,US,MA
NICAP,NICAP_DB_4951,"Ayacucho, Argentina",-37.15276,-58.48838,5.0,geonames_exact,Ayacucho,AR,
NICAP,NICAP_DB_4952,"Mt. Etna, Sicily, Italy",,,,unresolved,,IT,
NICAP,NICAP_DB_4954,"Santa Paula, CA",34.35495,-119.06628,5.0,place_exact,Santa Paula city,US,CA
NICAP,NICAP_DB_4955,"Los Angeles, CA",34.019394,-118.410825,23.2472560101187,place_exact,Los Angeles city,US,CA
NICAP,NICAP_DB_4956,"Schaumburg, IL",42.0289,-88.083773,5.0,place_exact,Schaumburg village,US,IL
NICAP,NICAP_DB_4957,"Mendoza, Argentina",-32.88946,-68.84582,10.71881523303765,geonames_exact,Mendoza,AR,
NICAP,NICAP_DB_4958,"Lempdes, Puy-de-Dome, France",,,,unresolved,,FR,
NICAP,NICAP_DB_4961,"Katta-Kurgan, Uzbekistan",,,,unresolved,,US,
NICAP,NICAP_DB_4962,"Can Cifre, Ibiza, Spain",,,,unresolved,,ES,
NICAP,NICAP_DB_4965,"Wiener Neustadt (near), Austria",47.80485,16.23196,6.694774081326419,geonames_exact,Wiener Neustadt,AT,
NICAP,NICAP_DB_4966,"In air space, Iran",,,,unresolved,,IR,
NICAP,NICAP_DB_4968,"Farningham, UK",,,,unresolved,,GB,
NICAP,NICAP_DB_4970,"Iracauba, Brazil",,,,unresolved,,BR,
NICAP,NICAP_DB_4972,"Castanheira de Pera, Portugal",40.00717,-8.21048,5.0,geonames_exact,Castanheira de Pera,PT,
NICAP,NICAP_DB_4974,"Lurate Caccivio, Italy",45.76701,8.99897,5.0,geonames_exact,Lurate Caccivio,IT,
NICAP,NICAP_DB_4975,"Lake Michigan, At Sea",,,,unresolved,,US,
NICAP,NICAP_DB_4976,"Union, MO",38.437882,-90.995801,5.0,place_exact,Union city,US,MO
NICAP,NICAP_DB_4977,"Sheffield Village, OH",,,,unresolved,,US,OH
NICAP,NICAP_DB_4978,"Union, MO",38.437882,-90.995801,5.0,place_exact,Union city,US,MO
NICAP,NICAP_DB_4979,"Clarksville, TN",36.56643,-87.345216,10.69676605334528,place_exact,Clarksville city,US,TN
NICAP,NICAP_DB_4981,"Peoria, IL",40.751641,-89.617198,7.430516058046634,place_exact,Peoria city,US,IL
NICAP,NICAP_DB_4982,"Belton, MO",38.81873,-94.529639,5.0,place_exact,Belton city,US,MO
NICAP,NICAP_DB_4983,"General Belgrano, Santa Fe, Argentina",,,,unresolved,,AR,
NICAP,NICAP_DB_4984,"Roosevelt, UT",40.292395,-110.00929,5.0,place_exact,Roosevelt city,US,UT
NICAP,NICAP_DB_4985,"Buffalo Shoals, NC",,,,unresolved,,US,NC
NICAP,NICAP_DB_4986,"Toledo, OH",41.664071,-83.581861,9.625487116100786,place_exact,Toledo city,US,OH
NICAP,NICAP_DB_4987,"Indianapolis, IN",39.76838,-86.15804,29.79332139926665,geonames_exact,Indianapolis,US,IN
NICAP,NICAP_DB_4988,"Perth, AU",,,,unresolved,,US,
NICAP,NICAP_DB_4989,"Moscow, PA",41.342168,-75.527938,5.0,place_exact,Moscow borough,US,PA
NICAP,NICAP_DB_4990,"Ginghamsburg, OH",,,,unresolved,,US,OH
NICAP,NICAP_DB_4991,"Ottumwa, IA",41.022251,-92.423263,5.0,place_exact,Ottumwa city,US,IA
NICAP,NICAP_DB_4992,"Hyannis, MA",41.65289,-70.2828,5.0,geonames_exact,Hyannis,US,MA
NICAP,NICAP_DB_4994,"Provincetown, MA",42.056519,-70.178454,5.0,place_exact,Provincetown CDP,US,MA
NICAP,NICAP_DB_4996,"In air space, W. Germany",,,,unresolved,,DE,
NICAP,NICAP_DB_4997,"Guemes, Cordoba province, Argentina",,,,unresolved,,AR,
NICAP,NICAP_DB_4998,"Union County, IN",,,,unresolved,,US,IN
NICAP,NICAP_DB_5000,"Nisula, MI",,,,unresolved,,US,MI
NICAP,NICAP_DB_5001,"San Juan and San Luis (btn), Argentina",-31.53726,-68.52568,10.446195479694989,geonames_exact,San Juan,AR,
NICAP,NICAP_DB_5003,"Waterford, OH",39.538652,-81.644233,5.0,place_exact,Waterford CDP,US,OH
NICAP,NICAP_DB_5004,"Llanerchymedd, Anglesey, Wales, UK",,,,unresolved,,GB,
NICAP,NICAP_DB_5007,"San Michele, Italy",46.45472,11.26178,5.0,geonames_exact,San Michele,IT,
NICAP,NICAP_DB_5009,"Venado Tuerto, Argentina",-33.74585,-61.96711,8.505292469985967,geonames_exact,Venado Tuerto,AR,
NICAP,NICAP_DB_5011,"Cordoba, Argentina",-31.40648,-64.18853,40.0,geonames_exact,Córdoba,AR,
NICAP,NICAP_DB_5012,"Delano, TN",35.25645,-84.561726,5.0,place_exact,Delano CDP,US,TN
NICAP,NICAP_DB_5014,"Carpentersville, IL",42.122736,-88.293896,5.0,place_exact,Carpentersville village,US,IL
NICAP,NICAP_DB_5018,"Maatsuyker Island, Tasmania, AU",,,,unresolved,,US,
NICAP,NICAP_DB_5020,"Torrita di Siena, Italy",43.17245,11.78376,5.0,geonames_exact,Torrita di Siena,IT,
NICAP,NICAP_DB_5021,"Melaria, Porto Nogaro district, Italy",,,,unresolved,,IT,
NICAP,NICAP_DB_5022,"Buenos Aires Province, Argentina",,,,unresolved,,AR,
NICAP,NICAP_DB_5023,"Rosario, Argentina",-32.94682,-60.63932,30.79467486433328,geonames_exact,Rosario,AR,
NICAP,NICAP_DB_5024,"Greenfield, IN",39.793283,-85.772548,5.0,place_exact,Greenfield city,US,IN
NICAP,NICAP_DB_5027,"Strongsville, OH",41.312955,-81.83169,5.323734779269155,place_exact,Strongsville city,US,OH
NICAP,NICAP_DB_5028,"Omaha, NE",41.262705,-96.053475,12.765417902372889,place_exact,Omaha city,US,NE
NICAP,NICAP_DB_5030,"Bogota, Columbia",,,,unresolved,,US,
NICAP,NICAP_DB_5031,"Jenkins, MO",,,,unresolved,,US,MO
NICAP,NICAP_DB_5032,"Oil Fields, Kuwait",,,,unresolved,,US,
NICAP,NICAP_DB_5033,"Bass Strait, AU",,,,unresolved,,US,
NICAP,NICAP_DB_5034,"Kansu Province, China",,,,unresolved,,CN,
NICAP,NICAP_DB_5035,"Tagliocozzo, Abruzzi, Italy",,,,unresolved,,IT,
NICAP,NICAP_DB_5037,"Carmo Da Cachoeira, Minas Gerais, Brazil",,,,unresolved,,BR,
NICAP,NICAP_DB_5040,"Santiago, Chile",-33.45694,-70.64827,40.0,geonames_exact,Santiago,CL,
NICAP,NICAP_DB_5041,"San Benedetto del Tronto, Italy",42.9568,13.87676,6.772960947768708,geonames_exact,San Benedetto del Tronto,IT,
NICAP,NICAP_DB_5042,"In oil fields, Kuwait",,,,unresolved,,US,
NICAP,NICAP_DB_5044,"Bragg Creek, Alberta, Can",,,,unresolved,,US,
NICAP,NICAP_DB_5046,"Oil Fields, Kuwait",,,,unresolved,,US,
NICAP,NICAP_DB_5047,"Rowlands Castle (near), UK",,,,unresolved,,GB,
NICAP,NICAP_DB_5048,"Newfoundland, CAN",,,,unresolved,,US,
NICAP,NICAP_DB_5049,"Kordel, Germany",49.83333,6.63333,5.0,geonames_exact,Kordel,DE,
NICAP,NICAP_DB_5050,"Atlantic Ocean, At Sea",,,,unresolved,,US,
NICAP,NICAP_DB_5051,"Trier, Germany",49.75565,6.63935,10.0064479212156,geonames_exact,Trier,DE,
NICAP,NICAP_DB_5052,"Richmond, KY",37.730691,-84.292318,5.0,place_exact,Richmond city,US,KY
NICAP,NICAP_DB_5054,"Rapatee, IL",,,,unresolved,,US,IL
NICAP,NICAP_DB_5055,"Giulianova, Italy",42.75381,13.9665,5.0,geonames_exact,Giulianova,IT,
NICAP,NICAP_DB_5057,"Leme, Brazil",-22.18556,-47.39028,10.076556951657645,geonames_exact,Leme,BR,
NICAP,NICAP_DB_5059,"Siberia (Amur region of), Russia",,,,unresolved,,RU,
NICAP,NICAP_DB_5061,"Portegrandi, Italy",,,,unresolved,,IT,
NICAP,NICAP_DB_5062,"Reggio di Calabria, Sicily, Italy",,,,unresolved,,IT,
NICAP,NICAP_DB_5063,"Avellino, Italy",40.91494,14.79103,6.935704722665175,geonames_exact,Avellino,IT,
NICAP,NICAP_DB_5064,"Navelli, Abruzzi, Italy",,,,unresolved,,IT,
NICAP,NICAP_DB_5067,"Arembepe, Brazil",,,,unresolved,,BR,
NICAP,NICAP_DB_5069,"Marzocca, Italy",,,,unresolved,,IT,
NICAP,NICAP_DB_5070,"Burghausen, Bavaria, Germany",,,,unresolved,,DE,
NICAP,NICAP_DB_5074,"Navelli (near), Italy",42.23721,13.72961,5.0,geonames_exact,Navelli,IT,
NICAP,NICAP_DB_5077,"Brindisi AFB, Italy",40.63215,17.93607,9.334934386486067,geonames_exact,Brindisi,IT,
NICAP,NICAP_DB_5079,"Brewer, ME",44.784461,-68.734559,5.0,place_exact,Brewer city,US,ME
NICAP,NICAP_DB_5083,"Park Ridge, IL",42.011762,-87.843434,5.0,place_exact,Park Ridge city,US,IL
NICAP,NICAP_DB_5084,"London Mills, IL",40.710577,-90.266154,5.0,place_exact,London Mills village,US,IL
NICAP,NICAP_DB_5085,"Pomeroy, WA",46.47376,-117.596541,5.0,place_exact,Pomeroy city,US,WA
NICAP,NICAP_DB_5086,"Sarandi del Yi, Uruguay",,,,unresolved,,US,
NICAP,NICAP_DB_5087,"Ragusa, Italy",36.92574,14.72443,8.61690199549699,geonames_exact,Ragusa,IT,
NICAP,NICAP_DB_5090,"Catania, Italy",37.49223,15.07041,17.651742123654536,geonames_exact,Catania,IT,
NICAP,NICAP_DB_5093,"Francavilla, Italy",,,,unresolved,,IT,
NICAP,NICAP_DB_5095,"Abbington, IN",,,,unresolved,,US,IN
NICAP,NICAP_DB_5097,"Calama, Chile",-22.45667,-68.92371,12.897053927157163,geonames_exact,Calama,CL,
NICAP,NICAP_DB_5098,"Caracas, Venezuela",10.48801,-66.87919,40.0,geonames_exact,Caracas,VE,
NICAP,NICAP_DB_5099,"Las Vegas, NV",36.233499,-115.264037,12.777164439386036,place_exact,Las Vegas city,US,NV
NICAP,NICAP_DB_5101,"Montebello di Bertona, Italy",42.41686,13.87119,5.0,geonames_exact,Montebello di Bertona,IT,
NICAP,NICAP_DB_5102,"Sorrento, Italy",40.62678,14.37771,5.0,geonames_exact,Sorrento,IT,
NICAP,NICAP_DB_5103,"Resistencia, Argentina",-27.46363,-58.98665,17.05265375242223,geonames_exact,Resistencia,AR,
NICAP,NICAP_DB_5105,"Santa Fe, Argentina",-31.64881,-60.70868,19.77786641678015,geonames_exact,Santa Fe,AR,
NICAP,NICAP_DB_5106,"La Rioja, Argentina",-29.41328,-66.85637,13.374303720194185,geonames_exact,La Rioja,AR,
NICAP,NICAP_DB_5108,"New Zealand, NZ",,,,unresolved,,US,
NICAP,NICAP_DB_5109,"San Martin department, Peru",,,,unresolved,,PE,
NICAP,NICAP_DB_5110,"San Bernardino County, CA",,,,unresolved,,US,CA
NICAP,NICAP_DB_5111,"Cicagna, Liguria, Italy",,,,unresolved,,IT,
NICAP,NICAP_DB_5112,"Hemel Hempstead, UK",51.75368,-0.44975,9.795968558544887,geonames_exact,Hemel Hempstead,GB,
NICAP,NICAP_DB_5113,"Santa Tecla, Italy",,,,unresolved,,IT,
NICAP,NICAP_DB_5114,"L'Aquila, Italy",42.35055,13.39954,5.804394886635471,geonames_exact,L'Aquila,IT,
NICAP,NICAP_DB_5115,"Marzano Di Torriglia, Italy",,,,unresolved,,IT,
NICAP,NICAP_DB_5116,"In air space, NZ",,,,unresolved,,US,
NICAP,NICAP_DB_5117,"South Island air space, NZ",,,,unresolved,,US,
NICAP,NICAP_DB_5119,"Bayford, UK",,,,unresolved,,GB,
NICAP,NICAP_DB_5120,"Posada, Italy",40.63203,9.71904,5.0,geonames_exact,Posada,IT,
NICAP,NICAP_DB_5121,"Carlisle, Cumbria, UK",,,,unresolved,,GB,
NICAP,NICAP_DB_5122,"Edinborough, Scotland",,,,unresolved,,GB,
NICAP,NICAP_DB_5123,"Hull, UK",,,,unresolved,,GB,
NICAP,NICAP_DB_5124,"Homestead, FL",25.466326,-80.443046,5.0,place_exact,Homestead city,US,FL
NICAP,NICAP_DB_5125,"Zermatt, Switzerland",46.01998,7.74863,5.0,geonames_exact,Zermatt,CH,
NICAP,NICAP_DB_5127,"Denbigh, North Wales",53.18333,-3.41667,5.0,geonames_exact,Denbigh,GB,
NICAP,NICAP_DB_5128,"Mindalore, S, Africa",,,,unresolved,,US,
NICAP,NICAP_DB_5130,"Miami, FL",25.775163,-80.208615,6.4369903595460585,place_exact,Miami city,US,FL
NICAP,NICAP_DB_5133,"Auburn, MA",42.19454,-71.83563,5.0,geonames_exact,Auburn,US,MA
NICAP,NICAP_DB_5134,"Bannalec, Finistere, France",,,,unresolved,,FR,
NICAP,NICAP_DB_5135,"Sturbridge, MA",42.097106,-72.054995,5.0,place_exact,Sturbridge CDP,US,MA
NICAP,NICAP_DB_5137,"Rome City, IN",41.489413,-85.358787,5.0,place_exact,Rome City town,US,IN
NICAP,NICAP_DB_5138,"San Croce Sull'Arno, Italy",43.71709,10.77242,7.5,geonames_fuzzy,Santa Croce sull'Arno,IT,
NICAP,NICAP_DB_5140,"Tunis, Tunisia",,,,unresolved,,US,
NICAP,NICAP_DB_5141,"Viterbo, Italy",42.41937,12.1056,6.865420598914534,geonames_exact,Viterbo,IT,
NICAP,NICAP_DB_5143,"City of David, Panama",,,,unresolved,,PA,
NICAP,NICAP_DB_5144,"Metzeral, France",48.01217,7.07091,5.0,geonames_exact,Metzeral,FR,
NICAP,NICAP_DB_5146,"Lusiana, Italy",45.78428,11.57478,5.0,geonames_exact,Lusiana,IT,
NICAP,NICAP_DB_5149,"Tyler, TX",32.317258,-95.305886,8.132414948149712,place_exact,Tyler city,US,TX
NICAP,NICAP_DB_5151,"Lindale (near), TX",32.494132,-95.407344,5.0,place_exact,Lindale city,US,TX
NICAP,NICAP_DB_5155,"Toquilla (near Tunja), Colombia",,,,unresolved,,CO,
NICAP,NICAP_DB_5158,"Vannes, France",47.65688,-2.76205,7.349829930005184,geonames_exact,Vannes,FR,
NICAP,NICAP_DB_5160,"Cornwall County, UK",,,,unresolved,,GB,
NICAP,NICAP_DB_5162,"Lawitta, Tasmania, AU",,,,unresolved,,US,
NICAP,NICAP_DB_5163,"Liverpool Creek, Qnsld., AU",,,,unresolved,,US,
NICAP,NICAP_DB_5164,"Wiltshire (near), UK",,,,unresolved,,GB,
NICAP,NICAP_DB_5165,"Baleares Islands (near), Mediterranean Sea",,,,unresolved,,US,
NICAP,NICAP_DB_5167,"Fano, Italy",43.84052,13.01665,7.80884114321709,geonames_exact,Fano,IT,
NICAP,NICAP_DB_5168,"Lardit, Aveyron district, France",,,,unresolved,,FR,
NICAP,NICAP_DB_5171,"Meanwood, UK",,,,unresolved,,GB,
NICAP,NICAP_DB_5172,"Serodino, Santa Fe province, Argentina",,,,unresolved,,AR,
NICAP,NICAP_DB_5175,"Rivera, Uruguay",,,,unresolved,,US,
NICAP,NICAP_DB_5177,"Westminster, SC",34.666556,-83.090658,5.0,place_exact,Westminster city,US,SC
NICAP,NICAP_DB_5178,"Isere, France",,,,unresolved,,FR,
NICAP,NICAP_DB_5180,"Bigand, Argentina",,,,unresolved,,AR,
NICAP,NICAP_DB_5183,"Talisay, Philippines",10.24472,123.84944,11.538977424364777,geonames_exact,Talisay,PH,
NICAP,NICAP_DB_5184,"Croy, UK",55.96064,-4.03932,5.0,geonames_exact,Croy,GB,
NICAP,NICAP_DB_5186,"St. Jacques de Nehou, Manche department, France",,,,unresolved,,FR,
NICAP,NICAP_DB_5187,"Makapu'u, HI",,,,unresolved,,US,HI
NICAP,NICAP_DB_5188,"Vizcacheras, Argentina",,,,unresolved,,AR,
NICAP,NICAP_DB_5189,"Pampulhas, Belo Horizonte, Brazil",,,,unresolved,,BR,
NICAP,NICAP_DB_5190,"Brisbane, Queensland, AU",,,,unresolved,,US,
NICAP,NICAP_DB_5191,"Baependi, Minas Gerais State (near), Brazil",,,,unresolved,,BR,
NICAP,NICAP_DB_5192,"Charleston, SC",32.828017,-79.972896,11.493411581326834,place_exact,Charleston city,US,SC
NICAP,NICAP_DB_5194,"Bukit Mertajam, Malaysia",,,,unresolved,,US,
NICAP,NICAP_DB_5197,"Charleston, MO",36.916934,-89.333912,5.0,place_exact,Charleston city,US,MO
NICAP,NICAP_DB_5199,"Colusa, CA",39.205787,-122.012419,5.0,place_exact,Colusa city,US,CA
NICAP,NICAP_DB_5201,"Colusa, CA",39.205787,-122.012419,5.0,place_exact,Colusa city,US,CA
NICAP,NICAP_DB_5202,"Kulim, Malaysia",,,,unresolved,,US,
NICAP,NICAP_DB_5204,"Manila, Philippines",14.6042,120.9822,40.0,geonames_exact,Manila,PH,
NICAP,NICAP_DB_5206,"Hailey, ID",43.512674,-114.299499,5.0,place_exact,Hailey city,US,ID
NICAP,NICAP_DB_5207,"Hailey, ID",43.512674,-114.299499,5.0,place_exact,Hailey city,US,ID
NICAP,NICAP_DB_5208,"Pine Ridge, SC",33.902307,-81.092591,5.0,place_exact,Pine Ridge town,US,SC
NICAP,NICAP_DB_5209,"Mirassol, Sao Paolo State, Brazil",,,,unresolved,,BR,
NICAP,NICAP_DB_5211,"Rauma, Finland",61.12724,21.51127,6.237707912366529,geonames_exact,Rauma,FI,
NICAP,NICAP_DB_5214,"Gorgona (offshore of), Italy",,,,unresolved,,IT,
NICAP,NICAP_DB_5217,"Wheeling, IL",42.129614,-87.921503,5.0,place_exact,Wheeling village,US,IL
NICAP,NICAP_DB_5219,"Gulf of Alaska, S. of Seward, AK",,,,unresolved,,US,AK
NICAP,NICAP_DB_5220,"Santa Clarita Valley, CA",,,,unresolved,,US,CA
NICAP,NICAP_DB_5221,"Great Bear Lake, NWT, Can",,,,unresolved,,US,
NICAP,NICAP_DB_5223,"Belfort, France",47.64218,6.85385,7.38660950639737,geonames_exact,Belfort,FR,
NICAP,NICAP_DB_5224,"West Plains, MO",36.73743,-91.867957,5.0,place_exact,West Plains city,US,MO
NICAP,NICAP_DB_5225,"Canoga Park, CA",34.20112,-118.59814,7.783187007903639,geonames_exact,Canoga Park,US,CA
NICAP,NICAP_DB_5227,"Merom, IN",39.055964,-87.56722,5.0,place_exact,Merom town,US,IN
NICAP,NICAP_DB_5228,"Lewisboro, NY",,,,unresolved,,US,NY
NICAP,NICAP_DB_5229,"Le Delus, France",,,,unresolved,,FR,
NICAP,NICAP_DB_5231,"Canoga Park, CA",34.20112,-118.59814,7.783187007903639,geonames_exact,Canoga Park,US,CA
NICAP,NICAP_DB_5232,"Hayford, CA",36.327418,-119.654886,7.5,place_fuzzy,Hanford city,US,CA
NICAP,NICAP_DB_5233,"Wheatridge, CO",39.772675,-105.104801,7.5,place_fuzzy,Wheat Ridge city,US,CO
NICAP,NICAP_DB_5234,"East Didsbury, UK",,,,unresolved,,GB,
NICAP,NICAP_DB_5235,"Sitio Dentro, Rio Grande do Norte, Brazil",,,,unresolved,,BR,
NICAP,NICAP_DB_5236,"Marshall County, MN",,,,unresolved,,US,MN
NICAP,NICAP_DB_5237,"Ernestowo, Poland",,,,unresolved,,PL,
NICAP,NICAP_DB_5238,"Petushka, Russia",,,,unresolved,,RU,
NICAP,NICAP_DB_5241,"Gateshead, UK",54.96209,-1.60168,8.811866998542364,geonames_exact,Gateshead,GB,
NICAP,NICAP_DB_5243,"Chicago, IL",41.837045,-87.684939,16.190785623653692,place_exact,Chicago city,US,IL
NICAP,NICAP_DB_5244,"Canoga Park, CA",34.20112,-118.59814,7.783187007903639,geonames_exact,Canoga Park,US,CA
NICAP,NICAP_DB_5245,"Oakenholt, Wales, UK",,,,unresolved,,GB,
NICAP,NICAP_DB_5247,"Eichstatt, Germany",48.88854,11.19675,7.5,geonames_fuzzy,Eichstätt,DE,
NICAP,NICAP_DB_5248,"Barrio La Gloria, Mendoza province, Arg",,,,unresolved,,US,
NICAP,NICAP_DB_5250,"Sztum, Poland",53.92077,19.03072,5.0,geonames_exact,Sztum,PL,
NICAP,NICAP_DB_5252,"Dexter, Ia",41.515385,-94.227621,5.0,place_exact,Dexter city,US,IA
NICAP,NICAP_DB_5253,"Nord, France",,,,unresolved,,FR,
NICAP,NICAP_DB_5254,"Talco, Chile",,,,unresolved,,CL,
NICAP,NICAP_DB_5256,"Monsey, NY",41.109477,-74.076972,5.0,place_exact,Monsey CDP,US,NY
NICAP,NICAP_DB_5258,"Dover, DE",39.160602,-75.521659,5.2196395788725996,place_exact,Dover city,US,DE
NICAP,NICAP_DB_5259,"Colusa, CA",39.205787,-122.012419,5.0,place_exact,Colusa city,US,CA
NICAP,NICAP_DB_5260,"Mediterranean Isle of Majorca, At Sea",,,,unresolved,,US,
NICAP,NICAP_DB_5261,"Ibiza, Canary Islands",,,,unresolved,,US,
NICAP,NICAP_DB_5262,"Laborie, France",,,,unresolved,,FR,
NICAP,NICAP_DB_5263,"Mt. Vernon, IN",37.936988,-87.895861,5.0,place_exact,Mount Vernon city,US,IN
NICAP,NICAP_DB_5264,"Mt. Vernon & Evansville (btn), IN",,,,unresolved,,US,IN
NICAP,NICAP_DB_5265,"Vastervik, Sweden",57.7584,16.63733,7.5,geonames_fuzzy,Västervik,SE,
NICAP,NICAP_DB_5267,"Grays Harbor, WA",,,,unresolved,,US,WA
NICAP,NICAP_DB_5268,"Caravac de la Cruz, Spain",,,,unresolved,,ES,
NICAP,NICAP_DB_5269,"Romans, France",,,,unresolved,,FR,
NICAP,NICAP_DB_5270,"Lunel, France",43.67778,4.13611,5.156355301955054,geonames_exact,Lunel,FR,
NICAP,NICAP_DB_5271,"Gainesville, FL",29.680694,-82.349175,8.526199752657817,place_exact,Gainesville city,US,FL
NICAP,NICAP_DB_5272,"North Area, IL",,,,unresolved,,US,IL
NICAP,NICAP_DB_5273,"Huayana, Bolivia",,,,unresolved,,US,
NICAP,NICAP_DB_5275,"Botafuegos, Spain",,,,unresolved,,ES,
NICAP,NICAP_DB_5277,"Council Bluffs, IA",41.235995,-95.853154,7.032367485025541,place_exact,Council Bluffs city,US,IA
NICAP,NICAP_DB_5278,"Rio Negro province, Arg",,,,unresolved,,US,
NICAP,NICAP_DB_5280,"Warren, Az",,,,unresolved,,US,AZ
NICAP,NICAP_DB_5281,"Hudson, NH",42.763811,-71.43201,5.0,place_exact,Hudson CDP,US,NH
NICAP,NICAP_DB_5282,"Wilmington, NC",34.209225,-77.885767,7.692379750260788,place_exact,Wilmington city,US,NC
NICAP,NICAP_DB_5283,"Newcastle, KY",38.433564,-85.169238,7.5,place_fuzzy,New Castle city,US,KY
NICAP,NICAP_DB_5284,"Warwickshire, UK",,,,unresolved,,GB,
NICAP,NICAP_DB_5286,"Bannock County, OH",,,,unresolved,,US,OH
NICAP,NICAP_DB_5287,"Burlington, VT",44.491927,-73.238882,5.0,place_exact,Burlington city,US,VT
NICAP,NICAP_DB_5288,"Pudasjarvi, Finland",65.38333,26.91667,7.5,geonames_fuzzy,Pudasjärvi,FI,
NICAP,NICAP_DB_5289,"Charleston, SC",32.828017,-79.972896,11.493411581326834,place_exact,Charleston city,US,SC
NICAP,NICAP_DB_5290,"Lodz, Poland",51.77058,19.47395,25.296047122030746,geonames_exact,Łódź,PL,
NICAP,NICAP_DB_5291,"Bollwiller, Alsace, Germany",,,,unresolved,,DE,
NICAP,NICAP_DB_5292,"Lincolnton, NC",35.474854,-81.238107,5.0,place_exact,Lincolnton city,US,NC
NICAP,NICAP_DB_5293,"San Mateo, CA",37.56031,-122.3106,5.0,place_exact,San Mateo city,US,CA
NICAP,NICAP_DB_5294,"Lake Norman Reservoir, NC",,,,unresolved,,US,NC
NICAP,NICAP_DB_5296,"San Jose, CA",37.296011,-121.814552,14.32467509036224,place_exact,San Jose city,US,CA
NICAP,NICAP_DB_5297,"Valdese, NC",35.755545,-81.572674,5.0,place_exact,Valdese town,US,NC
NICAP,NICAP_DB_5298,"Bulawayo, Zimbabwe, Africa",,,,unresolved,,US,
NICAP,NICAP_DB_5299,"Simpson County, MS",,,,unresolved,,US,MS
NICAP,NICAP_DB_5300,"Cordoba and Rosario, Arg",,,,unresolved,,US,
NICAP,NICAP_DB_5301,"Santiago, Chile",-33.45694,-70.64827,40.0,geonames_exact,Santiago,CL,
NICAP,NICAP_DB_5302,"In air space, Kuwait",,,,unresolved,,US,
NICAP,NICAP_DB_5303,"Mt. Vernon, IL",38.314205,-88.91747,5.0,place_exact,Mount Vernon city,US,IL
NICAP,NICAP_DB_5304,"Lake Navsjon, Sweden",,,,unresolved,,SE,
NICAP,NICAP_DB_5305,"Lake Navsjon, Sweden",,,,unresolved,,SE,
NICAP,NICAP_DB_5306,"Bear River, Nova Scotia, CAN",,,,unresolved,,US,
NICAP,NICAP_DB_5309,"Pecos, NM",35.575706,-105.678407,5.0,place_exact,Pecos village,US,NM
NICAP,NICAP_DB_5312,"Pine Bush, NY",41.609545,-74.296524,5.0,place_exact,Pine Bush CDP,US,NY
NICAP,NICAP_DB_5313,"Norton AFB, San Bernardino, CA",,,,unresolved,,US,CA
NICAP,NICAP_DB_5314,"Pine Bush, NY",41.609545,-74.296524,5.0,place_exact,Pine Bush CDP,US,NY
NICAP,NICAP_DB_5316,"Albuquerque, NM",35.10478,-106.646809,14.682227578493212,place_exact,Albuquerque city,US,NM
NICAP,NICAP_DB_5317,"Lima, OH",40.740679,-84.112091,5.0,place_exact,Lima city,US,OH
NICAP,NICAP_DB_5318,"East, TX",,,,unresolved,,US,TX
NICAP,NICAP_DB_5320,"between Ashbourne and Derby, UK",,,,unresolved,,GB,
NICAP,NICAP_DB_5321,"Anderson, SC",34.521166,-82.647326,5.0,place_exact,Anderson city,US,SC
NICAP,NICAP_DB_5323,"Easley, SC",34.817333,-82.584412,5.0,place_exact,Easley city,US,SC
NICAP,NICAP_DB_5324,"Caribbean Sea (south of), Haiti",,,,unresolved,,US,
NICAP,NICAP_DB_5325,"Boca Raton, FL",26.37269,-80.103711,5.79551995558255,place_exact,Boca Raton city,US,FL
NICAP,NICAP_DB_5326,"Rosedale, Victoria, AU",,,,unresolved,,US,
NICAP,NICAP_DB_5327,"Rosedale, Victoria, AU",,,,unresolved,,US,
NICAP,NICAP_DB_5328,"Ta Kang (near), China",,,,unresolved,,CN,
NICAP,NICAP_DB_5329,"Morenci, AZ",33.058238,-109.333094,5.0,place_exact,Morenci CDP,US,AZ
NICAP,NICAP_DB_5330,"Greene County, IN",,,,unresolved,,US,IN
NICAP,NICAP_DB_5332,"Monroe City, IN",38.614538,-87.353007,5.0,place_exact,Monroe City town,US,IN
NICAP,NICAP_DB_5333,"Heidelberg, Germany",49.40768,8.69079,11.972677227754868,geonames_exact,Heidelberg,DE,
NICAP,NICAP_DB_5334,"Kirksville, MO",40.198171,-92.574562,5.0,place_exact,Kirksville city,US,MO
NICAP,NICAP_DB_5336,"Longmont, CO",40.168199,-105.100522,5.755599283403172,place_exact,Longmont city,US,CO
NICAP,NICAP_DB_5337,"Todmorden, West Yorkshire, UK",,,,unresolved,,GB,
NICAP,NICAP_DB_5338,"Todmorden, West Yorkshire, UK",,,,unresolved,,GB,
NICAP,NICAP_DB_5339,"McLain, MS",31.103838,-88.82415,5.0,place_exact,McLain town,US,MS
NICAP,NICAP_DB_5341,"Foxboro, MA",,,,unresolved,,US,MA
NICAP,NICAP_DB_5344,"Perth, AU",,,,unresolved,,US,
NICAP,NICAP_DB_5345,"Huffman, TX",,,,unresolved,,US,TX
NICAP,NICAP_DB_5346,"London, UK",51.50853,-0.12574,40.0,geonames_exact,London,GB,
NICAP,NICAP_DB_5347,"Greenup County, KY",,,,unresolved,,US,KY
NICAP,NICAP_DB_5348,"Rio, Brazil",,,,unresolved,,BR,
NICAP,NICAP_DB_5349,"Greenup County, KY",,,,unresolved,,US,KY
NICAP,NICAP_DB_5350,"Rendlesham, UK",52.12665,1.41536,5.0,geonames_exact,Rendlesham,GB,
NICAP,NICAP_DB_5351,"Rendlesham Forest, UK",,,,unresolved,,GB,
NICAP,NICAP_DB_5352,"Huffman, TX",,,,unresolved,,US,TX
NICAP,NICAP_DB_5354,"Payson, AZ",34.243841,-111.318964,5.0,place_exact,Payson town,US,AZ
NICAP,NICAP_DB_5355,"Flinders Island (near), Tasmania",,,,unresolved,,US,
NICAP,NICAP_DB_5357,"Trans en Provence, France",43.50326,6.48641,5.0,geonames_exact,Trans-en-Provence,FR,
NICAP,NICAP_DB_5358,"Chatsworth, CA",34.25723,-118.6012,6.423005527009922,geonames_exact,Chatsworth,US,CA
NICAP,NICAP_DB_5359,"Colle Maddalena, Italy",,,,unresolved,,IT,
NICAP,NICAP_DB_5361,"Quindira, Brazil",,,,unresolved,,BR,
NICAP,NICAP_DB_5363,"Ross, Tasmania",,,,unresolved,,US,
NICAP,NICAP_DB_5364,"San Jose, CA",37.296011,-121.814552,14.32467509036224,place_exact,San Jose city,US,CA
NICAP,NICAP_DB_5365,"Auburn, WA",47.303773,-122.21,5.834882080118576,place_exact,Auburn city,US,WA
NICAP,NICAP_DB_5367,"Fuentecen, Spain",41.62852,-3.86867,5.0,geonames_exact,Fuentecén,ES,
NICAP,NICAP_DB_5371,"Greensburg, PA",40.311251,-79.544399,5.0,place_exact,Greensburg city,US,PA
NICAP,NICAP_DB_5373,"Franklin, OH",39.554951,-84.295728,5.0,place_exact,Franklin city,US,OH
NICAP,NICAP_DB_5375,"Manzano Amargo, Neuquen Province, Arg",,,,unresolved,,US,
NICAP,NICAP_DB_5378,"Tallinn (northwest of), Estonia",,,,unresolved,,US,
NICAP,NICAP_DB_5379,"Birstall West Yorkshire, UK",,,,unresolved,,GB,
NICAP,NICAP_DB_5381,"Algeciras (near), Spain",36.13326,-5.45051,11.018802112752548,geonames_exact,Algeciras,ES,
NICAP,NICAP_DB_5383,"Memphis, TN",35.109018,-89.966565,18.489415566750615,place_exact,Memphis city,US,TN
NICAP,NICAP_DB_5384,"Skipton, North Yorkshire (near), UK",,,,unresolved,,GB,
NICAP,NICAP_DB_5385,"Magny, France",,,,unresolved,,FR,
NICAP,NICAP_DB_5386,"Alton, IL",38.903898,-90.151204,5.0,place_exact,Alton city,US,IL
NICAP,NICAP_DB_5388,"Mount Vernon, OR",44.416897,-119.113174,5.0,place_exact,Mount Vernon city,US,OR
NICAP,NICAP_DB_5390,"San Luis Reservoir, Merced County, CA",,,,unresolved,,US,CA
NICAP,NICAP_DB_5391,"Goodhue, MN",44.399432,-92.625458,5.0,place_exact,Goodhue city,US,MN
NICAP,NICAP_DB_5392,"Mount Sunapee, NH",,,,unresolved,,US,NH
NICAP,NICAP_DB_5393,"Catania, Sicily, Italy",,,,unresolved,,IT,
NICAP,NICAP_DB_5395,"Reno, NV",39.549097,-119.849907,11.189612027828906,place_exact,Reno city,US,NV
NICAP,NICAP_DB_5396,"Yakima, WA",46.590938,-120.5494,5.657469752460017,place_exact,Yakima city,US,WA
NICAP,NICAP_DB_5397,"Mennecy, France",48.56903,2.44384,5.0,geonames_exact,Mennecy,FR,
NICAP,NICAP_DB_5399,"Clark County, WA",,,,unresolved,,US,WA
NICAP,NICAP_DB_5400,"Minas Gerais state, Brazil",,,,unresolved,,BR,
NICAP,NICAP_DB_5403,"Clatskanie (near), OR",46.104655,-123.204468,5.0,place_exact,Clatskanie city,US,OR
NICAP,NICAP_DB_5404,"in space, from onboard the Soyuz T-4 spacecraft, Space",,,,unresolved,,US,
NICAP,NICAP_DB_5406,"Cocklebiddy (near), AU",,,,unresolved,,US,
NICAP,NICAP_DB_5407,"Little Rock, AK",,,,unresolved,,US,AK
NICAP,NICAP_DB_5408,"Alice, TX",27.755616,-98.065812,5.0,place_exact,Alice city,US,TX
NICAP,NICAP_DB_5409,"Chia-Li, Taiwan",,,,unresolved,,TW,
NICAP,NICAP_DB_5410,"Lake Huron, MI",,,,unresolved,,US,MI
NICAP,NICAP_DB_5411,"Port Byron, IL",41.624301,-90.330179,5.0,place_exact,Port Byron village,US,IL
NICAP,NICAP_DB_5414,"South Canterbury, NZ",,,,unresolved,,US,
NICAP,NICAP_DB_5415,"Atcham, Shropshire (near), UK",,,,unresolved,,GB,
NICAP,NICAP_DB_5418,"Patras, Greece",,,,unresolved,,GR,
NICAP,NICAP_DB_5419,"Zigong, Henan Province, China",,,,unresolved,,CN,
NICAP,NICAP_DB_5421,"between Valencia and Barcelona, Spain",,,,unresolved,,ES,
NICAP,NICAP_DB_5422,"Lieksa, Finland",63.31667,30.01667,5.0,geonames_exact,Lieksa,FI,
NICAP,NICAP_DB_5423,"Lieksa, Finland",63.31667,30.01667,5.0,geonames_exact,Lieksa,FI,
NICAP,NICAP_DB_5424,"Lieksa, Finland",63.31667,30.01667,5.0,geonames_exact,Lieksa,FI,
NICAP,NICAP_DB_5426,"Newport, DE",39.714355,-75.604296,5.0,place_exact,Newport town,US,DE
NICAP,NICAP_DB_5427,"San Jose, CA",37.296011,-121.814552,14.32467509036224,place_exact,San Jose city,US,CA
NICAP,NICAP_DB_5429,"Apple Valley, MN",44.745301,-93.199413,5.0,place_exact,Apple Valley city,US,MN
NICAP,NICAP_DB_5430,"Winnipeg, British Columbia (near), CAN",,,,unresolved,,US,
NICAP,NICAP_DB_5432,"Franklin, OH",39.554951,-84.295728,5.0,place_exact,Franklin city,US,OH
NICAP,NICAP_DB_5434,"Alpine (near), CA",32.842487,-116.755911,5.552750029389841,place_exact,Alpine CDP,US,CA
NICAP,NICAP_DB_5435,"Todmorden, West Yorkshire, UK",,,,unresolved,,GB,
NICAP,NICAP_DB_5436,"Dusheti, Georgia, Russia",,,,unresolved,,RU,
NICAP,NICAP_DB_5438,"Meinau Island, Bodensee, Germany",,,,unresolved,,DE,
NICAP,NICAP_DB_5440,"Trino Vercellese, Piemonte, Italy",,,,unresolved,,IT,
NICAP,NICAP_DB_5442,"Conejo Valley, CA",,,,unresolved,,US,CA
NICAP,NICAP_DB_5443,"Texas Gulf Coast, TX",,,,unresolved,,US,TX
NICAP,NICAP_DB_5444,"Marcos-Juarez, Arg",,,,unresolved,,US,
NICAP,NICAP_DB_5445,"Hessdalen, Norway",,,,unresolved,,NO,
NICAP,NICAP_DB_5446,"Vancouver Island, B.C., CAN",,,,unresolved,,US,
NICAP,NICAP_DB_5447,"Praglia, Italy",,,,unresolved,,IT,
NICAP,NICAP_DB_5449,"Esengul, Karasu Region, Kazakhstan",,,,unresolved,,US,
NICAP,NICAP_DB_5451,"Areal, Brazil",-22.23056,-43.10556,5.0,geonames_exact,Areal,BR,
NICAP,NICAP_DB_5452,"Allen, Rio Negro Province, Arg",,,,unresolved,,US,
NICAP,NICAP_DB_5453,"Naveksvarn (west of), Sweden",,,,unresolved,,SE,
NICAP,NICAP_DB_5455,"Marshall, TX",32.539159,-94.353173,5.836628745355585,place_exact,Marshall city,US,TX
NICAP,NICAP_DB_5456,"Fuenlabrada, Spain",40.28419,-3.79415,13.802028836370397,geonames_exact,Fuenlabrada,ES,
NICAP,NICAP_DB_5457,"Hessdalen, Norway",,,,unresolved,,NO,
NICAP,NICAP_DB_5458,"Hartford, CT",41.765933,-72.681579,5.0,place_exact,Hartford city,US,CT
NICAP,NICAP_DB_5459,"Reserve (South of), NM",33.70898,-108.761384,5.0,place_exact,Reserve village,US,NM
NICAP,NICAP_DB_5460,"San Luis Del Palmar, Arg",,,,unresolved,,US,
NICAP,NICAP_DB_5463,"Bladenboro, NC",34.54087,-78.79466,5.0,place_exact,Bladenboro town,US,NC
NICAP,NICAP_DB_5466,"Areal, Brazil",-22.23056,-43.10556,5.0,geonames_exact,Areal,BR,
NICAP,NICAP_DB_5467,"Brooklyn, MI",42.105526,-84.248804,5.0,place_exact,Brooklyn village,US,MI
NICAP,NICAP_DB_5469,"Voronezh (near), Russia",51.66833,39.19204,32.36586164464033,geonames_exact,Voronezh,RU,
NICAP,NICAP_DB_5472,"Hessdalen, Norway",,,,unresolved,,NO,
NICAP,NICAP_DB_5473,"Stockdale, TX",29.235974,-97.963888,5.0,place_exact,Stockdale city,US,TX
NICAP,NICAP_DB_5474,"village of Ipoh in Perak, Malaysia",,,,unresolved,,US,
NICAP,NICAP_DB_5475,"Mechanicsville, VA",37.629896,-77.354756,5.711049679738782,place_exact,Mechanicsville CDP,US,VA
NICAP,NICAP_DB_5476,"near Petrolina to Rio de Janeiro, Brazil",,,,unresolved,,BR,
NICAP,NICAP_DB_5477,"Bakersfield, VT",44.782021,-72.803277,5.0,place_exact,Bakersfield CDP,US,VT
NICAP,NICAP_DB_5478,"Willernie, MN",45.053731,-92.957987,5.0,place_exact,Willernie city,US,MN
NICAP,NICAP_DB_5479,"in the Black Sea, Russia",,,,unresolved,,RU,
NICAP,NICAP_DB_5480,"Escanaba, WI",,,,unresolved,,US,WI
NICAP,NICAP_DB_5481,"Santa Cruz das Palmeiras, Brazil",-21.82694,-47.24861,5.3725226849218615,geonames_exact,Santa Cruz das Palmeiras,BR,
NICAP,NICAP_DB_5483,"New York City, NY",40.71427,-74.00597,40.0,geonames_exact,New York City,US,NY
NICAP,NICAP_DB_5485,"Rio Negro Province, Arg",,,,unresolved,,US,
NICAP,NICAP_DB_5489,"Rio Negro Province, Arg",,,,unresolved,,US,
NICAP,NICAP_DB_5493,"Fleetwood, PA",40.456503,-75.821579,5.0,place_exact,Fleetwood borough,US,PA
NICAP,NICAP_DB_5495,"Saltsburg, PA",40.484636,-79.448248,5.0,place_exact,Saltsburg borough,US,PA
NICAP,NICAP_DB_5496,"Cleveland, TX",30.338215,-95.090283,5.0,place_exact,Cleveland city,US,TX
NICAP,NICAP_DB_5497,"Springfield, MO",37.194152,-93.291305,9.740796339793443,place_exact,Springfield city,US,MO
NICAP,NICAP_DB_5500,"Hellifield, UK",54.00486,-2.22302,5.0,geonames_exact,Hellifield,GB,
NICAP,NICAP_DB_5503,"Metter (near), GA",32.396261,-82.061952,5.0,place_exact,Metter city,US,GA
NICAP,NICAP_DB_5504,"Frankfurt (near), Germany",,,,unresolved,,DE,
NICAP,NICAP_DB_5505,"San Dimas (near), CA",34.107957,-117.808529,5.0,place_exact,San Dimas city,US,CA
NICAP,NICAP_DB_5508,"Flatwoods, KY",38.522784,-82.722523,5.0,place_exact,Flatwoods city,US,KY
NICAP,NICAP_DB_5509,"Toledo, OH",41.664071,-83.581861,9.625487116100786,place_exact,Toledo city,US,OH
NICAP,NICAP_DB_5510,"Slanesville, VA",,,,unresolved,,US,VA
NICAP,NICAP_DB_5514,"Milton Keynes, Buckinghamshire, UK",,,,unresolved,,GB,
NICAP,NICAP_DB_5515,"Charlottesville, VA",38.037658,-78.485381,5.0,place_exact,Charlottesville city,US,VA
NICAP,NICAP_DB_5516,"Sedona, AZ",34.858517,-111.793057,5.0,place_exact,Sedona city,US,AZ
NICAP,NICAP_DB_5518,"V (near), Denmark",,,,unresolved,,DK,
NICAP,NICAP_DB_5520,"North Washington, PA",40.140762,-75.192575,7.5,place_fuzzy,Fort Washington CDP,US,PA
NICAP,NICAP_DB_5522,"Bolingbrook, IL",41.688062,-88.100965,5.347784588032693,place_exact,Bolingbrook village,US,IL
NICAP,NICAP_DB_5524,"Ft. Wayne, IN",41.089132,-85.1439,11.290609726671098,place_exact,Fort Wayne city,US,IN
NICAP,NICAP_DB_5525,"Escanaba (west of), MI",45.746289,-87.083605,5.0,place_exact,Escanaba city,US,MI
NICAP,NICAP_DB_5526,"Houston, TX",29.785743,-95.388806,27.15177795692618,place_exact,Houston city,US,TX
NICAP,NICAP_DB_5527,"Plattsburgh Air Force Base (near), NY",44.695563,-73.456414,15.0,place_exact_basename,Plattsburgh city,US,NY
NICAP,NICAP_DB_5528,"Comodoro Rivadavia, Chubut (near), Arg",,,,unresolved,,US,
NICAP,NICAP_DB_5530,"Ripley, Queensland, AU",,,,unresolved,,US,
NICAP,NICAP_DB_5532,"Turis, Spain",39.38333,-0.7,5.0,geonames_exact,Turís,ES,
NICAP,NICAP_DB_5533,"Caboolture, Queensland, AU",,,,unresolved,,US,
NICAP,NICAP_DB_5535,"Cleveland, TX",30.338215,-95.090283,5.0,place_exact,Cleveland city,US,TX
NICAP,NICAP_DB_5536,"Bowna, New South Wales, AU",,,,unresolved,,US,
NICAP,NICAP_DB_5537,"Brooklyn, NY",40.6501,-73.94958,40.0,geonames_exact,Brooklyn,US,NY
NICAP,NICAP_DB_5539,"Albany, NY",42.665745,-73.798353,5.0,place_exact,Albany city,US,NY
NICAP,NICAP_DB_5540,"Romeoville, IL",41.627924,-88.101182,5.0,place_exact,Romeoville village,US,IL
NICAP,NICAP_DB_5541,"Launceston, Tasmania (NW of), AU",,,,unresolved,,US,
NICAP,NICAP_DB_5542,"Mersin, Turkey",36.81196,34.63886,23.191420827538792,geonames_exact,Mersin,TR,
NICAP,NICAP_DB_5544,"Vejer de la Frontera, Cadiz, Spain",,,,unresolved,,ES,
NICAP,NICAP_DB_5548,"Katy, TX",29.790915,-95.840711,5.0,place_exact,Katy city,US,TX
NICAP,NICAP_DB_5549,"Ste-Dorothee, Quebec, CAN",,,,unresolved,,US,
NICAP,NICAP_DB_5552,"Punta Umbria, Spain",37.18213,-6.96605,5.0,geonames_exact,Punta Umbría,ES,
NICAP,NICAP_DB_5553,"Latrobe, PA",40.312434,-79.382596,5.0,place_exact,Latrobe borough,US,PA
NICAP,NICAP_DB_5554,"Lake Sawyer, WA",,,,unresolved,,US,WA
NICAP,NICAP_DB_5555,"Corby, UK",52.49637,-0.68939,8.256149223457628,geonames_exact,Corby,GB,
NICAP,NICAP_DB_5558,"Girard, PA",42.004116,-80.319209,5.0,place_exact,Girard borough,US,PA
NICAP,NICAP_DB_5561,"Auberry, CA",37.088654,-119.450757,7.310624019572853,place_exact,Auberry CDP,US,CA
NICAP,NICAP_DB_5562,"Ipswich, MA",42.67573,-70.822007,5.0,place_exact,Ipswich CDP,US,MA
NICAP,NICAP_DB_5563,"At sea, South Atlantic",,,,unresolved,,US,
NICAP,NICAP_DB_5565,"Des Moines (near), IA",41.57259,-93.610243,10.074814980379982,place_exact,Des Moines city,US,IA
NICAP,NICAP_DB_5567,"Springfield, MO",37.194152,-93.291305,9.740796339793443,place_exact,Springfield city,US,MO
NICAP,NICAP_DB_5569,"Ukraine, USSR",,,,unresolved,,RU,
NICAP,NICAP_DB_5570,"Madbury, NH",43.16925,-70.92395,5.0,geonames_exact,Madbury,US,NH
NICAP,NICAP_DB_5571,"Boyd County, KY",,,,unresolved,,US,KY
NICAP,NICAP_DB_5572,"Lake Norman, NC",,,,unresolved,,US,NC
NICAP,NICAP_DB_5573,"Lake Norman, NC",,,,unresolved,,US,NC
NICAP,NICAP_DB_5574,"Westort, IN",39.176306,-85.575029,7.5,place_fuzzy,Westport town,US,IN
NICAP,NICAP_DB_5575,"Lowell, IN",41.291948,-87.419877,5.0,place_exact,Lowell town,US,IN
NICAP,NICAP_DB_5576,"Maxial, Portugal",,,,unresolved,,PT,
NICAP,NICAP_DB_5577,"Lombard, IL",41.873844,-88.015491,5.0,place_exact,Lombard village,US,IL
NICAP,NICAP_DB_5578,"Santa Cruz de Tenerife, Canary Islands",,,,unresolved,,US,
NICAP,NICAP_DB_5580,"Temperanceville, VA",37.907283,-75.557927,5.0,place_exact,Temperanceville CDP,US,VA
NICAP,NICAP_DB_5581,"Palatine, IL",42.118142,-88.042853,5.0,place_exact,Palatine village,US,IL
NICAP,NICAP_DB_5582,"Castroville, TX",29.352217,-98.871259,5.0,place_exact,Castroville city,US,TX
NICAP,NICAP_DB_5583,"Maddington, AU",,,,unresolved,,US,
NICAP,NICAP_DB_5584,"Penthereaz, Switzerland",46.68171,6.6039,10.0,geonames_exact,Penthéréaz,CH,
NICAP,NICAP_DB_5585,"Kent Cliffs, NY",,,,unresolved,,US,NY
NICAP,NICAP_DB_5587,"Puebla, MX",,,,unresolved,,US,
NICAP,NICAP_DB_5588,"Tippecanoe County, IN",,,,unresolved,,US,IN
NICAP,NICAP_DB_5589,"Cardiff, Wales, UK",,,,unresolved,,GB,
NICAP,NICAP_DB_5590,"Mobile (near), AL",30.668426,-88.100226,12.671149329612264,place_exact,Mobile city,US,AL
NICAP,NICAP_DB_5592,"Swansea, Glamorgan, South Wales, UK",,,,unresolved,,GB,
NICAP,NICAP_DB_5593,"Kent Cliffs, NY",,,,unresolved,,US,NY
NICAP,NICAP_DB_5595,"Ckolo, Bolivia",,,,unresolved,,US,
NICAP,NICAP_DB_5596,"Ventilla, Bolivia",,,,unresolved,,US,
NICAP,NICAP_DB_5597,"Reading, UK",51.45625,-0.97113,17.832947036314554,geonames_exact,Reading,GB,
NICAP,NICAP_DB_5598,"Ossining Reservoir, NY",,,,unresolved,,US,NY
NICAP,NICAP_DB_5599,"Yorktown, NY",,,,unresolved,,US,NY
NICAP,NICAP_DB_5600,"Bedford, NY",41.186863,-73.657377,5.0,place_exact,Bedford CDP,US,NY
NICAP,NICAP_DB_5601,"Happy Camp, CA",41.815893,-123.392796,5.0,place_exact,Happy Camp CDP,US,CA
NICAP,NICAP_DB_5602,"Mount Storm, NY",,,,unresolved,,US,NY
NICAP,NICAP_DB_5603,"Careme, Tarn-Garonne, France",,,,unresolved,,FR,
NICAP,NICAP_DB_5606,"Gorky (50 nautical miles north of), Russia",,,,unresolved,,RU,
NICAP,NICAP_DB_5607,"Shrub Oak, NY",41.327335,-73.82989,5.0,place_exact,Shrub Oak CDP,US,NY
NICAP,NICAP_DB_5608,"Sandy Hook, CT",41.409,-73.24263,5.0,place_exact,Sandy Hook CDP,US,CT
NICAP,NICAP_DB_5609,"Ross, OH",39.313907,-84.660145,5.0,place_exact,Ross CDP,US,OH
NICAP,NICAP_DB_5610,"Ross, OH",39.313907,-84.660145,5.0,place_exact,Ross CDP,US,OH
NICAP,NICAP_DB_5611,"Ross, OH",39.313907,-84.660145,5.0,place_exact,Ross CDP,US,OH
NICAP,NICAP_DB_5612,"Mt. Vernon, IN",37.936988,-87.895861,5.0,place_exact,Mount Vernon city,US,IN
NICAP,NICAP_DB_5613,"Huepul, Chile",,,,unresolved,,CL,
NICAP,NICAP_DB_5614,"Lawrence, KS",38.960029,-95.26293,6.2700050327819605,place_exact,Lawrence city,US,KS
NICAP,NICAP_DB_5615,"Romsey, AU",,,,unresolved,,US,
NICAP,NICAP_DB_5616,"Various cities in Victoria, AU",,,,unresolved,,US,
NICAP,NICAP_DB_5617,"McHenry, IL",42.339504,-88.29301,5.0,place_exact,McHenry city,US,IL
NICAP,NICAP_DB_5618,"Liberty, KY",37.317988,-84.930487,5.0,place_exact,Liberty city,US,KY
NICAP,NICAP_DB_5619,"Cupira, Brazil",-8.61667,-35.95,5.0,geonames_exact,Cupira,BR,
NICAP,NICAP_DB_5620,"Dubno, Ukraine, Russia",,,,unresolved,,RU,
NICAP,NICAP_DB_5621,"North Sea, Japan",,,,unresolved,,JP,
NICAP,NICAP_DB_5622,"Indianapolis, IN",39.76838,-86.15804,29.79332139926665,geonames_exact,Indianapolis,US,IN
NICAP,NICAP_DB_5623,"In air space, Poland",,,,unresolved,,PL,
NICAP,NICAP_DB_5624,"Hampshire, Tasmania, AU",,,,unresolved,,US,
NICAP,NICAP_DB_5626,"Frunze, Russia",,,,unresolved,,RU,
NICAP,NICAP_DB_5627,"Melbourne, AU",,,,unresolved,,US,
NICAP,NICAP_DB_5628,"Houston, TX",29.785743,-95.388806,27.15177795692618,place_exact,Houston city,US,TX
NICAP,NICAP_DB_5629,"Winifreda, Arg",,,,unresolved,,US,
NICAP,NICAP_DB_5630,"Selma, IN",40.18662,-85.273838,5.0,place_exact,Selma town,US,IN
NICAP,NICAP_DB_5631,"Flint, MI",43.02442,-83.691971,6.204307929889431,place_exact,Flint city,US,MI
NICAP,NICAP_DB_5632,"Aldershot, UK",51.24827,-0.76389,6.337191807101944,geonames_exact,Aldershot,GB,
NICAP,NICAP_DB_5634,"Shipley, West Yorkshire, UK",,,,unresolved,,GB,
NICAP,NICAP_DB_5635,"Ventspils, Russia",,,,unresolved,,RU,
NICAP,NICAP_DB_5636,"Evansville, IN",37.987737,-87.534705,7.383131645100803,place_exact,Evansville city,US,IN
NICAP,NICAP_DB_5637,"Cedar Lake, IN",41.372342,-87.441971,5.0,place_exact,Cedar Lake town,US,IN
NICAP,NICAP_DB_5638,"Indianapolis, IN",39.76838,-86.15804,29.79332139926665,geonames_exact,Indianapolis,US,IN
NICAP,NICAP_DB_5639,"Split, Croatia",,,,unresolved,,US,
NICAP,NICAP_DB_5640,"Gaffney, SC",35.075505,-81.65765,5.0,place_exact,Gaffney city,US,SC
NICAP,NICAP_DB_5641,"Altoona, PA",40.508052,-78.401114,5.0,place_exact,Altoona city,US,PA
NICAP,NICAP_DB_5642,"Bend, OR",44.056476,-121.309375,6.221165235620163,place_exact,Bend city,US,OR
NICAP,NICAP_DB_5643,"Rio de Janeiro, Brazil",-22.90642,-43.18223,40.0,geonames_exact,Rio de Janeiro,BR,
NICAP,NICAP_DB_5644,"Spencer, IN",39.286215,-86.772462,5.0,place_exact,Spencer town,US,IN
NICAP,NICAP_DB_5645,"Skipton, North Yorkshire, UK",,,,unresolved,,GB,
NICAP,NICAP_DB_5647,"Indianapolis, IN",39.76838,-86.15804,29.79332139926665,geonames_exact,Indianapolis,US,IN
NICAP,NICAP_DB_5648,"Byron, IL",42.121835,-89.266806,5.0,place_exact,Byron city,US,IL
NICAP,NICAP_DB_5650,"Glasgow, Scotland",55.86515,-4.25763,25.02818411311536,geonames_exact,Glasgow,GB,
NICAP,NICAP_DB_5651,"Riverside, CA",33.938143,-117.393168,9.669834170702664,place_exact,Riverside city,US,CA
NICAP,NICAP_DB_5652,"Indianapolis, IN",39.76838,-86.15804,29.79332139926665,geonames_exact,Indianapolis,US,IN
NICAP,NICAP_DB_5653,"Hessdalen Valley, Norway",,,,unresolved,,NO,
NICAP,NICAP_DB_5654,"Rockdale, TX",30.654234,-97.008908,5.0,place_exact,Rockdale city,US,TX
NICAP,NICAP_DB_5655,"Lake Michigan, MI",,,,unresolved,,US,MI
NICAP,NICAP_DB_5656,"Framingham, MA",42.307905,-71.436196,5.3691825158853455,place_exact,Framingham city,US,MA
NICAP,NICAP_DB_5658,"Cozad (outside), NE",40.861301,-99.986366,5.0,place_exact,Cozad city,US,NE
NICAP,NICAP_DB_5660,"Capron, IN",,,,unresolved,,US,IN
NICAP,NICAP_DB_5661,"Pearsonville, CA",35.822945,-117.87825,5.0,place_exact,Pearsonville CDP,US,CA
NICAP,NICAP_DB_5662,"Torrington (10 miles west of), CT",41.8342,-73.13147,6.765338720271143,place_exact,Torrington city,US,CT
NICAP,NICAP_DB_5663,"Hawthorne (north of), NJ",40.956957,-74.158561,5.0,place_exact,Hawthorne borough,US,NJ
NICAP,NICAP_DB_5664,"Mojave, Kern County (north of), CA",,,,unresolved,,US,CA
NICAP,NICAP_DB_5665,"Jasper (near), NY",,,,unresolved,,US,NY
NICAP,NICAP_DB_5666,"Toledo (30 miles east of), OH",41.664071,-83.581861,9.625487116100786,place_exact,Toledo city,US,OH
NICAP,NICAP_DB_5667,"Way Cross (near), GA",31.211006,-82.357658,7.5,place_fuzzy,Waycross city,US,GA
NICAP,NICAP_DB_5668,"Arnold, MO",38.42601,-90.36931,5.0,place_exact,Arnold city,US,MO
NICAP,NICAP_DB_5669,"Huntington, WV",38.410651,-82.434689,5.0,place_exact,Huntington city,US,WV
NICAP,NICAP_DB_5670,"Valley Center, CA",33.232994,-117.015763,5.6207338390008195,place_exact,Valley Center CDP,US,CA
NICAP,NICAP_DB_5671,"King Of Prussia, PA",40.096029,-75.379074,5.0,place_exact,King of Prussia CDP,US,PA
NICAP,NICAP_DB_5672,"Flemington, NJ",40.508641,-74.859869,5.0,place_exact,Flemington borough,US,NJ
NICAP,NICAP_DB_5673,"Miami (40 miles west of), FL",25.775163,-80.208615,6.4369903595460585,place_exact,Miami city,US,FL
NICAP,NICAP_DB_5674,"Tingsryd, Sweden",56.5247,14.97902,5.0,geonames_exact,Tingsryd,SE,
NICAP,NICAP_DB_5677,"Atco, NJ",39.769996,-74.861738,5.0,place_exact,Atco CDP,US,NJ
NICAP,NICAP_DB_5679,"Columbus, OH",39.985531,-82.985594,15.914945428747155,place_exact,Columbus city,US,OH
NICAP,NICAP_DB_5680,"Columbus, OH",39.985531,-82.985594,15.914945428747155,place_exact,Columbus city,US,OH
NICAP,NICAP_DB_5681,"Mechanicsburg, PA",40.211404,-77.00593,5.0,place_exact,Mechanicsburg borough,US,PA
NICAP,NICAP_DB_5682,"Mechanicsburg, PA",40.211404,-77.00593,5.0,place_exact,Mechanicsburg borough,US,PA
NICAP,NICAP_DB_5683,"Norris (west of), ND",,,,unresolved,,US,ND
NICAP,NICAP_DB_5684,"Wolcott, CT",41.60232,-72.98677,5.0,geonames_exact,Wolcott,US,CT
NICAP,NICAP_DB_5685,"Albany (south of), NY",42.665745,-73.798353,5.0,place_exact,Albany city,US,NY
NICAP,NICAP_DB_5686,"Claxton, GA",32.162075,-81.909659,5.0,place_exact,Claxton city,US,GA
NICAP,NICAP_DB_5687,"Stanmore, Middlesex, UK",,,,unresolved,,GB,
NICAP,NICAP_DB_5688,"Lakenheath Air Base, UK",52.41755,0.52211,5.0,geonames_exact,Lakenheath,GB,
NICAP,NICAP_DB_5689,"Llano, TX",30.751007,-98.676524,5.0,place_exact,Llano city,US,TX
NICAP,NICAP_DB_5690,"At an eastern airport, UK",,,,unresolved,,GB,
NICAP,NICAP_DB_5691,"Chimayo, NM",35.99859,-105.945035,5.0,place_exact,Chimayo CDP,US,NM
NICAP,NICAP_DB_5693,"The Orkney Islands, Scotland",,,,unresolved,,GB,
NICAP,NICAP_DB_5696,"Napa, CA",38.297872,-122.300741,5.0,place_exact,Napa city,US,CA
NICAP,NICAP_DB_5697,"Macomer, Sardinia (west of), Italy",,,,unresolved,,IT,
NICAP,NICAP_DB_5699,"In Space by the ultra-sensitive orbiting USDSP satellites, In Space",,,,unresolved,,US,
NICAP,NICAP_DB_5700,"Williston, FL",29.393879,-82.442308,5.0,place_exact,Williston city,US,FL
NICAP,NICAP_DB_5702,"Mt. Vernon, IN",37.936988,-87.895861,5.0,place_exact,Mount Vernon city,US,IN
NICAP,NICAP_DB_5703,"Williams, IN",38.818262,-86.637134,5.0,place_exact,Williams CDP,US,IN
NICAP,NICAP_DB_5704,"Monroe City, IN",38.614538,-87.353007,5.0,place_exact,Monroe City town,US,IN
NICAP,NICAP_DB_5705,"Hawthorne, NY",41.103433,-73.796912,5.0,place_exact,Hawthorne CDP,US,NY
NICAP,NICAP_DB_5706,"Pleasantville, NY",41.134006,-73.78415,5.0,place_exact,Pleasantville village,US,NY
NICAP,NICAP_DB_5707,"Yorktown, NY",,,,unresolved,,US,NY
NICAP,NICAP_DB_5708,"Staunton, VA",38.157978,-79.061876,5.0,place_exact,Staunton city,US,VA
NICAP,NICAP_DB_5709,"Pine Bush, NY",41.609545,-74.296524,5.0,place_exact,Pine Bush CDP,US,NY
NICAP,NICAP_DB_5710,"Indian Pt Nuclear Plant, NY",,,,unresolved,,US,NY
NICAP,NICAP_DB_5712,"Adelanto, CA",34.580902,-117.439458,7.800964783637698,place_exact,Adelanto city,US,CA
NICAP,NICAP_DB_5713,"Peekskill, NY",41.287396,-73.923597,5.0,place_exact,Peekskill city,US,NY
NICAP,NICAP_DB_5714,"Blairgowrie in The Orkney Islands, Scotland",,,,unresolved,,GB,
NICAP,NICAP_DB_5715,"St. Phillips, IN",,,,unresolved,,US,IN
NICAP,NICAP_DB_5716,"Cape Girardeau, MO",37.310088,-89.558028,5.785530341579182,place_exact,Cape Girardeau city,US,MO
NICAP,NICAP_DB_5717,"Hudson Valley, NY",,,,unresolved,,US,NY
NICAP,NICAP_DB_5718,"Detroit, ME",,,,unresolved,,US,ME
NICAP,NICAP_DB_5719,"Pound Ridge, NY",41.20871,-73.57485,5.0,geonames_exact,Pound Ridge,US,NY
NICAP,NICAP_DB_5720,"Indian Pt Nuclear Plant, NY",,,,unresolved,,US,NY
NICAP,NICAP_DB_5721,"Brewster, NY",41.396162,-73.616269,5.0,place_exact,Brewster village,US,NY
NICAP,NICAP_DB_5722,"Lummi Island, WA",,,,unresolved,,US,WA
NICAP,NICAP_DB_5723,"Mt. Vernon, IN",37.936988,-87.895861,5.0,place_exact,Mount Vernon city,US,IN
NICAP,NICAP_DB_5724,"Cordoba to Resistensia, Argentina",,,,unresolved,,AR,
NICAP,NICAP_DB_5726,"Hudson Valley, NY",,,,unresolved,,US,NY
NICAP,NICAP_DB_5727,"Tyrone (north of), PA",40.676456,-78.246046,5.0,place_exact,Tyrone borough,US,PA
NICAP,NICAP_DB_5728,"Park Rapids, MN",46.916394,-95.057932,5.0,place_exact,Park Rapids city,US,MN
NICAP,NICAP_DB_5730,"Savah, IN",,,,unresolved,,US,IN
NICAP,NICAP_DB_5731,"Monroe City, IN",38.614538,-87.353007,5.0,place_exact,Monroe City town,US,IN
NICAP,NICAP_DB_5732,"Gloucester, MA",42.62885,-70.685875,5.4914894963833705,place_exact,Gloucester city,US,MA
NICAP,NICAP_DB_5733,"Launceston, Northern Tasmania, AU",,,,unresolved,,US,
NICAP,NICAP_DB_5734,"Martinsburg, WV",39.457769,-77.978212,5.0,place_exact,Martinsburg city,US,WV
NICAP,NICAP_DB_5735,"Level Green, PA",40.390203,-79.721495,5.0,place_exact,Level Green CDP,US,PA
NICAP,NICAP_DB_5736,"Bagshot Heath, Surrey, UK",,,,unresolved,,GB,
NICAP,NICAP_DB_5737,"Madison, WI",43.087815,-89.429856,9.570485997180196,place_exact,Madison city,US,WI
NICAP,NICAP_DB_5738,"DeForest, WI",43.246722,-89.357467,5.0,place_exact,DeForest village,US,WI
NICAP,NICAP_DB_5739,"Ulster County, NY",,,,unresolved,,US,NY
NICAP,NICAP_DB_5740,"Butler, PA",40.861554,-79.89617,5.0,place_exact,Butler city,US,PA
NICAP,NICAP_DB_5741,"New Castle, PA",40.995617,-80.345807,5.0,place_exact,New Castle city,US,PA
NICAP,NICAP_DB_5742,"Chernobyl, Ukraine, USSR",,,,unresolved,,RU,
NICAP,NICAP_DB_5743,"Sedona, AZ",34.858517,-111.793057,5.0,place_exact,Sedona city,US,AZ
NICAP,NICAP_DB_5744,"Rio de Janeiro Sao Paulo, Brazil",,,,unresolved,,BR,
NICAP,NICAP_DB_5746,"Calalzo di Cadore, Italy",46.44643,12.38176,5.0,geonames_exact,Calalzo di Cadore,IT,
NICAP,NICAP_DB_5747,"Edmonton, Queensland, AU",,,,unresolved,,US,
NICAP,NICAP_DB_5748,"Bay Port, MI",43.837078,-83.368888,5.0,place_exact,Bay Port CDP,US,MI
NICAP,NICAP_DB_5749,"NE Alaska, AK",,,,unresolved,,US,AK
NICAP,NICAP_DB_5750,"In air space, AK",,,,unresolved,,US,AK
NICAP,NICAP_DB_5751,"Potters Mills, PA",40.802352,-77.627097,5.0,place_exact,Potters Mills CDP,US,PA
NICAP,NICAP_DB_5752,"Toronto to Winnipeg, CAN",,,,unresolved,,US,
NICAP,NICAP_DB_5753,"Hawesville, KY",37.892121,-86.755526,5.0,place_exact,Hawesville city,US,KY
NICAP,NICAP_DB_5754,"Osbornville, NJ",,,,unresolved,,US,NJ
NICAP,NICAP_DB_5755,"Corydon, IN",38.212865,-86.125564,5.0,place_exact,Corydon town,US,IN
NICAP,NICAP_DB_5756,"Bangor, WA",,,,unresolved,,US,WA
NICAP,NICAP_DB_5757,"Gulf Breeze, FL",30.368257,-87.173449,5.0,place_exact,Gulf Breeze city,US,FL
NICAP,NICAP_DB_5758,"Shreve, OH",40.681264,-82.021787,5.0,place_exact,Shreve village,US,OH
NICAP,NICAP_DB_5759,"Launceston, Tasmania",,,,unresolved,,US,
NICAP,NICAP_DB_5760,"Coon Rapid, MN",45.176411,-93.311454,7.652160805942332,place_fuzzy,Coon Rapids city,US,MN
NICAP,NICAP_DB_5761,"Launceston, AR",,,,unresolved,,US,AR
NICAP,NICAP_DB_5762,"Mundrabilla, AU",,,,unresolved,,US,
NICAP,NICAP_DB_5764,"Sharon, PA",41.233978,-80.49982,5.0,place_exact,Sharon city,US,PA
NICAP,NICAP_DB_5765,"Beira, Mozambique, Africa",,,,unresolved,,US,
NICAP,NICAP_DB_5766,"Irwin, PA",40.325063,-79.699757,5.0,place_exact,Irwin borough,US,PA
NICAP,NICAP_DB_5767,"Eastlake, OH",41.656635,-81.429114,5.0,place_exact,Eastlake city,US,OH
NICAP,NICAP_DB_5768,"Edwards AFB (near), CA",34.890359963,-117.848869349,10.0,dod_site,Edwards Air Force Base,US,CA
NICAP,NICAP_DB_5769,"Yukon Territory near Carcross, CAN",,,,unresolved,,US,
NICAP,NICAP_DB_5770,"Unknown City, WI",,,,unresolved,,US,WI
NICAP,NICAP_DB_5771,"East Tamar Highway, Tasmania",,,,unresolved,,US,
NICAP,NICAP_DB_5772,"MacMillan Pass, NWT/Yukon Border, CAN",,,,unresolved,,US,
NICAP,NICAP_DB_5773,"Valparaiso, FL",30.489923,-86.514663,5.0,place_exact,Valparaiso city,US,FL
NICAP,NICAP_DB_5774,"Harrisburg, PA",40.275891,-76.88502,5.0,place_exact,Harrisburg city,US,PA
NICAP,NICAP_DB_5775,"Glen Allen, MS",33.022143,-91.013808,7.5,place_fuzzy,Glen Allan CDP,US,MS
NICAP,NICAP_DB_5776,"Somerville, OH",39.563828,-84.639283,5.0,place_exact,Somerville CDP,US,OH
NICAP,NICAP_DB_5777,"Gulf Breeze, FL",30.368257,-87.173449,5.0,place_exact,Gulf Breeze city,US,FL
NICAP,NICAP_DB_5778,"Cantonment, FL",30.60853,-87.33998,5.147135125484855,geonames_exact,Cantonment,US,FL
NICAP,NICAP_DB_5779,"Plainfield, IN",39.693193,-86.371985,5.444232258903811,place_exact,Plainfield town,US,IN
NICAP,NICAP_DB_5780,"Baton Rouge, LA",30.442174,-91.130894,9.967900570219276,place_exact,Baton Rouge city,US,LA
NICAP,NICAP_DB_5781,"Crestview, FL",30.747932,-86.579275,5.0,place_exact,Crestview city,US,FL
NICAP,NICAP_DB_5782,"Hakui City, Japan",,,,unresolved,,JP,
NICAP,NICAP_DB_5783,"Blue Hill Bay, ME",,,,unresolved,,US,ME
NICAP,NICAP_DB_5784,"Estepona, Spain",36.42764,-5.14589,8.186085755719885,geonames_exact,Estepona,ES,
NICAP,NICAP_DB_5785,"Mansura, LA",31.067324,-92.052825,5.0,place_exact,Mansura town,US,LA
NICAP,NICAP_DB_5786,"Cantonment, FL",30.60853,-87.33998,5.147135125484855,geonames_exact,Cantonment,US,FL
NICAP,NICAP_DB_5787,"Gulf Breeze, FL",30.368257,-87.173449,5.0,place_exact,Gulf Breeze city,US,FL
NICAP,NICAP_DB_5788,"Ispwich, MA",42.67573,-70.822007,7.5,place_fuzzy,Ipswich CDP,US,MA
NICAP,NICAP_DB_5789,"Butler Township, PA",,,,unresolved,,US,PA
NICAP,NICAP_DB_5790,"Kalamazoo, MI",42.275163,-85.588501,5.3314685906730555,place_exact,Kalamazoo city,US,MI
NICAP,NICAP_DB_5791,"Cantonment, FL",30.60853,-87.33998,5.147135125484855,geonames_exact,Cantonment,US,FL
NICAP,NICAP_DB_5792,"Gulf Breeze, FL",30.368257,-87.173449,5.0,place_exact,Gulf Breeze city,US,FL
NICAP,NICAP_DB_5793,"Ft. Walton Beach, FL",30.424904,-86.621762,5.0,place_exact,Fort Walton Beach city,US,FL
NICAP,NICAP_DB_5794,"Gulf Breeze, FL",30.368257,-87.173449,5.0,place_exact,Gulf Breeze city,US,FL
NICAP,NICAP_DB_5795,"Eupen, Belgium",50.6279,6.03647,5.0,geonames_exact,Eupen,BE,
NICAP,NICAP_DB_5796,"New York City, NY",40.71427,-74.00597,40.0,geonames_exact,New York City,US,NY
NICAP,NICAP_DB_5797,"Gulf Breeze, FL",30.368257,-87.173449,5.0,place_exact,Gulf Breeze city,US,FL
NICAP,NICAP_DB_5798,"Boyle, MS",33.706475,-90.724872,5.0,place_exact,Boyle town,US,MS
NICAP,NICAP_DB_5799,"Henryville, IN",38.538634,-85.766283,5.0,place_exact,Henryville CDP,US,IN
NICAP,NICAP_DB_5800,"Beavercreek, IL",,,,unresolved,,US,IL
NICAP,NICAP_DB_5801,"Wood End, Provincetown, MA",,,,unresolved,,US,MA
NICAP,NICAP_DB_5802,"Carney, OK",35.805891,-97.015542,5.0,place_exact,Carney town,US,OK
NICAP,NICAP_DB_5803,"Pereslavl-Zalesskiy, USSR",56.73912,38.85966,6.346889001707845,geonames_exact,Pereslavl’-Zalesskiy,RU,
NICAP,NICAP_DB_5804,"Pereslavl-Zalesskiy, USSR",56.73912,38.85966,6.346889001707845,geonames_exact,Pereslavl’-Zalesskiy,RU,
NICAP,NICAP_DB_5805,"Kokomo, IN",40.464011,-86.127349,6.4977546207217705,place_exact,Kokomo city,US,IN
NICAP,NICAP_DB_5806,"Wavre (near), Belgium",50.71717,4.60138,5.857047037543749,geonames_exact,Wavre,BE,
NICAP,NICAP_DB_5807,"Wavre (near), Belgium",50.71717,4.60138,5.857047037543749,geonames_exact,Wavre,BE,
NICAP,NICAP_DB_5808,"Petit-Rechain, Belgium",50.61489,5.83417,5.0,geonames_exact,Petit-Rechain,BE,
NICAP,NICAP_DB_5809,"Trenton, NY",,,,unresolved,,US,NY
NICAP,NICAP_DB_5810,"North Huntington, PA",,,,unresolved,,US,PA
NICAP,NICAP_DB_5811,"Waymart, PA",41.586387,-75.403716,5.0,place_exact,Waymart borough,US,PA
NICAP,NICAP_DB_5812,"New Hartford, CT",,,,unresolved,,US,CT
NICAP,NICAP_DB_5813,"Ochoco National Forest, OR",,,,unresolved,,US,OR
NICAP,NICAP_DB_5814,"Skibo, MN",,,,unresolved,,US,MN
NICAP,NICAP_DB_5815,"Dallas, OR",44.922134,-123.313019,5.0,place_exact,Dallas city,US,OR
NICAP,NICAP_DB_5816,"Pittsburgh, PA",40.439775,-79.976333,7.983918475424346,place_exact,Pittsburgh city,US,PA
NICAP,NICAP_DB_5817,"North Branch, MN",45.510939,-92.944286,6.40143785931463,place_exact,North Branch city,US,MN
NICAP,NICAP_DB_5818,"Kingston, Ontario, CAN",,,,unresolved,,US,
NICAP,NICAP_DB_5819,"Kunshan, China",31.37762,120.95431,40.0,geonames_exact,Kunshan,CN,
NICAP,NICAP_DB_5820,"London, UK",51.50853,-0.12574,40.0,geonames_exact,London,GB,
NICAP,NICAP_DB_5821,"Concepcion, Paraguay",,,,unresolved,,US,
NICAP,NICAP_DB_5822,"Concepcion, Paraguay",,,,unresolved,,US,
NICAP,NICAP_DB_5823,"Medjugorje, Yugoslavia",,,,unresolved,,US,
NICAP,NICAP_DB_5824,"In Space, In Space",,,,unresolved,,US,
NICAP,NICAP_DB_5825,"Las Vegas (near), NV",36.233499,-115.264037,12.777164439386036,place_exact,Las Vegas city,US,NV
NICAP,NICAP_DB_5826,"Pacific Northwest, OR",,,,unresolved,,US,OR
NICAP,NICAP_DB_5827,"Haines City, FL",28.109843,-81.615279,5.0,place_exact,Haines City city,US,FL
NICAP,NICAP_DB_5828,"Dundee, OH",40.586815,-81.60694,5.0,place_exact,Dundee CDP,US,OH
NICAP,NICAP_DB_5829,"Purcell, OK",35.02366,-97.373675,5.0,place_exact,Purcell city,US,OK
NICAP,NICAP_DB_5830,"Casey, IA",41.507457,-94.521366,5.0,place_exact,Casey city,US,IA
NICAP,NICAP_DB_5831,"Homer City, PA",40.540735,-79.15995,5.0,place_exact,Homer City borough,US,PA
NICAP,NICAP_DB_5832,"Tucson, AZ",32.153036,-110.870773,16.65558603658911,place_exact,Tucson city,US,AZ
NICAP,NICAP_DB_5833,"Canton, OH",40.80765,-81.367228,5.504349916202639,place_exact,Canton city,US,OH
NICAP,NICAP_DB_5834,"Kentucky to New York, Various",,,,unresolved,,US,
NICAP,NICAP_DB_5835,"Slagle, MO",,,,unresolved,,US,MO
NICAP,NICAP_DB_5836,"Tuttle, OK",35.313876,-97.753612,5.82542362789561,place_exact,Tuttle city,US,OK
NICAP,NICAP_DB_5837,"Ottawa, CAN",,,,unresolved,,US,
NICAP,NICAP_DB_5838,"Piketon, OH",39.06595,-82.997131,5.0,place_exact,Piketon village,US,OH
NICAP,NICAP_DB_5839,"Ligonier, IN",41.461938,-85.595922,5.0,place_exact,Ligonier city,US,IN
NICAP,NICAP_DB_5840,"Syracuse, IN",41.422617,-85.749886,5.0,place_exact,Syracuse town,US,IN
NICAP,NICAP_DB_5841,"Antelope Valley, CA",,,,unresolved,,US,CA
NICAP,NICAP_DB_5842,"Melbourne, Victoria, AU",,,,unresolved,,US,
NICAP,NICAP_DB_5843,"Norman, OK",35.240569,-97.345299,14.345395591152815,place_exact,Norman city,US,OK
NICAP,NICAP_DB_5844,"Depoe Bay, OR",44.809106,-124.059688,5.0,place_exact,Depoe Bay city,US,OR
NICAP,NICAP_DB_5845,"Indianapolis (near), IN",39.76838,-86.15804,29.79332139926665,geonames_exact,Indianapolis,US,IN
NICAP,NICAP_DB_5846,"Australia, AU",,,,unresolved,,US,
NICAP,NICAP_DB_5847,"Las Vegas (near), NV",36.233499,-115.264037,12.777164439386036,place_exact,Las Vegas city,US,NV
NICAP,NICAP_DB_5848,"Kazakhstan Republic, USSR",,,,unresolved,,RU,
NICAP,NICAP_DB_5849,"Paris, France",48.85341,2.3488,40.0,geonames_exact,Paris,FR,
NICAP,NICAP_DB_5850,"Badalucco, Liguria, Italy",,,,unresolved,,IT,
NICAP,NICAP_DB_5851,"Lincolntown, NC",35.474854,-81.238107,7.5,place_fuzzy,Lincolnton city,US,NC
NICAP,NICAP_DB_5852,"Enkoping, Sweden",59.63607,17.07768,7.5,geonames_fuzzy,Enköping,SE,
NICAP,NICAP_DB_5853,"Derby, UK",52.92277,-1.47663,16.445911345985056,geonames_exact,Derby,GB,
NICAP,NICAP_DB_5854,"Granville, TN",,,,unresolved,,US,TN
NICAP,NICAP_DB_5855,"Budabest, Hungary",,,,unresolved,,US,
NICAP,NICAP_DB_5856,"Melbourne, Victoria, AU",,,,unresolved,,US,
NICAP,NICAP_DB_5858,"Mongo, IN",,,,unresolved,,US,IN
NICAP,NICAP_DB_5859,"Mongo, IN",,,,unresolved,,US,IN
NICAP,NICAP_DB_5860,"Racoon, IN",,,,unresolved,,US,IN
NICAP,NICAP_DB_5861,"Custer, SD",43.766979,-103.601102,5.0,place_exact,Custer city,US,SD
NICAP,NICAP_DB_5862,"Trumball County, OH",,,,unresolved,,US,OH
NICAP,NICAP_DB_5863,"Tekoa, WA",47.224731,-117.073057,5.0,place_exact,Tekoa city,US,WA
NICAP,NICAP_DB_5864,"Bovina, TX",34.515657,-102.884656,5.0,place_exact,Bovina city,US,TX
NICAP,NICAP_DB_5866,"Harwinton, CT",,,,unresolved,,US,CT
NICAP,NICAP_DB_5867,"Oklahoma City, OK",35.467079,-97.513657,26.41579724331636,place_exact,Oklahoma City city,US,OK
NICAP,NICAP_DB_5868,"Long Island, NY",,,,unresolved,,US,NY
NICAP,NICAP_DB_5869,"Akron, OH",41.080456,-81.521429,8.443410737900228,place_exact,Akron city,US,OH
NICAP,NICAP_DB_5870,"San Francisco (1896), CA",37.727239,-123.032229,7.348683600936066,place_exact,San Francisco city,US,CA
NICAP,NICAP_DB_5871,"In Space, In Space",,,,unresolved,,US,
NICAP,NICAP_DB_5872,"Mexico City, Mexico",19.42847,-99.12766,40.0,geonames_exact,Mexico City,MX,
NICAP,NICAP_DB_5873,"Kennedy Airport (near), NY",42.158948,-79.098287,5.0,place_exact,Kennedy CDP,US,NY
NICAP,NICAP_DB_5874,"Jefferson, GA",34.136239,-83.602157,5.089913467939422,place_exact,Jefferson city,US,GA
NICAP,NICAP_DB_5875,"Sioux City, IA",42.495668,-96.390525,8.203296871109538,place_exact,Sioux City city,US,IA
NICAP,NICAP_DB_5876,"Sao Paulo, Brazil",-23.5475,-46.63611,40.0,geonames_exact,São Paulo,BR,
NICAP,NICAP_DB_5877,"Woodland, WA",45.918183,-122.753502,5.0,place_exact,Woodland city,US,WA
NICAP,NICAP_DB_5878,"various cities, WA",,,,unresolved,,US,WA
NICAP,NICAP_DB_5879,"Antrim, MI",,,,unresolved,,US,MI
NICAP,NICAP_DB_5880,"Madison, WI",43.087815,-89.429856,9.570485997180196,place_exact,Madison city,US,WI
NICAP,NICAP_DB_5881,"Asheboro, NC",35.715281,-79.812977,5.0,place_exact,Asheboro city,US,NC
NICAP,NICAP_DB_5882,"Wurtsmith AFB, MI",,,,unresolved,,US,MI
NICAP,NICAP_DB_5883,"Challis, ID",44.505779,-114.228184,5.0,place_exact,Challis city,US,ID
NICAP,NICAP_DB_5884,"Nipomo, CA",35.03066,-120.497757,5.0,place_exact,Nipomo CDP,US,CA
NICAP,NICAP_DB_5885,"Atlantic Ocean, NJ",,,,unresolved,,US,NJ
NICAP,NICAP_DB_5886,"Paintsville, OH",41.721635,-81.258357,7.5,place_fuzzy,Painesville city,US,OH
NICAP,NICAP_DB_5887,"Salisbury, MD",38.375328,-75.585925,5.0,place_exact,Salisbury city,US,MD
NICAP,NICAP_DB_5888,"Jewel Valley, CA",,,,unresolved,,US,CA
NICAP,NICAP_DB_5889,"Brandywine, MD",38.685077,-76.885993,5.0,place_exact,Brandywine CDP,US,MD
NICAP,NICAP_DB_5890,"Waldorf, MD",38.609172,-76.919776,6.4591069214112125,place_exact,Waldorf CDP,US,MD
NICAP,NICAP_DB_5891,"Jackson-Covington, GA",,,,unresolved,,US,GA
NICAP,NICAP_DB_5892,"Cow Bay, Nova Scotia, CAN",,,,unresolved,,US,
NICAP,NICAP_DB_5893,"Cow Bay, Nova Scotia, CAN",,,,unresolved,,US,
NICAP,NICAP_DB_5894,"Bellingham, WA",48.753442,-122.470179,5.6915034530039215,place_exact,Bellingham city,US,WA
NICAP,NICAP_DB_5895,"North Richland Hills, TX",32.86058,-97.219146,5.0,place_exact,North Richland Hills city,US,TX
NICAP,NICAP_DB_5896,"Houston, British Columbia, CAN",,,,unresolved,,US,
NICAP,NICAP_DB_5897,"Seamon, OH",,,,unresolved,,US,OH
NICAP,NICAP_DB_5898,"Marstons Mills, MA",41.65622,-70.41614,5.0,geonames_exact,Marstons Mills,US,MA
NICAP,NICAP_DB_5899,"Niles, OH",41.187807,-80.753101,5.0,place_exact,Niles city,US,OH
NICAP,NICAP_DB_5900,"Atlanta, GA",33.762909,-84.422675,12.480315594300222,place_exact,Atlanta city,US,GA
NICAP,NICAP_DB_5901,"Lilburn, GA",33.89064,-84.136872,5.0,place_exact,Lilburn city,US,GA
NICAP,NICAP_DB_5902,"Carlisle, PA",40.199994,-77.204149,5.0,place_exact,Carlisle borough,US,PA
NICAP,NICAP_DB_5903,"Port Charlotte, FL",26.989467,-82.113651,5.725711096060956,place_exact,Port Charlotte CDP,US,FL
NICAP,NICAP_DB_5904,"Santa Maria, CA",34.933076,-120.443559,5.124167184365995,place_exact,Santa Maria city,US,CA
NICAP,NICAP_DB_5905,"Camarillo, CA",34.221823,-119.032154,5.0,place_exact,Camarillo city,US,CA
NICAP,NICAP_DB_5906,"Martinez, CA",37.998116,-122.114419,5.0,place_exact,Martinez city,US,CA
NICAP,NICAP_DB_5907,"Waxhaw, NC",34.937472,-80.739968,5.0,place_exact,Waxhaw town,US,NC
NICAP,NICAP_DB_5908,"Des Plaines, IL",42.034398,-87.901136,5.0,place_exact,Des Plaines city,US,IL
NICAP,NICAP_DB_5909,"Stephenville, TX",32.214544,-98.219885,5.0,place_exact,Stephenville city,US,TX
