fips,USPS,lat,lon,aland_km2,pop,py,density,division,n
01061,AL,31.092382,-85.821022,1487.908432,25939.85714285714,544737.0,17.433772525900398,ESCentral,0
08125,CO,40.00077,-102.421649,6123.763559,9795.47619047619,205705.0,1.599584323610916,Mountain,0
17177,IL,42.349726,-89.665994,1461.392061,47967.90476190476,1007326.0,32.82343324698324,ENCentral,1
28153,MS,31.642503,-88.678214,2099.745602,20735.809523809523,435452.0,9.875391335054466,ESCentral,0
34041,NJ,40.853491,-75.009498,923.435921,105369.33333333333,2212756.0,114.10573374623287,MidAtlantic,1
46051,SD,45.172637,-96.772261,1764.937243,7613.761904761905,159889.0,4.313899508302179,WNCentral,0
51013,VA,38.878337,-77.100703,67.33299,195738.09523809524,4110500.0,2907.0162373317335,SAtlantic,2
21007,KY,37.051323,-89.010367,639.538865,8266.619047619048,173599.0,12.925905679898044,ESCentral,0
37091,NC,36.363517,-76.981616,914.689325,23605.0,495705.0,25.806576456984452,SAtlantic,0
13057,GA,34.244317,-84.475057,1090.597331,179692.95238095237,3773551.9999999995,164.76562638951881,SAtlantic,1
13015,GA,34.240917,-84.838188,1188.568883,87664.47619047618,1840953.9999999998,73.75632783621863,SAtlantic,2
17155,IL,41.198961,-89.298347,414.649315,5922.857142857143,124380.0,14.284015259634863,ENCentral,0
19001,IA,41.328528,-94.478164,1474.404201,7857.047619047619,164998.0,5.32896448186912,WNCentral,0
39121,OH,39.767232,-81.452493,1030.84643,14241.904761904761,299080.0,13.815738549829154,ENCentral,0
39075,OH,40.565597,-81.930001,1094.559493,40817.857142857145,857175.0,37.29158387817038,ENCentral,0
27059,MN,45.562431,-93.296339,1128.608895,34811.666666666664,731045.0,30.844756603364058,WNCentral,0
18013,IN,39.195113,-86.230121,808.043849,15285.666666666666,320999.0,18.91687769863423,ENCentral,0
29075,MO,40.208127,-94.405321,1272.776755,6797.190476190476,142741.0,5.340442029199752,WNCentral,0
31079,NE,40.866027,-98.502664,1415.143418,55622.90476190476,1168081.0,39.30548950332945,WNCentral,0
46005,SD,44.418265,-98.279422,3260.011987,17244.14285714286,362127.00000000006,5.289594923548623,WNCentral,0
48093,TX,31.951645,-98.549617,2428.768926,13670.904761904761,287089.0,5.628738335523632,WSCentral,0
51640,VA,36.66564,-80.914308,21.332077,6804.761904761905,142900.0,318.9919999239598,SAtlantic,0
54063,WV,37.554062,-80.550329,1224.426771,13364.285714285714,280650.0,10.914728451560224,SAtlantic,0
48233,TX,35.837047,-101.362746,2298.408153,22773.571428571428,478245.0,9.90841047915976,WSCentral,0
27165,MN,43.978109,-94.613798,1126.508687,11392.57142857143,239244.00000000003,10.113167843304371,WNCentral,0
46107,SD,45.052713,-99.962003,2230.336533,2538.4761904761904,53308.0,1.1381583688905077,WNCentral,0
28009,MS,34.809593,-89.200213,1053.131418,8301.285714285714,174327.0,7.88247845653553,ESCentral,0
21047,KY,36.892059,-87.492986,1858.342356,72881.14285714286,1530504.0,39.218361795302506,ESCentral,2
31075,NE,41.913957,-101.755965,2012.381803,684.4761904761905,14374.0,0.34013236924314927,WNCentral,0
09013,CT,41.858081,-72.340978,1062.807467,144150.7142857143,3027165.0,135.63201121705544,NewEngland,1
13295,GA,34.735802,-85.305456,1156.145202,65303.19047619047,1371367.0,56.48355445598301,SAtlantic,0
20075,KS,37.995244,-101.793689,2580.958328,2565.3333333333335,53872.0,0.9939460492263064,WNCentral,0
26089,MI,45.146182,-86.051574,899.241892,20951.190476190477,439975.0,23.298726029759383,ENCentral,0
28141,MS,34.738835,-88.234827,1098.925142,19179.190476190477,402763.0,17.452681482275594,ESCentral,0
40067,OK,34.105082,-97.83889,1965.685986,6505.9047619047615,136624.0,3.309737571637122,WSCentral,0
48487,TX,34.08492,-99.24244,2514.738098,13810.285714285714,290016.0,5.491739169684983,WSCentral,0
21003,KY,36.75077,-86.192458,891.838778,18643.285714285714,391509.0,20.904322815043272,ESCentral,0
05043,AR,33.587242,-91.722778,2146.225294,18373.0,385833.0,8.560611065093523,WSCentral,0
05039,AR,33.967823,-92.653999,1728.358306,8543.52380952381,179414.0,4.943143895490273,WSCentral,0
18049,IN,41.050384,-86.265006,954.133346,20522.666666666668,430976.0,21.509222744078237,ENCentral,1
20113,KS,38.395812,-97.647489,2326.54743,29060.190476190477,610264.0,12.490693334453308,WNCentral,0
21197,KY,37.809907,-83.831354,463.558849,12770.57142857143,268182.0,27.548975617918643,ESCentral,0
21217,KY,37.36621,-85.328059,689.891733,23867.333333333332,501214.0,34.595766540854214,ESCentral,0
26073,MI,43.645233,-84.839424,1483.282659,65827.85714285714,1382385.0,44.37984678337505,ENCentral,0
28155,MS,33.612061,-89.283961,1090.793744,10198.714285714286,214173.0,9.349810027618096,ESCentral,0
31143,NE,41.187925,-97.570663,1136.152511,5450.0,114450.0,4.796891215954017,WNCentral,0
21073,KY,38.234919,-84.868786,538.312209,48306.47619047619,1014436.0,89.73691360300577,ESCentral,0
31035,NE,40.523669,-98.050858,1482.222881,6738.714285714285,141513.0,4.546356942734502,WNCentral,0
42027,PA,40.909128,-77.847877,2871.539708,145383.90476190476,3053062.0,50.62925104496057,MidAtlantic,1
47075,TN,35.586678,-89.282691,1380.741528,19140.52380952381,401951.0,13.862495928002398,ESCentral,0
47139,TN,35.109437,-84.541112,1125.622665,16099.857142857143,338097.0,14.30306766509285,ESCentral,0
51009,VA,37.629304,-79.154667,1227.554631,31603.285714285714,663669.0,25.744911807746433,SAtlantic,0
55069,WI,45.333148,-89.73224,2275.832535,29143.095238095237,612005.0,12.80546559990858,ENCentral,0
48381,TX,34.962529,-101.895547,2363.909277,111959.95238095238,2351159.0,47.362203562667595,WSCentral,0
19159,IA,40.735334,-94.244251,1386.932363,5226.619047619048,109759.0,3.768474358990099,WNCentral,0
27023,MN,45.028625,-95.564108,1505.378148,12579.42857142857,264168.0,8.35632468037431,WNCentral,0
20069,KS,37.744513,-100.451716,2250.356174,5843.428571428572,122712.0,2.5966683136393907,WNCentral,0
40021,OK,35.904367,-94.996796,1940.228933,44071.90476190476,925510.0,22.714796183232032,WSCentral,0
18005,IN,39.205843,-85.897999,1053.968848,74120.14285714286,1556523.0,70.32479470127836,ENCentral,0
09015,CT,41.824999,-71.990702,1328.477629,112973.23809523809,2372438.0,85.0396240245895,NewEngland,0
12061,FL,27.700528,-80.574789,1302.272805,123873.33333333333,2601340.0,95.12087855764854,SAtlantic,3
19005,IA,43.274964,-91.382751,1655.115638,14224.904761904761,298723.0,8.594508102825841,WNCentral,0
22065,LA,32.346878,-91.231932,1616.604801,12605.761904761905,264721.0,7.797676894788527,WSCentral,0
26055,MI,44.718688,-85.553848,1202.625102,82517.23809523809,1732862.0,68.61426554128096,ENCentral,0
29153,MO,36.64959,-92.458549,1929.554312,9609.857142857143,201807.0,4.980350686732648,WNCentral,0
42071,PA,40.041992,-76.250198,2444.751632,493913.14285714284,10372176.0,202.02998799231105,MidAtlantic,7
48195,TX,36.272847,-101.35693,2382.296646,5399.761904761905,113395.0,2.266620285860867,WSCentral,0
51510,VA,38.819251,-77.08367,38.682337,131639.85714285713,2764436.9999999995,3403.09989913115,SAtlantic,7
56033,WY,44.781369,-106.881211,6535.475076,27467.714285714286,576822.0,4.202864208997297,Mountain,0
08111,CO,37.781049,-107.670257,1003.660672,625.5238095238095,13136.0,0.6232423237998604,Mountain,0
13135,GA,33.958756,-84.025735,1115.653877,694480.8095238095,14584096.999999998,622.4876942939261,SAtlantic,11
18067,IN,40.483537,-86.114118,759.05859,83605.0,1755705.0,110.14301280748302,ENCentral,1
19175,IA,41.02855,-94.245091,1097.235808,12401.0,260421.0,11.30203727365048,WNCentral,0
39063,OH,41.000217,-83.665947,1376.12498,72865.71428571429,1530180.0,52.94992485763487,ENCentral,0
26035,MI,43.991137,-84.838325,1461.703751,30684.666666666668,644378.0,20.992397840994983,ENCentral,0
29229,MO,37.267633,-92.479989,1765.788195,18629.666666666668,391223.0,10.550340476518288,WNCentral,0
21203,KY,37.36105,-84.314368,819.85421,16622.95238095238,349082.0,20.275497982686925,ESCentral,0
29101,MO,38.741528,-93.811863,2147.776085,50759.619047619046,1065952.0,23.63357120983077,WNCentral,1
48173,TX,31.868006,-101.521494,2331.552974,1313.5238095238096,27584.000000000004,0.5633686320539975,WSCentral,0
48129,TX,34.955036,-100.815846,2400.676098,3746.8571428571427,78684.0,1.560750800984208,WSCentral,0
48223,TX,33.148967,-95.565434,1987.636011,33172.857142857145,696630.0,16.6896036091475,WSCentral,0
54041,WV,38.988877,-80.495477,1002.143596,16774.52380952381,352265.0,16.73864292151183,SAtlantic,0
51630,VA,38.299272,-77.486658,27.066499,22727.904761904763,477286.0,839.7061164764887,SAtlantic,0
53021,WA,46.537502,-118.903891,3215.718486,64021.52380952381,1344452.0,19.908932976642348,Pacific,0
08009,CO,37.30978,-102.543741,6617.400567,4038.7619047619046,84814.0,0.6103245320983913,Mountain,0
47113,TN,35.606056,-88.833424,1443.073934,93587.95238095238,1965347.0,64.853193018004,ESCentral,0
27149,MN,45.593461,-95.992315,1459.664592,9886.952380952382,207626.0,6.773441265301571,WNCentral,0
38015,ND,46.978829,-100.469533,4228.659158,76012.71428571429,1596267.0,17.975606792973473,WNCentral,2
13229,GA,31.353998,-82.21037,881.777233,17173.52380952381,360644.0,19.476034498073517,SAtlantic,1
18183,IN,41.136426,-85.501892,869.117984,31941.190476190477,670765.0,36.751270902467574,ENCentral,0
18115,IN,38.940527,-84.964299,223.126824,5810.428571428572,122019.0,26.040923575502386,ENCentral,0
12037,FL,29.677794,-84.815213,1411.498965,10750.142857142857,225753.0,7.616118129525414,SAtlantic,0
26071,MI,46.170254,-88.540526,3019.919276,12333.285714285714,258999.0,4.083978605753207,ENCentral,0
29011,MO,37.500799,-94.344089,1533.351028,12401.142857142857,260424.0,8.087608532351574,WNCentral,0
31145,NE,40.16942,-100.468576,1857.036304,11208.095238095239,235370.0,6.035474489084215,WNCentral,0
40041,OK,36.393437,-94.808189,1910.89681,38655.57142857143,811767.0,20.22902085883509,WSCentral,1
47131,TN,36.361892,-89.148078,1411.148373,31900.52380952381,669911.0,22.60607347879769,ESCentral,0
55071,WI,44.156137,-87.577352,1526.295968,81693.57142857143,1715565.0000000002,53.52406947364185,ENCentral,3
01027,AL,33.2704,-85.863525,1564.255426,13893.52380952381,291764.0,8.881876692639205,ESCentral,0
12115,FL,27.225327,-82.423714,1440.039085,353261.6666666667,7418495.0,245.31394345221312,SAtlantic,12
17159,IL,38.712187,-88.085452,932.484098,16307.809523809523,342464.0,17.488565819821115,ENCentral,0
19181,IA,41.332446,-93.568751,1475.870257,43537.57142857143,914289.0,29.49959267901381,WNCentral,0
26039,MI,44.680175,-84.611343,1441.077823,14175.714285714286,297690.0,9.836883240770186,ENCentral,0
28115,MS,34.227081,-89.037239,1289.330916,28138.52380952381,590909.0,21.824128670411724,ESCentral,0
19197,IA,42.733007,-93.734735,1503.268877,13627.380952380952,286175.0,9.06516536122031,WNCentral,0
31101,NE,41.194245,-101.644449,2749.90324,8472.666666666666,177926.0,3.08107810610335,WNCentral,0
36099,NY,42.782294,-76.827088,838.37277,34376.57142857143,721908.0,41.00392171440806,MidAtlantic,2
28003,MS,34.886569,-88.581109,1036.110409,35446.95238095238,744386.0,34.211558993180994,ESCentral,0
48467,TX,32.558787,-95.836906,2182.250335,49586.0,1041306.0,22.722416032989173,WSCentral,0
51093,VA,36.901418,-76.707569,817.620587,32461.238095238095,681686.0,39.702080171861056,SAtlantic,0
56019,WY,44.044048,-106.588541,10759.204098,7754.523809523809,162845.0,0.7207339631158477,Mountain,1
54005,WV,38.022814,-81.713538,1298.967362,25159.761904761905,528355.0,19.369048554094388,SAtlantic,0
19131,IA,43.348564,-92.784466,1215.368212,10847.333333333334,227794.0,8.925141554823991,WNCentral,0
28137,MS,34.649553,-89.943105,1048.332526,26543.904761904763,557422.0,25.320119431174422,ESCentral,0
38039,ND,47.456334,-98.232286,1835.486224,2561.285714285714,53787.0,1.3954262804021538,WNCentral,0
31059,NE,40.52504,-97.596705,1490.202741,6233.714285714285,130907.99999999999,4.183131673433343,WNCentral,0
31007,NE,41.53975,-103.726263,1932.231568,754.1904761904761,15838.0,0.3903209577365088,WNCentral,0
18037,IN,38.373344,-86.873385,1106.611837,40938.57142857143,859710.0,36.994517914750475,ENCentral,1
05027,AR,33.223038,-93.232843,1984.098878,24905.95238095238,523025.0,12.552777816223523,WSCentral,0
08099,CO,37.958181,-102.392161,4243.45724,13178.619047619048,276751.0,3.1056325779352143,Mountain,0
18077,IN,38.783604,-85.44009,934.053824,31967.809523809523,671324.0,34.22480450528033,ENCentral,1
19043,IA,42.840985,-91.323576,2016.295985,18303.95238095238,384383.0,9.078008644128893,WNCentral,0
24025,MD,39.537429,-76.299789,1132.152045,232916.52380952382,4891247.0,205.729013906011,SAtlantic,0
40141,OK,34.371085,-98.931701,2256.226948,8602.190476190477,180646.00000000003,3.8126441508092817,WSCentral,0
40045,OK,36.224258,-99.750139,3189.509979,4086.190476190476,85810.0,1.2811342504316636,WSCentral,0
51083,VA,36.766461,-78.939614,2117.913134,36406.57142857143,764538.0,17.189832219328135,SAtlantic,0
13081,GA,31.920268,-83.75653,706.236802,22341.714285714286,469176.0,31.634876888947918,SAtlantic,0
05125,AR,34.648525,-92.674463,1873.940136,94600.71428571429,1986615.0,50.48224992269139,WSCentral,0
08027,CO,38.101996,-105.373512,1913.031975,3856.0,80976.0,2.0156484838681274,Mountain,0
13097,GA,33.701242,-84.767314,518.355012,112527.33333333333,2363074.0,217.08545442468554,SAtlantic,1
17095,IL,40.930945,-90.213792,1855.427713,53875.95238095238,1131395.0,29.036944960707494,ENCentral,1
20151,KS,37.647594,-98.74012,1903.74095,9658.666666666666,202832.0,5.073519412747131,WNCentral,1
22003,LA,30.652744,-92.819605,1973.78882,25191.52380952381,529022.0,12.763028929064362,WSCentral,0
26067,MI,42.94465,-85.073766,1479.710873,64420.0,1352820.0,43.53553195793811,ENCentral,0
31099,NE,40.50912,-98.947602,1337.063561,6660.476190476191,139870.0,4.981420767681957,WNCentral,0
22043,LA,31.597787,-92.561716,1665.848458,20487.47619047619,430237.0,12.298523369330509,WSCentral,0
42019,PA,40.913847,-79.918978,2044.759924,178490.42857142858,3748299.0,87.29163090318303,MidAtlantic,1
29173,MO,39.553455,-91.524787,1216.743023,9753.761904761905,204829.0,8.016287515430367,WNCentral,0
48169,TX,33.183792,-101.301134,2313.937124,5663.476190476191,118933.0,2.4475497331949936,WSCentral,0
47025,TN,36.501572,-83.660698,1125.619421,30774.14285714286,646257.0,27.339740486889536,ESCentral,0
55121,WI,44.30305,-91.358867,1898.38331,27875.285714285714,585381.0,14.683697210910328,ENCentral,0
47125,TN,36.500354,-87.380887,1396.441787,152769.52380952382,3208160.0,109.39913516747535,ESCentral,2
08043,CO,38.45517,-105.424958,3972.705319,45854.857142857145,962952.0,11.542476338114003,Mountain,1
20155,KS,37.948185,-98.078346,3251.231984,63853.57142857143,1340925.0,19.639807846012943,WNCentral,0
21169,KY,36.99243,-85.633456,750.166111,9904.809523809523,208000.99999999997,13.20348837220337,ESCentral,0
29205,MO,39.797531,-92.088719,1297.230222,6535.190476190476,137239.0,5.037803132673606,WNCentral,0
39163,OH,39.252042,-82.485961,1068.008168,13000.333333333334,273007.0,12.17250365947888,ENCentral,0
42077,PA,40.614241,-75.590627,894.405982,329270.2380952381,6914675.0,368.1440472468107,MidAtlantic,4
26101,MI,44.245268,-86.327537,1404.616374,24447.52380952381,513398.0,17.405125173006,ENCentral,1
13259,GA,32.073225,-84.834912,1188.153054,5646.476190476191,118576.0,4.752313829827677,SAtlantic,0
18051,IN,38.317398,-87.580523,1262.31707,32983.619047619046,692656.0,26.129424873909883,ENCentral,1
19109,IA,43.212356,-94.213965,2519.361809,16409.666666666668,344603.0,6.513422013482093,WNCentral,1
27091,MN,43.677173,-94.547096,1844.928076,21182.761904761905,444838.0,11.481619354337315,WNCentral,0
31131,NE,40.637992,-96.131027,1594.56169,15404.142857142857,323487.0,9.660424525276822,WNCentral,0
48203,TX,32.547991,-94.374434,2331.141022,63099.857142857145,1325097.0,27.06822819698857,WSCentral,0
51193,VA,38.109311,-76.803933,593.951804,16924.0,355404.0,28.49389443053194,SAtlantic,0
05141,AR,35.582953,-92.515976,1837.758471,16537.14285714286,347280.00000000006,8.998539861521802,WSCentral,0
12077,FL,30.259849,-84.86858,2164.099094,7617.047619047619,159958.0,3.5197314393624612,SAtlantic,0
16061,ID,46.236328,-116.42376,1240.14196,3800.190476190476,79804.0,3.0643189237710144,Mountain,0
18081,IN,39.496092,-86.094264,829.870735,127110.47619047618,2669320.0,153.1690067254585,ENCentral,5
18113,IN,41.404679,-85.417271,1064.083614,45997.619047619046,965950.0,43.22744795844498,ENCentral,0
20159,KS,38.347178,-98.201415,1880.936102,10273.666666666666,215747.0,5.461996638664479,WNCentral,0
21029,KY,37.969945,-85.702635,769.360733,67957.76190476191,1427113.0,88.33016683834566,ESCentral,1
28117,MS,34.620566,-88.522184,1074.80661,25160.190476190477,528364.0,23.409039581725754,ESCentral,0
28071,MS,34.353078,-89.485385,1636.088509,42822.90476190476,899281.0,26.1739536255766,ESCentral,1
21137,KY,37.457174,-84.658335,862.06046,23843.0,500703.0,27.658152886399638,ESCentral,0
37061,NC,34.934403,-77.933543,2110.115795,52479.76190476191,1102075.0,24.87056019821979,SAtlantic,0
40153,OK,36.425619,-99.273661,3218.801191,19532.904761904763,410191.0,6.068378754338781,WSCentral,1
46059,SD,44.546713,-99.004575,3720.86249,3618.5238095238096,75989.0,0.9724959788889725,WNCentral,0
46067,SD,43.33671,-97.749383,2105.69467,7635.523809523809,160346.0,3.626130567887038,WNCentral,0
48249,TX,27.733516,-98.090814,2240.795377,40459.04761904762,849640.0,18.055663642618992,WSCentral,0
51135,VA,37.141167,-78.053866,814.265583,15614.714285714286,327909.0,19.176439004317203,SAtlantic,1
55005,WI,45.437192,-91.852892,2235.28141,45158.333333333336,948325.0,20.2025271320685,ENCentral,1
51700,VA,37.076136,-76.52198,178.679454,180841.66666666666,3797675.0,1012.1010704827129,SAtlantic,0
48309,TX,31.549596,-97.201511,2684.924491,222542.09523809524,4673384.0,82.88579287204067,WSCentral,3
18111,IN,40.962399,-87.402172,1040.539827,14359.238095238095,301544.0,13.799796723434877,ENCentral,0
20047,KS,37.883595,-99.304746,1610.699245,3186.4285714285716,66915.0,1.9782889830736659,WNCentral,0
28123,MS,32.411959,-89.533486,1577.902083,27484.333333333332,577171.0,17.418275588481706,ESCentral,0
29061,MO,39.962839,-93.970053,1458.893649,8159.619047619048,171352.0,5.593018417217777,WNCentral,0
29059,MO,37.683583,-93.033815,1401.057564,16095.809523809523,338012.0,11.488328486558546,WNCentral,1
31077,NE,41.567571,-98.530565,1475.804204,2648.3333333333335,55615.0,1.7945018222304328,WNCentral,0
31039,NE,41.915865,-96.788517,1477.645345,9576.809523809523,201112.99999999997,6.481128611960351,WNCentral,0
18047,IN,39.409762,-85.066964,995.658281,22584.95238095238,474284.0,22.683437492498875,ENCentral,0
12003,FL,30.324442,-82.302284,1515.738972,24423.619047619046,512895.99999999994,16.11334108233185,SAtlantic,0
20187,KS,37.565932,-101.789383,1762.103387,2252.4285714285716,47301.0,1.2782613029666525,WNCentral,0
28109,MS,30.774793,-89.586904,2101.307249,51520.0,1081920.0,24.51807084590703,ESCentral,3
32009,NV,37.778966,-117.632382,9277.050177,928.7619047619048,19504.0,0.10011392490519509,Mountain,0
39035,OH,41.555037,-81.604957,1184.169986,1329733.4761904762,27924403.0,1122.9244888077042,ENCentral,14
06099,CA,37.562316,-121.002831,3874.667294,483158.28571428574,10146324.0,124.69671562832403,Pacific,9
12083,FL,29.202805,-82.0431,4113.993941,293614.09523809527,6165896.000000001,71.36959836326976,SAtlantic,6
13221,GA,33.866806,-83.074081,1137.165335,13372.142857142857,280815.0,11.759189667123346,SAtlantic,0
18069,IN,40.826394,-85.478597,991.056717,37307.76190476191,783463.0000000001,37.64442666580697,ENCentral,1
19013,IA,42.471132,-92.3076,1465.303205,127611.71428571429,2679846.0,87.08894776880959,WNCentral,1
20123,KS,39.393026,-98.207362,1817.632931,6594.190476190476,138478.0,3.627899981192889,WNCentral,1
21187,KY,38.499395,-84.84159,909.365301,10617.857142857143,222975.0,11.67611864140959,ESCentral,0
22039,LA,30.720693,-92.404086,1715.687375,34308.142857142855,720471.0,19.99673329597291,WSCentral,0
39057,OH,39.687479,-83.894894,1071.111594,155786.52380952382,3271517.0,145.4437844592352,ENCentral,0
36039,NY,42.279821,-74.142025,1676.140499,48467.90476190476,1017826.0,28.916373532422334,MidAtlantic,0
39101,OH,40.588034,-83.168803,1045.853061,66522.19047619047,1396966.0,63.605675555019936,ENCentral,0
46045,SD,45.41168,-99.205362,2916.275923,4141.0,86961.0,1.4199616597801605,WNCentral,0
47101,TN,35.523244,-87.496983,730.614739,11563.238095238095,242828.0,15.826724370582532,ESCentral,0
46129,SD,45.427605,-100.027856,1835.374267,5570.857142857143,116988.0,3.0352703767406277,WNCentral,0
49035,UT,40.667883,-111.92424,1921.953041,957240.7619047619,20102056.0,498.05626957810875,Mountain,17
54035,WV,38.834234,-81.677717,1202.685109,28570.285714285714,599976.0,23.755416526310142,SAtlantic,0
48007,TX,28.122621,-96.967501,652.85678,23062.14285714286,484305.00000000006,35.32496492897395,WSCentral,1
48499,TX,32.783588,-95.382166,1671.172155,39035.0,819735.0,23.357856869030947,WSCentral,0
19095,IA,41.683918,-92.059123,1518.911689,16015.142857142857,336318.0,10.543827513557872,WNCentral,0
37083,NC,36.251438,-77.644842,1874.47293,55424.90476190476,1163923.0,29.56826096277889,SAtlantic,0
28077,MS,31.550009,-90.10753,1115.254005,12954.666666666666,272048.0,11.615888944211113,ESCentral,1
13209,GA,32.172108,-82.533349,624.563058,8628.238095238095,181193.0,13.814839005796747,SAtlantic,0
13319,GA,32.804266,-83.175512,1163.459876,9972.047619047618,209413.0,8.571028382458476,SAtlantic,0
31043,NE,42.391624,-96.561327,684.472104,20097.47619047619,422047.0,29.36200916447603,WNCentral,0
42047,PA,41.427332,-78.653937,2141.664734,33281.76190476191,698917.0000000001,15.540136313773708,MidAtlantic,3
08077,CO,39.019524,-108.460571,8621.348079,130668.23809523809,2744033.0,15.156358019405529,Mountain,1
16055,ID,47.675957,-116.695919,3205.833858,123240.28571428571,2588046.0,38.44250549876303,Mountain,4
19145,IA,40.739097,-95.144301,1385.497642,16352.857142857143,343410.0,11.80287619923437,WNCentral,0
27167,MN,46.362335,-96.476657,1945.179856,6865.9047619047615,144184.0,3.5297017603418785,WNCentral,0
36119,NY,41.152686,-73.745753,1115.568257,933315.7142857143,19599630.0,836.6280668433491,MidAtlantic,3
47011,TN,35.153914,-84.859414,851.489196,92658.14285714286,1945821.0,108.81892957939874,ESCentral,1
48295,TX,36.2802,-100.272683,2414.422644,3175.7619047619046,66691.0,1.3153297384175395,WSCentral,0
12079,FL,30.447233,-83.470416,1804.001483,18657.47619047619,391807.0,10.342273200047137,SAtlantic,0
13159,GA,33.316981,-83.689151,954.167636,12338.761904761905,259114.0,12.931440387653124,SAtlantic,0
17029,IL,39.51368,-88.220782,1316.418028,52867.47619047619,1110217.0,40.160097374841015,ENCentral,1
17147,IL,40.009033,-88.592355,1137.492089,16493.285714285714,346359.0,14.499692678113837,ENCentral,0
20105,KS,39.04728,-98.214284,1863.226707,3349.1428571428573,70332.0,1.79749616327438,WNCentral,0
26165,MI,44.331375,-85.570046,1463.148677,31410.380952380954,659618.0,21.467661794141073,ENCentral,0
27057,MN,47.095551,-94.91329,2398.345766,19097.571428571428,401049.0,7.962809908107065,WNCentral,2
28131,MS,30.790184,-89.112297,1153.80012,15513.52380952381,325784.0,13.445590393528306,ESCentral,0
31115,NE,41.903183,-99.509852,1459.513675,655.3333333333334,13762.0,0.44900801174975863,WNCentral,0
26125,MI,42.660452,-83.38421,2246.231043,1200363.619047619,25207635.999999996,534.3900943709017,ENCentral,8
47175,TN,35.699234,-85.458409,708.142395,5410.0,113610.0,7.639706418085589,ESCentral,0
48327,TX,30.885268,-99.858861,2336.23798,2252.0476190476193,47293.00000000001,0.9639632769978422,WSCentral,0
48361,TX,30.122323,-93.8941,864.501044,83415.42857142857,1751723.9999999998,96.48967939410443,WSCentral,1
54011,WV,38.419578,-82.243397,727.845449,95751.28571428571,2010777.0,131.55441975468847,SAtlantic,2
48317,TX,32.30983,-101.961836,2369.724591,4835.761904761905,101551.0,2.040643002620512,WSCentral,0
48003,TX,32.312258,-102.640206,3886.850259,14355.666666666666,301469.0,3.693393290216449,WSCentral,0
19023,IA,42.734757,-92.780153,1502.550829,15128.761904761905,317704.0,10.068718883094705,WNCentral,0
47121,TN,35.512203,-84.816102,505.397668,11033.42857142857,231701.99999999997,21.831182195776517,ESCentral,0
19027,IA,42.039502,-94.86765,1474.87721,21029.04761904762,441610.0,14.258168392911582,WNCentral,0
21181,KY,38.338031,-84.026223,505.465963,7051.714285714285,148086.0,13.950918166401415,ESCentral,0
21123,KY,37.544462,-85.696841,677.4191,13645.333333333334,286552.0,20.143118688760524,ESCentral,0
39173,OH,41.360183,-83.622682,1598.441996,123784.42857142857,2599473.0,77.44067590891085,ENCentral,3
31013,NE,42.21038,-103.081779,2785.180098,11836.333333333334,248563.0,4.249755102671043,WNCentral,1
31127,NE,40.387389,-95.852721,1055.100613,7371.666666666667,154805.0,6.986695463768692,WNCentral,0
18029,IN,39.140897,-84.975868,790.171258,48180.619047619046,1011793.0,60.97490709744222,ENCentral,0
48111,TX,36.28637,-102.59402,3893.095084,6535.571428571428,137247.0,1.6787597753344337,WSCentral,0
42131,PA,41.525173,-76.008731,1029.198657,28445.238095238095,597350.0,27.638238644959774,MidAtlantic,0
29221,MO,37.942611,-90.897018,1968.043965,24116.0,506436.0,12.253791291700132,WNCentral,0
19151,IA,42.734033,-94.678279,1495.047209,7952.0,166992.0,5.318895585457061,WNCentral,1
27161,MN,44.01846,-93.589844,1096.505122,19009.809523809523,399206.0,17.336726607474546,WNCentral,0
47107,TN,35.424472,-84.619949,1113.997311,50108.95238095238,1052288.0,44.981214843302595,ESCentral,0
21055,KY,37.358149,-88.10501,932.300423,9303.190476190477,195367.00000000003,9.978747458093213,ESCentral,0
19135,IA,41.028847,-92.869642,1123.320781,7986.9047619047615,167725.0,7.110083688467579,WNCentral,1
47049,TN,36.369892,-84.937764,1291.385622,17118.238095238095,359483.0,13.25571371061625,ESCentral,0
19141,IA,43.083746,-95.625624,1484.153957,14570.52380952381,305981.0,9.817393768889039,WNCentral,0
38065,ND,47.118079,-101.33142,1871.017444,1970.0,41370.0,1.0529030642217785,WNCentral,0
16071,ID,42.183895,-112.520449,3105.269247,4130.190476190476,86734.0,1.3300587316802406,Mountain,0
16075,ID,44.00243,-116.750238,1053.849237,21558.14285714286,452721.00000000006,20.456572060072443,Mountain,1
22081,LA,32.101213,-93.34905,1007.453088,9302.190476190477,195346.00000000003,9.233373332208673,WSCentral,0
16083,ID,42.352309,-114.665639,4977.20609,70498.90476190476,1480477.0,14.164353150565395,Mountain,2
37079,NC,35.481959,-77.681688,690.838977,19949.380952380954,418937.00000000006,28.877034470481178,SAtlantic,0
37101,NC,35.513419,-78.367348,2051.313884,143275.0,3008775.0,69.84547860643252,SAtlantic,3
19003,IA,41.021656,-94.696906,1096.686247,4207.666666666667,88361.0,3.8367096133254113,WNCentral,0
24023,MD,39.547299,-79.274619,1681.102437,29854.47619047619,626944.0,17.75886795081494,SAtlantic,0
46055,SD,44.288097,-101.540856,4689.279882,2099.6666666666665,44093.0,0.447758871191785,WNCentral,0
28093,MS,34.76619,-89.504231,1829.011199,35269.333333333336,740656.0,19.283279048601024,ESCentral,0
21235,KY,36.758024,-84.144648,1133.977401,35920.19047619047,754324.0,31.67628424033335,ESCentral,0
18007,IN,40.600939,-87.314786,1052.616458,9113.809523809523,191389.99999999997,8.658243422419986,ENCentral,0
40053,OK,36.788254,-97.788151,2591.904426,4860.714285714285,102074.99999999999,1.8753447221877946,WSCentral,0
16009,ID,47.218451,-116.633541,2012.242914,9079.47619047619,190669.0,4.512117362822623,Mountain,0
47129,TN,36.138697,-84.639262,1352.439677,20586.14285714286,432309.00000000006,15.221486922660624,ESCentral,0
19099,IA,41.685551,-93.054147,1891.795109,36832.619047619046,773485.0,19.469666071337247,WNCentral,0
40081,OK,35.703117,-96.881392,2466.633022,32972.333333333336,692419.0,13.367344489128199,WSCentral,1
38013,ND,48.786453,-102.520087,2858.360401,2163.3333333333335,45430.0,0.7568441448378901,WNCentral,0
55015,WI,44.07841,-88.212132,824.263566,44780.28571428572,940386.0000000001,54.327629609538896,ENCentral,0
47007,TN,35.593561,-85.20591,1052.973468,12466.714285714286,261801.0,11.83953315499331,ESCentral,0
35043,NM,35.685091,-106.883119,9609.358325,110504.28571428571,2320590.0,11.499652940071387,Mountain,3
18085,IN,41.244293,-85.861575,1376.434729,75080.0,1576680.0,54.546720173608755,ENCentral,0
21049,KY,37.970314,-84.145115,653.939115,34046.95238095238,714986.0,52.064407220773724,ESCentral,0
48069,TX,34.533621,-102.258786,2316.600393,8071.9047619047615,169510.0,3.4843751154905207,WSCentral,0
46135,SD,43.006603,-97.388361,1349.873576,21845.14285714286,458748.00000000006,16.183102807209007,WNCentral,0
46039,SD,44.75629,-96.690239,1612.885711,4412.333333333333,92659.0,2.735676373868832,WNCentral,0
48017,TX,34.067521,-102.830345,2141.847187,6917.571428571428,145269.0,3.2297222092023268,WSCentral,0
46079,SD,44.02845,-97.123223,1457.879899,11121.42857142857,233549.99999999997,7.628494349265028,WNCentral,0
42023,PA,41.438291,-78.198323,1026.239931,5384.952380952381,113084.0,5.247264521957469,MidAtlantic,0
26093,MI,42.602532,-83.911718,1464.077278,169251.38095238095,3554279.0,115.60276461880925,ENCentral,7
42093,PA,41.029284,-76.665225,337.322557,18148.095238095237,381110.0,53.80041998820504,MidAtlantic,0
22111,LA,32.829349,-92.37565,2271.159651,22480.571428571428,472092.0,9.898278801612713,WSCentral,0
05011,AR,33.466549,-92.169156,1681.335016,11675.809523809523,245191.99999999997,6.944368262541154,WSCentral,0
31085,NE,40.537234,-101.047963,1846.821531,1022.4761904761905,21472.0,0.553641038569953,WNCentral,0
39023,OH,39.917032,-83.783676,1027.9075,141276.47619047618,2966806.0,137.4408457866843,ENCentral,2
31123,NE,41.732204,-102.990594,3688.187959,5162.0,108402.0,1.399603289578442,WNCentral,0
38031,ND,47.471431,-98.872876,1642.258774,3550.5238095238096,74561.0,2.1619758504172313,WNCentral,0
31139,NE,42.271413,-97.610992,1484.70727,7516.380952380952,157844.0,5.062533944742489,WNCentral,0
35029,NM,32.184523,-107.747191,7679.776933,24556.95238095238,515696.0,3.1976127165140906,Mountain,1
35021,NM,35.859352,-103.853424,5504.963122,771.952380952381,16211.0,0.14022843820103995,Mountain,0
39065,OH,40.660415,-83.664077,1218.033114,31841.333333333332,668668.0,26.141599080805722,ENCentral,0
42105,PA,41.748587,-77.894436,2800.422768,17567.52380952381,368918.0,6.273168469512961,MidAtlantic,1
01123,AL,32.863308,-85.799618,1855.798005,40954.52380952381,860045.0,22.068416766901205,ESCentral,0
35005,NM,33.361604,-104.469837,15713.914833,63325.52380952381,1329836.0,4.029901172465125,Mountain,3
29145,MO,36.908371,-94.335034,1618.106506,54598.28571428572,1146564.0,33.742084041954726,WNCentral,1
39079,OH,39.013477,-82.614142,1088.598926,32816.333333333336,689143.0,30.145476492352646,ENCentral,1
27097,MN,46.020484,-94.266619,2913.980727,32208.333333333332,676375.0,11.053035812797718,WNCentral,0
29149,MO,36.68531,-91.401827,2045.687598,10536.857142857143,221274.0,5.150765519211572,WNCentral,1
51179,VA,38.423084,-77.458048,697.237751,113071.42857142857,2374500.0,162.1705485815391,SAtlantic,1
51181,VA,37.119761,-76.880172,722.475752,6788.0,142548.0,9.39547103305413,SAtlantic,0
38073,ND,46.449276,-97.647554,2233.792873,5684.142857142857,119367.0,2.5446150025131975,WNCentral,0
51183,VA,36.926645,-77.259732,1269.679003,11692.52380952381,245543.0,9.209039278350426,SAtlantic,0
48179,TX,35.402542,-100.812374,2398.261679,22727.238095238095,477272.0,9.476546406193105,WSCentral,0
48189,TX,34.068436,-101.822888,2602.109423,35965.76190476191,755281.0000000001,13.82177151616345,WSCentral,0
42025,PA,40.918367,-75.705039,987.623689,61937.09523809524,1300679.0,62.71325397308816,MidAtlantic,0
46033,SD,43.684943,-103.46225,4032.463966,7726.476190476191,162256.0,1.9160682539565168,WNCentral,0
46057,SD,44.680619,-97.178598,1313.172143,5654.714285714285,118748.99999999999,4.306148524287029,WNCentral,0
45031,SC,34.332185,-79.962115,1451.917179,67581.80952380953,1419218.0,46.54660093653285,SAtlantic,0
42045,PA,39.916685,-75.398818,476.078155,553565.4761904762,11624875.0,1162.761765850139,MidAtlantic,2
27069,MN,48.77604,-96.780349,2846.395545,4878.761904761905,102454.0,1.7140140320033788,WNCentral,0
29027,MO,38.835547,-91.923446,2161.518051,41719.142857142855,876102.0,19.300853322895918,WNCentral,1
17063,IL,41.29241,-88.401054,1082.940544,43616.142857142855,915939.0,40.27565788241728,ENCentral,0
44003,RI,41.675118,-71.580282,436.584631,165886.04761904763,3483607.0000000005,379.9630949882146,NewEngland,3
27079,MN,44.373424,-93.730143,1162.060231,26642.809523809523,559499.0,22.927219100237433,WNCentral,0
56007,WY,41.70359,-106.933153,20455.215114,15586.380952380952,327314.0,0.7619759003029644,Mountain,1
56003,WY,44.525117,-107.994848,8124.681751,11411.52380952381,239642.0,1.40455025307536,Mountain,0
56005,WY,44.191999,-105.517014,12437.291886,39654.47619047619,832744.0,3.188352943224974,Mountain,2
47161,TN,36.458464,-87.811889,1190.814528,12562.809523809523,263819.0,10.549761720583847,ESCentral,0
51029,VA,37.573928,-78.529169,1501.21544,16112.714285714286,338367.0,10.73311255426089,SAtlantic,0
48035,TX,31.900819,-97.637641,2545.908129,17556.904761904763,368695.0,6.89612659699582,WSCentral,1
56031,WY,42.131593,-104.953963,5390.953617,8661.0,181881.0,1.6065803223919668,Mountain,0
45061,SC,34.15864,-80.251209,1062.372306,19586.571428571428,411318.0,18.43663593069173,SAtlantic,1
45063,SC,33.899246,-81.266118,1810.397035,237405.7619047619,4985521.0,131.1346391509981,SAtlantic,2
48047,TX,27.034994,-98.215276,2443.277014,7665.476190476191,160975.0,3.137374987180308,WSCentral,0
55033,WI,44.947751,-91.897645,2201.90284,41745.71428571428,876659.9999999999,18.958926582661693,ENCentral,1
45079,SC,34.029095,-80.898037,1961.343401,351083.3333333333,7372750.0,179.00146050626924,SAtlantic,5
27099,MN,43.666249,-92.759514,1842.187917,38541.52380952381,809372.0,20.921602760422303,WNCentral,0
51043,VA,39.115307,-77.990748,455.664146,13488.857142857143,283266.0,29.602630053884344,SAtlantic,0
55133,WI,43.018368,-88.30424,1423.769478,374671.8095238095,7868108.0,263.15482619427917,ENCentral,5
49055,UT,38.25984,-110.990877,6374.011495,2575.095238095238,54077.0,0.40399915188656843,Mountain,0
51097,VA,37.717772,-76.905581,816.232787,6765.0,142065.0,8.288076768962235,SAtlantic,0
27133,MN,43.669587,-96.263238,1249.562287,9622.857142857143,202080.0,7.700982370362738,WNCentral,0
41031,OR,44.645151,-121.178632,4614.583047,20031.0,420651.0,4.34080388108356,Pacific,0
51109,VA,37.972704,-77.959795,1282.16464,29300.761904761905,615316.0,22.85257367943161,SAtlantic,0
29043,MO,36.969739,-93.187614,1457.099562,65244.23809523809,1370129.0,44.77678794006671,WNCentral,0
27147,MN,44.015261,-93.220453,1112.775703,34763.666666666664,730037.0,31.24049758899765,WNCentral,2
29131,MO,38.21668,-92.429876,1534.7533,24018.285714285714,504384.0,15.649606822337969,WNCentral,0
29053,MO,38.847093,-92.810069,1462.695259,17048.190476190477,358012.0,11.655326269291255,WNCentral,0
29055,MO,37.966559,-91.313936,1923.00589,23673.85714285714,497150.99999999994,12.310860443000069,WNCentral,0
20029,KS,39.487329,-97.64139,1852.726651,9760.904761904761,204979.0,5.268399823922413,WNCentral,0
18021,IN,39.393928,-87.115858,926.18062,26737.14285714286,561480.0,28.868173528769,ENCentral,0
47001,TN,36.116731,-84.195418,873.352611,73014.85714285714,1533312.0,83.6029528316795,ESCentral,1
20057,KS,37.688416,-99.884748,2844.508242,32235.809523809523,676952.0,11.332647607708891,WNCentral,1
13129,GA,34.509667,-84.873862,923.182601,49317.42857142857,1035666.0,53.421098402426,SAtlantic,0
18095,IN,40.166203,-85.722454,1170.470206,131413.19047619047,2759677.0,112.27384499199331,ENCentral,1
41037,OR,42.788401,-120.38979,21078.901111,7616.238095238095,159941.0,0.3613204528609687,Pacific,1
42063,PA,40.651432,-79.087545,2142.965919,88736.47619047618,1863465.9999999998,41.40825358150559,MidAtlantic,1
47023,TN,35.420253,-88.611353,740.053474,16052.142857142857,337095.0,21.6905175383892,ESCentral,0
26005,MI,42.421251,-86.261403,2137.395679,108227.90476190476,2272786.0,50.63540916885364,ENCentral,1
21091,KY,37.843325,-86.792761,486.07147,8598.380952380952,180566.0,17.689540495723712,ESCentral,0
19033,IA,43.074975,-93.250965,1471.889949,44902.76190476191,942958.0000000001,30.50687446793749,WNCentral,1
37147,NC,35.59249,-77.372739,1689.621009,149605.0,3141705.0,88.543524969865,SAtlantic,0
19037,IA,43.059741,-92.31721,1306.192614,12774.761904761905,268270.0,9.780151692667513,WNCentral,0
37159,NC,35.641355,-80.521721,1325.058763,132507.80952380953,2782664.0,100.0014589721328,SAtlantic,1
37167,NC,35.310449,-80.254374,1023.25004,58668.380952380954,1232036.0,57.335332185651275,SAtlantic,0
20073,KS,37.879347,-96.241732,2961.143636,7200.857142857143,151218.0,2.43178245570832,WNCentral,0
48075,TX,34.524624,-100.208166,1803.954626,7329.857142857143,153927.0,4.0632159130909,WSCentral,1
48133,TX,32.324645,-98.83656,2399.644791,18243.85714285714,383120.99999999994,7.602732375759,WSCentral,0
48107,TX,33.609144,-101.29871,2331.503429,6557.380952380952,137705.0,2.8125118199776633,WSCentral,0
19063,IA,43.377984,-94.66937,1025.349325,10502.285714285714,220548.0,10.242641661938691,WNCentral,0
21109,KY,37.403458,-84.020576,894.051381,13330.333333333334,279937.0,14.910030470981772,ESCentral,0
37069,NC,36.088241,-78.28309,1273.761673,53688.857142857145,1127466.0,42.149845046293166,SAtlantic,2
19081,IA,43.075411,-93.743697,1478.895055,11667.52380952381,245018.0,7.8893521011359455,WNCentral,0
21121,KY,36.8885,-83.855551,1000.52469,31599.85714285714,663597.0,31.583285708678655,ESCentral,0
20111,KS,38.455403,-96.161641,2194.958222,34664.47619047619,727954.0,15.792772656461151,WNCentral,0
48121,TX,33.205132,-97.12114,2275.318245,552646.9047619047,11605585.0,242.887739320134,WSCentral,5
47159,TN,36.256645,-85.941915,814.020543,18101.428571428572,380130.0,22.23706603855153,ESCentral,0
19195,IA,43.373491,-93.248533,1036.314932,7680.809523809524,161297.0,7.411655749267466,WNCentral,0
20205,KS,37.558515,-95.745175,1477.385742,9764.761904761905,205060.0,6.609487033185342,WNCentral,0
21141,KY,36.859607,-86.881288,1430.224002,26579.380952380954,558167.0,18.58406859010394,ESCentral,0
21143,KY,37.023976,-88.083391,553.848612,8235.142857142857,172938.0,14.868941943187279,ESCentral,0
48127,TX,28.423587,-99.765871,3441.795903,10247.57142857143,215199.00000000003,2.977390791719886,WSCentral,0
49031,UT,38.335881,-112.129375,1964.345826,1455.4761904761904,30564.999999999996,0.7409470222664297,Mountain,0
27063,MN,43.671111,-95.149731,1820.689892,10777.285714285714,226323.0,5.919341762504668,WNCentral,0
27067,MN,45.152714,-95.004981,2065.187146,41609.19047619047,873793.0,20.147903087999595,WNCentral,0
49039,UT,39.373426,-111.576933,4117.901457,24798.333333333332,520765.0,6.022080322291047,Mountain,0
46037,SD,45.355161,-97.58143,2663.773676,5941.952380952381,124781.0,2.230652113761778,WNCentral,0
27039,MN,44.020706,-92.869353,1137.734301,18940.52380952381,397751.0,16.64758089202042,WNCentral,0
26127,MI,43.603954,-86.467177,1393.68639,26327.47619047619,552877.0,18.890531169265554,ENCentral,1
21213,KY,36.740937,-86.581793,606.589242,16938.85714285714,355715.99999999994,27.924756936024167,ESCentral,0
26149,MI,41.911488,-85.52287,1296.536371,61576.76190476191,1293112.0,47.49327769129117,ENCentral,1
37165,NC,34.840023,-79.477337,826.569986,35905.95238095238,754025.0,43.43970019370191,SAtlantic,0
17047,IL,38.417095,-88.047941,576.01247,6818.523809523809,143189.0,11.837458674330104,ENCentral,0
17061,IL,39.355439,-90.387682,1406.464909,14458.380952380952,303626.0,10.279944319877057,ENCentral,0
48365,TX,32.163978,-94.305156,2101.4009,23284.095238095237,488966.0,11.080272801870045,WSCentral,1
21237,KY,37.743893,-83.49511,575.419135,7240.523809523809,152051.0,12.583043157791076,ESCentral,0
21011,KY,38.152249,-83.737641,722.081417,11324.714285714286,237819.0,15.683431285026805,ESCentral,1
21019,KY,38.360003,-82.681406,414.054165,49407.142857142855,1037550.0,119.32531304725036,ESCentral,0
40073,OK,35.949436,-97.934557,2326.010568,14394.52380952381,302285.0,6.188503185478136,WSCentral,0
46013,SD,45.589254,-98.352175,4436.728205,36158.47619047619,759328.0,8.149806460924777,WNCentral,1
25019,MA,41.293392,-70.102164,119.637319,9457.714285714286,198612.0,79.05321152937476,NewEngland,0
46011,SD,44.376675,-96.797797,2051.833299,29797.04761904762,625738.0,14.52215812735361,WNCentral,0
21035,KY,36.620978,-88.274086,997.224714,35674.142857142855,749157.0,35.773424340888184,ESCentral,1
45009,SC,33.203021,-81.053161,1018.815104,16143.42857142857,339012.0,15.8452976482655,SAtlantic,0
55053,WI,44.32459,-90.79951,2558.687757,19467.14285714286,408810.00000000006,7.608252630234029,ENCentral,2
55113,WI,45.864911,-91.147133,3257.188233,16370.904761904761,343789.0,5.0260849514449175,ENCentral,0
55129,WI,45.892489,-91.796422,2064.515991,15791.285714285714,331617.0,7.648904529258118,ENCentral,0
56013,WY,43.054831,-108.608935,23785.388836,37839.28571428572,794625.0000000001,1.5908626079307422,Mountain,1
27125,MN,47.865487,-96.08718,1119.929346,4173.0952380952385,87635.00000000001,3.726212955308378,WNCentral,0
38093,ND,46.972223,-98.956123,5754.70348,21179.333333333332,444766.0,3.6803518038662406,WNCentral,0
12041,FL,29.723456,-82.795801,905.705571,15452.714285714286,324507.0,17.061520631536766,SAtlantic,0
28007,MS,33.090468,-89.588622,1903.529295,19123.714285714286,401598.0,10.046451260795692,ESCentral,0
42039,PA,41.687876,-80.107795,2621.988043,88962.47619047618,1868211.9999999998,33.929398125205786,MidAtlantic,1
46121,SD,43.208794,-100.707664,3596.445673,9510.42857142857,199718.99999999997,2.644396561534984,WNCentral,0
29199,MO,40.447686,-92.142824,1130.548365,4858.0,102018.0,4.297029786956527,WNCentral,0
49003,UT,41.622623,-113.060252,14881.028167,45962.23809523809,965206.9999999999,3.0886466700710526,Mountain,1
48057,TX,28.441719,-96.579574,1312.960774,20980.380952380954,440588.00000000006,15.97944231682047,WSCentral,0
31069,NE,41.633364,-102.302985,4416.875795,2117.285714285714,44463.0,0.4793627470083103,WNCentral,0
38035,ND,47.926003,-97.450851,3719.806628,67486.52380952382,1417217.0000000002,18.14248173588765,WNCentral,0
31023,NE,41.226072,-97.132039,1514.867108,8490.809523809523,178306.99999999997,5.60498639053527,WNCentral,0
37059,NC,35.929355,-80.542552,682.97754,37424.04761904762,785905.0,54.795429464704824,SAtlantic,0
05063,AR,35.737499,-91.559942,1978.003742,35100.04761904762,737101.0,17.745187672677122,WSCentral,1
38067,ND,48.766896,-97.545405,2896.993132,7892.666666666667,165746.0,2.7244340276422396,WNCentral,0
05067,AR,35.596467,-91.223205,1641.044497,17965.095238095237,377267.0,10.94735412168122,WSCentral,0
05069,AR,34.277239,-91.929673,2259.419628,79309.33333333333,1665496.0,35.10163953189014,WSCentral,0
37081,NC,36.079065,-79.788665,1672.930669,449184.14285714284,9432867.0,268.501349865051,SAtlantic,3
51600,VA,38.853183,-77.299025,16.162728,21765.95238095238,457085.0,1346.6756590194664,SAtlantic,2
51620,VA,36.684014,-76.941396,21.438217,8400.761904761905,176416.0,391.8591692938785,SAtlantic,1
51660,VA,38.436255,-78.873303,44.908386,43771.28571428572,919197.0000000001,974.6795557133966,SAtlantic,2
51690,VA,36.683527,-79.863647,28.374648,14465.42857142857,303774.0,509.80116375112635,SAtlantic,0
51730,VA,37.20473,-77.392368,58.84573,33041.42857142857,693870.0,561.4923728778379,SAtlantic,0
20173,KS,37.681045,-97.461054,2582.051713,472749.3333333333,9927736.0,183.09057520155613,WNCentral,5
51790,VA,38.157978,-79.061876,51.593819,24025.238095238095,504530.0,465.66116951408645,SAtlantic,1
01051,AL,32.597229,-86.142735,1601.945705,71817.38095238095,1508165.0,44.83134523737241,ESCentral,1
12027,FL,27.190581,-81.806253,1649.031791,31922.428571428572,670371.0,19.358285719931622,SAtlantic,0
06069,CA,36.611651,-121.085811,3596.591085,53340.857142857145,1120158.0,14.83094849601373,Pacific,2
18087,IN,41.642462,-85.427845,983.236299,35873.619047619046,753346.0,36.48524681615629,ENCentral,1
37089,NC,35.336415,-82.479741,965.934305,96459.23809523809,2025644.0,99.86107501921478,SAtlantic,1
01037,AL,32.931445,-86.243482,1685.846963,11523.42857142857,241991.99999999997,6.835394210944503,ESCentral,0
37161,NC,35.402747,-81.919582,1464.47609,64568.42857142857,1355937.0,44.089779964539105,SAtlantic,0
20099,KS,37.191468,-95.297473,1671.560715,22030.809523809523,462647.0,13.179784213706842,WNCentral,0
51007,VA,37.331927,-77.977462,920.379345,11746.333333333334,246673.0,12.762491245751864,SAtlantic,0
37177,NC,35.87042,-76.165345,1012.106669,4164.9047619047615,87462.99999999999,4.115084792416047,SAtlantic,0
39103,OH,41.116174,-81.899764,1091.571154,161135.61904761905,3383848.0,147.61806269536055,ENCentral,5
18151,IN,41.643467,-85.002405,799.729203,33282.71428571428,698936.9999999999,41.61748021813114,ENCentral,0
19061,IA,42.463481,-90.878771,1575.487976,91501.04761904762,1921522.0,58.077909202048794,WNCentral,2
01017,AL,32.915504,-85.394032,1545.085601,35331.666666666664,741965.0,22.867125707339152,ESCentral,0
39109,OH,40.053326,-84.228413,1052.883435,100814.33333333333,2117101.0,95.75070704131016,ENCentral,0
08069,CO,40.658093,-105.486764,6723.014102,274862.04761904763,5772103.0,40.883752949035184,Mountain,7
01031,AL,31.402258,-85.989602,1758.565928,46328.80952380953,972905.0,26.344653212119738,ESCentral,0
39113,OH,39.753736,-84.290591,1194.894576,549290.0952380953,11535092.0,459.6975384028317,ENCentral,6
01045,AL,31.430654,-85.609476,1453.276166,49520.0,1039920.0,34.074734836049046,ESCentral,0
17121,IL,38.648236,-88.920362,1482.865616,40341.52380952381,847172.0,27.205111086427543,ENCentral,0
39117,OH,40.525266,-82.797729,1051.881045,33461.52380952381,702692.0,31.811129184787056,ENCentral,0
19089,IA,43.365312,-92.321908,1225.702841,9656.380952380952,202784.0,7.878239838705695,WNCentral,1
39119,OH,39.966046,-81.943506,1721.165826,85401.80952380953,1793438.0,49.61858307533555,ENCentral,1
08095,CO,40.594712,-102.345105,1781.724976,4387.523809523809,92138.0,2.4625146240997684,Mountain,0
39127,OH,39.743187,-82.237952,1056.54408,35128.42857142857,737697.0,33.24842686301226,ENCentral,0
12097,FL,28.059027,-81.139312,3438.328928,223446.33333333334,4692373.0,64.98689858137196,SAtlantic,4
19113,IA,42.077951,-91.597674,1857.173066,200498.2857142857,4210464.0,107.95885929259201,WNCentral,2
17175,IL,41.096908,-89.797411,746.156213,6090.142857142857,127893.0,8.162021237693368,ENCentral,0
08115,CO,40.871568,-102.355358,1419.419015,2508.809523809524,52685.0,1.7674904290397462,Mountain,0
19129,IA,41.033703,-95.619101,1132.9405,14733.904761904761,309412.0,13.005011968329107,WNCentral,1
39141,OH,39.323895,-83.059538,1784.931094,75991.19047619047,1595815.0,42.57373897044704,ENCentral,3
19161,IA,42.387526,-95.105224,1489.300203,10903.809523809523,228979.99999999997,7.321431570240324,WNCentral,0
48399,TX,31.845119,-99.982715,2722.259323,10812.190476190477,227056.00000000003,3.971770942187522,WSCentral,0
39147,OH,41.119992,-83.127547,1427.151728,57820.28571428572,1214226.0,40.51446288427555,ENCentral,0
48421,TX,36.278593,-101.899265,2390.195607,3006.9523809523807,63145.99999999999,1.2580361089051155,WSCentral,0
17191,IL,38.431857,-88.43243,1848.81038,16873.619047619046,354345.99999999994,9.126744002605095,ENCentral,0
19121,IA,41.330622,-94.015184,1452.999052,14813.333333333334,311080.0,10.195005504610153,WNCentral,1
39155,OH,41.306374,-80.7704,1600.873954,217148.19047619047,4560112.0,135.64352767038054,ENCentral,1
39159,OH,40.295901,-83.367042,1118.25064,46671.619047619046,980104.0,41.73627751969724,ENCentral,0
13147,GA,34.348733,-82.96329,601.970613,23837.761904761905,500593.0,39.599544213567626,SAtlantic,1
13171,GA,33.07444,-84.146689,475.264404,16683.333333333332,350350.0,35.10326713492587,SAtlantic,0
39169,OH,40.829661,-81.887194,1436.897054,112970.80952380953,2372387.0,78.62136623450098,ENCentral,1
39033,OH,40.848524,-82.924783,1040.619652,45145.47619047619,948055.0,43.3832631391399,ENCentral,1
48483,TX,35.392593,-100.253107,2368.629232,5299.238095238095,111284.0,2.237259434125778,WSCentral,0
39073,OH,39.490342,-82.483447,1091.289821,28900.47619047619,606910.0,26.48286058784396,ENCentral,0
39017,OH,39.439747,-84.565734,1208.29072,350765.4285714286,7366074.0,290.2988682818226,ENCentral,4
39027,OH,39.416681,-83.804583,1058.609496,41206.19047619047,865330.0,38.924826040092945,ENCentral,2
13251,GA,32.744751,-81.617585,1672.556593,14629.619047619048,307222.0,8.74686041049198,SAtlantic,0
13117,GA,34.225143,-84.127408,581.757645,138166.57142857142,2901498.0,237.4985058057491,SAtlantic,3
39041,OH,40.278941,-83.007462,1147.744276,143027.2857142857,3003573.0,124.61598694506208,ENCentral,1
13113,GA,33.412717,-84.493941,503.907543,98868.38095238095,2076236.0,196.2034153403831,SAtlantic,1
13177,GA,31.818419,-84.146681,921.731096,25990.04761904762,545791.0,28.19699555741973,SAtlantic,0
40057,OK,34.745971,-99.844194,1391.491971,3073.4285714285716,64542.0,2.2087289294381214,WSCentral,0
20077,KS,37.188184,-98.06659,2075.290355,6175.0952380952385,129677.00000000001,2.9755331456234897,WNCentral,0
13005,GA,31.55021,-82.451433,735.770219,10663.666666666666,223937.0,14.493202349450714,SAtlantic,0
40097,OK,36.303804,-95.235638,1697.465421,39449.28571428572,828435.0000000001,23.240111537026543,WSCentral,0
18163,IN,38.02007,-87.586166,604.506363,175265.2380952381,3680570.0,289.9311716512703,ENCentral,6
48219,TX,33.605932,-102.343398,2352.723961,23168.571428571428,486540.0,9.84755194941096,WSCentral,0
40105,OK,36.789615,-95.613312,1465.460408,10460.761904761905,219676.0,7.138208475408982,WSCentral,0
27143,MN,44.575734,-94.230123,1525.073958,15058.190476190477,316222.0,9.873744415607206,WNCentral,0
05147,AR,35.192777,-91.244535,1517.642896,7969.285714285715,167355.0,5.251094137685546,WSCentral,0
39067,OH,40.292318,-81.091565,1042.032641,15853.142857142857,332916.0,15.213672041913375,ENCentral,0
36021,NY,42.247696,-73.626718,1643.770717,63001.80952380953,1323038.0,38.3276139866954,MidAtlantic,1
31005,NE,41.57193,-101.695917,1852.234549,441.23809523809524,9266.0,0.23821934186267857,WNCentral,0
28147,MS,31.164492,-90.103431,1046.169275,14966.714285714286,314301.0,14.306207076970681,ESCentral,0
29039,MO,37.733655,-93.850014,1228.870903,13762.52380952381,289013.0,11.199324335799503,WNCentral,0
37119,NC,35.246862,-80.833832,1356.130079,805353.0952380953,16912415.0,593.8612436293402,SAtlantic,8
37011,NC,36.07209,-81.920285,640.602137,17273.52380952381,362744.0,26.96451168648507,SAtlantic,0
34031,NJ,41.036655,-74.299408,481.7723,493839.4285714286,10370628.0,1025.0473689986507,MidAtlantic,3
41055,OR,45.399216,-120.678512,2133.151635,1760.7619047619048,36976.0,0.8254274454154801,Pacific,0
13063,GA,33.542686,-84.355573,366.879097,245549.90476190476,5156548.0,669.2937994281663,SAtlantic,1
55111,WI,43.428001,-89.943318,2153.686013,58274.23809523809,1223759.0,27.057908043923437,ENCentral,0
22105,LA,30.621348,-90.40649,2049.124442,110339.14285714286,2317122.0,53.84697024522772,WSCentral,2
22123,LA,32.79248,-91.451998,931.582171,11858.619047619048,249031.0,12.729547018798675,WSCentral,0
19171,IA,42.074848,-92.529411,1867.410499,17811.238095238095,374036.0,9.537934002607368,WNCentral,0
18011,IN,40.050892,-86.469014,1095.260006,51614.76190476191,1083910.0,47.12557896938483,ENCentral,0
18107,IN,40.040296,-86.892715,1307.030255,37622.09523809524,790064.0,28.7844103793108,ENCentral,0
38047,ND,46.469278,-99.504585,2570.819037,2130.3333333333335,44737.0,0.8286593893513841,WNCentral,0
20095,KS,37.552951,-98.144529,2236.245128,8206.095238095239,172328.0,3.669586636700428,WNCentral,0
51770,VA,37.278458,-79.958174,110.129436,95734.33333333333,2010421.0,869.2892364701961,SAtlantic,4
17141,IL,42.041884,-89.320176,1964.903701,52023.95238095238,1092503.0,26.476591374160368,ENCentral,1
55115,WI,44.789641,-88.755813,2313.441749,40749.380952380954,855737.0,17.614180676904933,ENCentral,0
20089,KS,39.777005,-98.222619,2356.813568,3400.095238095238,71402.0,1.442666184657351,WNCentral,0
46029,SD,44.966285,-97.198837,1780.837048,26524.85714285714,557022.0,14.894600925248238,WNCentral,0
27119,MN,47.774254,-96.400027,5104.864821,31421.52380952381,659852.0,6.1552117267169075,WNCentral,1
20195,KS,38.921302,-99.865423,2303.727352,3104.3809523809523,65192.0,1.3475470305484971,WNCentral,0
22007,LA,29.9033,-91.065219,891.009958,23184.14285714286,486867.00000000006,26.020071548002676,WSCentral,0
22021,LA,32.101219,-92.114231,1372.098436,10241.761904761905,215077.0,7.464305501738728,WSCentral,0
54069,WV,40.100323,-80.6199,274.098976,45781.19047619047,961405.0,167.02430320713958,SAtlantic,3
01091,AL,32.247591,-87.791091,2530.155136,21748.714285714286,456723.0,8.595802674810486,ESCentral,0
54051,WV,39.854426,-80.671794,791.063472,34114.09523809524,716396.0,43.124346459641906,SAtlantic,1
54043,WV,38.17177,-82.077623,1132.065764,21931.190476190477,460555.0,19.37271771093899,SAtlantic,0
24001,MD,39.612313,-78.703104,1093.502055,73827.33333333333,1550374.0,67.51458124450743,SAtlantic,3
54061,WV,39.633645,-80.059074,932.632923,89223.47619047618,1873692.9999999998,95.66837497380112,SAtlantic,2
28079,MS,32.76063,-89.52225,1509.697192,22014.714285714286,462309.0,14.582205227890684,ESCentral,0
29063,MO,39.894665,-94.40719,1091.312448,12452.285714285714,261498.0,11.410376319913208,WNCentral,0
30019,MT,48.794429,-105.541739,3694.021963,1863.2857142857142,39129.0,0.5044056946463028,Mountain,0
51021,VA,37.130612,-81.125853,926.311267,6803.0,142863.0,7.344183583162656,SAtlantic,0
54033,WV,39.279182,-80.386498,1077.456355,68971.09523809524,1448393.0,64.0128900980822,SAtlantic,0
54027,WV,39.312139,-78.611989,1658.633561,21790.666666666668,457604.0,13.137722025550325,SAtlantic,1
05049,AR,36.381322,-91.819285,1600.705526,11779.047619047618,247360.0,7.358659933212237,WSCentral,0
29037,MO,38.646474,-94.354547,1804.223313,90853.33333333333,1907920.0,50.355924723234814,WNCentral,2
27169,MN,43.981353,-91.777044,1621.79114,50220.666666666664,1054634.0,30.96617402082161,WNCentral,1
36049,NY,43.782681,-75.44414,3301.307189,27072.380952380954,568520.0,8.20050343772506,MidAtlantic,0
05129,AR,35.896387,-92.695888,1724.501452,8018.952380952381,168398.0,4.6500119623862055,WSCentral,0
55103,WI,43.376199,-90.435693,1518.120276,17995.904761904763,377914.0,11.854070488618362,ENCentral,0
13261,GA,32.042266,-84.204294,1250.646286,32201.761904761905,676237.0,25.748097016107003,SAtlantic,0
37073,NC,36.442135,-76.702355,882.181709,11120.42857142857,233528.99999999997,12.60559866292645,SAtlantic,0
51199,VA,37.220914,-76.395533,271.19028,61905.71428571428,1300020.0,228.2740896381474,SAtlantic,1
29067,MO,36.946517,-92.515892,2107.274104,13199.095238095239,277181.0,6.2635872632994865,WNCentral,0
08015,CO,38.734599,-106.300025,2624.715692,16896.761904761905,354832.0,6.437558915909397,Mountain,0
48301,TX,31.844936,-103.561229,1732.230053,89.85714285714286,1887.0,0.05187367734529362,WSCentral,0
51800,VA,36.697157,-76.634781,1033.819022,74959.95238095238,1574159.0,72.50780918688918,SAtlantic,2
29065,MO,37.603072,-91.489717,1949.641173,15090.761904761905,316906.0,7.7402765769154716,WNCentral,0
08025,CO,38.30618,-103.772736,2039.427872,5363.809523809524,112640.0,2.6300560061236253,Mountain,0
48329,TX,31.814269,-102.002454,2331.915358,129326.19047619047,2715850.0,55.459212973797165,WSCentral,1
29123,MO,37.474481,-90.343413,1280.454067,11968.047619047618,251329.0,9.346721547839497,WNCentral,0
48353,TX,32.312338,-100.418108,2362.061742,15417.333333333334,323764.0,6.52706618933644,WSCentral,0
22077,LA,30.708319,-91.604621,1442.300231,22762.095238095237,478004.0,15.781801007071486,WSCentral,0
08047,CO,39.861156,-105.528878,388.55675,4868.238095238095,102233.0,12.529027214784186,Mountain,0
08061,CO,38.387663,-102.756849,4578.603586,1493.0,31353.0,0.32608195314509153,Mountain,0
22083,LA,32.413158,-91.748353,1439.031396,20775.333333333332,436282.0,14.437025759883651,WSCentral,0
48319,TX,30.703916,-99.237302,2405.674102,3844.285714285714,80730.0,1.5980076898569506,WSCentral,0
48227,TX,32.30343,-101.438721,2333.039143,33924.90476190476,712423.0,14.541078259956466,WSCentral,0
48257,TX,32.598944,-96.288377,2022.2226,87319.19047619047,1833703.0,43.17981139968986,WSCentral,0
37113,NC,35.152959,-83.421901,1335.344502,31476.666666666668,661010.0,23.571944632656802,SAtlantic,1
37043,NC,35.052997,-83.752264,556.804503,9664.333333333334,202951.0,17.356780128865687,SAtlantic,0
40027,OK,35.206376,-97.323088,1395.746346,232376.80952380953,4879913.0,166.4892838084561,WSCentral,4
40049,OK,34.70935,-97.312723,2077.537531,27208.571428571428,571380.0,13.09654868929125,WSCentral,0
05071,AR,35.573359,-93.466322,1711.970418,23873.380952380954,501341.00000000006,13.944972822761095,WSCentral,0
48449,TX,33.214599,-94.966783,1051.700249,29272.190476190477,614716.0,27.833206756415322,WSCentral,0
40087,OK,35.016436,-97.449803,1478.150668,30939.47619047619,649729.0,20.93120604027369,WSCentral,0
48343,TX,33.116466,-94.731265,652.649023,13012.380952380952,273260.0,19.937792739760145,WSCentral,0
31071,NE,41.906868,-98.951231,1474.558344,1997.047619047619,41938.0,1.3543361150636295,WNCentral,0
22097,LA,30.583441,-91.989274,2393.224007,84240.85714285714,1769058.0,35.19973763277444,WSCentral,0
48231,TX,33.123308,-96.08423,2176.666775,80481.04761904762,1690102.0,36.97444576423399,WSCentral,1
47103,TN,35.142784,-86.593403,1477.179214,31797.714285714286,667752.0,21.525969215076085,ESCentral,0
40143,OK,36.120318,-95.941813,1476.85449,578716.1428571428,12153039.0,391.85725254296574,WSCentral,8
40019,OK,34.251848,-97.287927,2129.498353,46336.333333333336,973063.0,21.759271740246017,WSCentral,0
36035,NY,43.115609,-74.423678,1283.234687,54631.857142857145,1147269.0,42.5735508058762,MidAtlantic,0
40091,OK,35.369108,-95.671787,1601.354473,19601.52380952381,411632.0,12.240590162902556,WSCentral,0
40147,OK,36.704403,-95.906253,1076.201527,49616.57142857143,1041948.0,46.103420394581384,WSCentral,0
51079,VA,38.297981,-78.470163,403.900921,16721.333333333332,351148.0,41.399591988881184,SAtlantic,1
48021,TX,30.100772,-97.310639,2300.500049,65332.380952380954,1371980.0,28.399208676731025,WSCentral,2
48027,TX,31.04275,-97.481268,2729.409784,272651.71428571426,5725685.999999999,99.89401953639155,WSCentral,1
53031,WA,47.805708,-123.527057,4671.633827,28176.761904761905,591712.0,6.031457718692024,Pacific,3
13027,GA,30.822934,-83.581905,1277.341275,16038.57142857143,336810.0,12.556214805296595,SAtlantic,0
13277,GA,31.457003,-83.525931,675.702087,38845.142857142855,815748.0,57.48856427187986,SAtlantic,0
13313,GA,34.801726,-84.968541,752.248663,93014.23809523809,1953299.0,123.64825977130131,SAtlantic,1
28067,MS,31.616601,-89.168532,1799.63902,65959.85714285714,1385157.0,36.65171537726335,ESCentral,0
54093,WV,39.111175,-79.559968,1085.320044,7286.523809523809,153017.0,6.713709794457467,SAtlantic,1
48435,TX,30.522185,-100.513359,3765.674775,4168.666666666667,87542.0,1.107017179057017,WSCentral,0
31107,NE,42.634404,-97.891349,2870.854403,8927.809523809523,187483.99999999997,3.1098092311752543,WNCentral,0
51820,VA,38.067157,-78.90142,38.771593,20308.761904761905,426484.0,523.8051968811781,SAtlantic,0
13173,GA,31.038197,-83.063164,509.030778,8484.761904761905,178180.0,16.66846538847579,SAtlantic,0
12047,FL,30.491187,-82.951071,1332.018549,13846.52380952381,290777.0,10.395143385892752,SAtlantic,1
39015,OH,38.931377,-83.866772,1267.91178,43103.95238095238,905183.0,33.99601854077922,ENCentral,1
47141,TN,36.14094,-85.49618,1038.860592,66744.52380952382,1401635.0000000002,64.24781565833409,ESCentral,1
37127,NC,35.965945,-77.987555,1399.742831,91789.19047619047,1927573.0,65.57575323362416,SAtlantic,0
13155,GA,31.604306,-83.277037,917.795237,9445.47619047619,198355.0,10.291485300523727,SAtlantic,0
47051,TN,35.155926,-86.099203,1436.141673,39847.23809523809,836791.9999999999,27.746035676271397,ESCentral,0
38027,ND,47.723436,-98.900474,1632.310789,2580.285714285714,54186.0,1.5807563925166912,WNCentral,0
38007,ND,47.007044,-103.364016,2974.571272,901.047619047619,18922.0,0.30291680267650317,WNCentral,0
20145,KS,38.181477,-99.234772,1953.531647,7040.619047619048,147853.0,3.60404657811978,WNCentral,0
22093,LA,30.024777,-90.793956,616.057915,21485.47619047619,451195.0,34.875740847313345,WSCentral,0
26063,MI,43.907616,-82.857045,2165.272594,34198.42857142857,718167.0,15.794052289856198,ENCentral,0
37145,NC,36.38635,-78.965623,1016.154887,37026.52380952381,777557.0,36.43787407138043,SAtlantic,0
17187,IL,40.850441,-90.620223,1404.768301,18160.333333333332,381367.0,12.927636052440603,ENCentral,0
51145,VA,37.549404,-77.912855,673.921283,25239.904761904763,530038.0,37.45230399839556,SAtlantic,1
34029,NJ,39.865669,-74.258864,1627.252596,542737.1904761905,11397481.000000002,333.52977393326006,MidAtlantic,8
05113,AR,34.490915,-94.230884,2219.200782,20100.571428571428,422112.0,9.057572253762585,WSCentral,0
26007,MI,44.894954,-83.426574,1481.205162,30158.809523809523,633335.0,20.36099407261553,ENCentral,0
26011,MI,44.036833,-83.740675,940.62766,16402.428571428572,344451.0,17.437748504470484,ENCentral,0
26099,MI,42.671553,-82.911456,1241.494597,821017.0476190476,17241358.0,661.3134278658866,ENCentral,3
26147,MI,42.928803,-82.668913,1868.70982,162839.85714285713,3419636.9999999995,87.14025869616135,ENCentral,0
17079,IL,39.004886,-88.150725,1281.043651,10010.761904761905,210226.0,7.814536137740013,ENCentral,0
26047,MI,45.590094,-84.986822,1210.909558,31594.428571428572,663483.0,26.0914850020769,ENCentral,0
17007,IL,42.318983,-88.824295,727.114618,47607.333333333336,999754.0,65.47431746631909,ENCentral,1
38019,ND,48.768439,-98.46379,3856.816536,4414.238095238095,92699.0,1.1445289279474546,WNCentral,0
18179,IN,40.735273,-85.212974,953.341275,27498.809523809523,577475.0,28.844664806744596,ENCentral,0
20085,KS,39.411145,-95.794485,1699.600349,12916.714285714286,271251.0,7.599853867595485,WNCentral,0
46101,SD,44.012429,-96.676054,1345.185721,6509.952380952381,136709.0,4.839445051582123,WNCentral,0
46031,SD,45.685671,-101.179665,6396.478609,4154.380952380952,87242.0,0.6494793786280529,WNCentral,0
06057,CA,39.297508,-120.771343,2480.587302,95340.14285714286,2002143.0,38.43450411129407,Pacific,1
12127,FL,29.057769,-81.161792,2852.3848,469472.5238095238,9858923.0,164.5894774819736,SAtlantic,14
19091,IA,42.782221,-94.202775,1125.017998,10036.857142857143,210774.0,8.921508065382206,WNCentral,0
27085,MN,44.821657,-94.272323,1273.004836,35516.142857142855,745839.0,27.899456351431215,WNCentral,1
19065,IA,42.864122,-91.840376,1892.806735,21274.809523809523,446771.0,11.23982133538294,WNCentral,0
29089,MO,39.143365,-92.695926,1201.239501,10033.47619047619,210703.0,8.352602609324443,WNCentral,0
48025,TX,28.416077,-97.742586,2279.809487,31133.380952380954,653801.0,13.656132729471773,WSCentral,0
51720,VA,36.931549,-82.625996,19.366113,3982.8571428571427,83640.0,205.66115373059856,SAtlantic,0
19165,IA,41.679014,-95.308917,1530.110527,12532.095238095239,263174.0,8.190320252659262,WNCentral,0
21001,KY,37.105559,-85.28138,1049.690986,17957.52380952381,377108.0,17.107438330925905,ESCentral,0
39085,OH,41.778142,-81.19733,593.807529,228189.0,4791969.0,384.28108243134113,ENCentral,3
17127,IL,37.216119,-88.705658,614.217978,15244.952380952382,320144.0,24.82010121324124,ENCentral,0
05015,AR,36.33737,-93.540972,1631.531741,25721.809523809523,540158.0,15.765436171069577,WSCentral,1
29049,MO,39.608723,-94.395803,1085.04976,19910.428571428572,418119.0,18.349783858233902,WNCentral,0
54019,WV,38.030933,-81.086051,1713.56936,46545.857142857145,977463.0,27.163100735447994,SAtlantic,0
31065,NE,40.191865,-99.909663,1862.542306,5123.047619047619,107584.0,2.750567116002797,WNCentral,0
01083,AL,34.810239,-86.981399,1450.296914,73939.47619047618,1552728.9999999998,50.9823026421169,ESCentral,0
08003,CO,37.568442,-105.788041,1871.643031,15141.666666666666,317975.0,8.09003982911027,Mountain,1
41009,OR,45.941932,-123.081079,1705.984341,46740.90476190476,981559.0,27.39820269071553,Pacific,2
12095,FL,28.514391,-81.323284,2336.23036,1023064.8571428572,21484362.0,437.9126624922626,SAtlantic,10
13205,GA,31.228997,-84.192038,1326.483085,22875.904761904763,480394.0,17.245530697366384,SAtlantic,0
28005,MS,31.203933,-90.795542,1890.950868,13324.619047619048,279817.0,7.046517851472304,ESCentral,0
28061,MS,32.016748,-89.119176,1751.636189,17409.666666666668,365603.0,9.939088251314192,ESCentral,0
46049,SD,45.065476,-99.153564,2542.625555,2447.3809523809523,51395.0,0.9625408458466281,WNCentral,0
28035,MS,31.18858,-89.259447,1207.042883,73858.23809523809,1551023.0,61.18940688475779,ESCentral,0
28039,MS,30.855431,-88.642268,1239.816906,21007.47619047619,441157.0,16.944014949959225,ESCentral,0
28047,MS,30.416536,-89.083376,1485.724358,187181.47619047618,3930811.0,125.98667793429028,ESCentral,0
18135,IN,40.164079,-85.00579,1171.656774,26571.04761904762,557992.0,22.67818375541404,ENCentral,1
55137,WI,44.112823,-89.239786,1621.749913,23615.85714285714,495932.99999999994,14.561959864188468,ENCentral,0
04023,AZ,31.525733,-110.845228,3201.85324,42608.95238095238,894788.0,13.307590694241933,Mountain,0
05031,AR,35.827729,-90.631421,1831.531474,88710.42857142857,1862918.9999999998,48.43511008723652,WSCentral,0
17071,IL,40.814471,-90.941246,981.068795,7782.238095238095,163427.0,7.93240813987779,ENCentral,0
31173,NE,42.154061,-96.533943,1019.377275,7014.571428571428,147306.0,6.8812319055978834,WNCentral,0
46047,SD,43.221619,-103.512609,4506.292103,7053.0,148113.0,1.5651448771606629,WNCentral,0
54095,WV,39.465634,-80.877219,663.81856,9457.42857142857,198605.99999999997,14.247008356362572,SAtlantic,0
13263,GA,32.704603,-84.530029,1013.662778,6777.523809523809,142328.0,6.68617212412214,SAtlantic,0
39055,OH,41.499322,-81.173505,1036.773963,91777.90476190476,1927336.0,88.52257872712873,ENCentral,0
18109,IN,39.482646,-86.447457,1045.924429,67484.14285714286,1417167.0,64.5210504564502,ENCentral,0
22127,LA,31.941187,-92.641269,2460.497667,16103.0,338163.0,6.544610960608564,WSCentral,0
18045,IN,40.121237,-87.234872,1024.77434,17550.428571428572,368559.0,17.126139762075397,ENCentral,0
19147,IA,43.075337,-94.669055,1460.400553,9676.0,203196.0,6.625579523455577,WNCentral,0
26051,MI,43.98975,-84.389816,1299.620414,25844.47619047619,542734.0,19.88617284867933,ENCentral,0
47105,TN,35.735085,-84.314085,593.811372,44077.619047619046,925630.0,74.22831748600976,ESCentral,0
04009,AZ,32.931828,-109.87831,11970.605956,34388.28571428572,722154.0000000001,2.8727272320787867,Mountain,1
48425,TX,32.218071,-97.769217,482.714491,7549.666666666667,158543.0,15.64002491623287,WSCentral,0
28065,MS,31.564808,-89.827086,1057.871277,12967.42857142857,272316.0,12.258040135282519,ESCentral,0
29081,MO,40.34562,-93.992582,1871.309888,8719.095238095239,183101.0,4.659354014002431,WNCentral,0
18119,IN,39.317339,-86.838845,997.909074,21327.285714285714,447873.0,21.371972928152484,ENCentral,0
18161,IN,39.623111,-84.925152,417.48047,7353.666666666667,154427.0,17.614396828351435,ENCentral,0
12005,FL,30.15914,-85.534395,1964.874034,160275.0,3365775.0,81.57011453488423,SAtlantic,3
20011,KS,37.8561,-94.850928,1645.836643,15062.095238095239,316304.0,9.151634399535748,WNCentral,0
26019,MI,44.636844,-86.231999,828.014457,16627.285714285714,349173.0,20.080912324319133,ENCentral,1
29005,MO,40.431846,-95.437555,1417.462629,6148.428571428572,129117.0,4.3376301044114305,WNCentral,0
45091,SC,34.970188,-81.183187,1763.868718,194296.57142857142,4080228.0,110.15364660975376,SAtlantic,5
51073,VA,37.403541,-76.523505,564.124714,35769.95238095238,751169.0,63.407880373332446,SAtlantic,0
01047,AL,32.333526,-87.11436,2534.919608,44698.95238095238,938678.0,17.633282033831023,ESCentral,1
18125,IN,38.397961,-87.232547,865.841645,12791.619047619048,268624.0,14.773624162671279,ENCentral,1
21239,KY,38.043103,-84.748855,492.386273,23911.190476190477,502135.0,48.561854355737644,ESCentral,0
27141,MN,45.453176,-93.76913,1121.230367,76888.33333333333,1614655.0,68.57496514213955,WNCentral,0
29007,MO,39.214481,-91.843418,1792.918159,25172.14285714286,528615.0,14.039761229917275,WNCentral,0
35028,NM,35.870047,-106.307968,282.626748,18157.95238095238,381317.0,64.24711216983745,Mountain,1
39011,OH,40.561309,-84.224018,1039.590216,46187.19047619047,969931.0,44.428265835266835,ENCentral,0
47179,TN,36.295665,-82.495037,845.605993,113848.66666666667,2390822.0,134.6355957846986,ESCentral,2
51127,VA,37.51016,-76.999331,543.988863,16001.904761904761,336040.0,29.41586832064384,SAtlantic,0
05143,AR,35.978001,-94.217269,2438.398331,180943.95238095237,3799822.9999999995,74.20606800807082,WSCentral,4
54097,WV,38.90253,-80.231606,918.506904,23914.714285714286,502209.0,26.036510103046854,SAtlantic,1
48145,TX,31.25193,-96.934127,1982.623099,17766.714285714286,373101.0,8.961216226460543,WSCentral,0
27043,MN,43.676522,-93.947234,1845.313211,15282.190476190477,320926.0,8.28162416282104,WNCentral,0
13101,GA,30.714008,-82.897376,1088.849471,3564.3809523809523,74852.0,3.2735295808220606,SAtlantic,0
17165,IL,37.751508,-88.545024,984.170284,25561.47619047619,536791.0,25.9726153146849,ENCentral,1
18041,IN,39.639655,-85.185032,556.901577,24832.333333333332,521479.0,44.59016522650884,ENCentral,1
12085,FL,27.083604,-80.398201,1408.491293,136050.09523809524,2857052.0,96.59278400530037,SAtlantic,3
18043,IN,38.318081,-85.911847,384.564471,72919.0,1531299.0,189.6145002953224,ENCentral,2
21221,KY,36.807681,-87.858652,1143.489745,13369.333333333334,280756.0,11.691694999270267,ESCentral,0
27107,MN,47.329453,-96.463776,2260.512788,7100.142857142857,149103.0,3.1409434597469117,WNCentral,1
31057,NE,40.180165,-101.681133,2381.956204,2104.2380952380954,44189.0,0.8834075503590137,WNCentral,0
56001,WY,41.665514,-105.721883,11070.455491,33765.19047619047,709069.0,3.0500272101397017,Mountain,0
13199,GA,33.029267,-84.667058,1297.342106,22327.85714285714,468884.99999999994,17.210462097541093,SAtlantic,0
37151,NC,35.709915,-79.806215,2026.242785,133754.14285714287,2808837.0000000005,66.01091628668915,SAtlantic,2
19079,IA,42.390789,-93.70913,1493.720721,15909.47619047619,334099.0,10.650904126057304,WNCentral,0
20179,KS,39.350547,-100.441228,2320.518304,2622.2380952380954,55067.0,1.1300225862118842,WNCentral,0
26145,MI,43.328267,-84.05541,2074.053636,204801.33333333334,4300828.0,98.74447303509046,ENCentral,1
29077,MO,37.258196,-93.340641,1749.09398,256339.14285714287,5383122.0,146.55538569582342,WNCentral,6
26117,MI,43.312782,-85.149468,1826.793476,62251.09523809524,1307273.0,34.076701091796124,ENCentral,0
40055,OK,34.933853,-99.552968,1655.740225,6182.952380952381,129842.0,3.734252685050507,WSCentral,0
48171,TX,30.325093,-98.94185,2740.731305,22752.52380952381,477803.0,8.301625105684634,WSCentral,0
54067,WV,38.291432,-80.797515,1675.324341,26453.428571428572,555522.0,15.79003415878178,SAtlantic,0
48283,TX,28.351098,-99.096774,3850.545747,6535.571428571428,137247.0,1.6973104224676099,WSCentral,0
48217,TX,31.982681,-97.130668,2483.422646,33320.666666666664,699734.0,13.417235572179228,WSCentral,0
20143,KS,39.137963,-97.654802,1866.683177,6033.809523809524,126710.0,3.2323693694538096,WNCentral,0
28111,MS,31.169307,-88.988755,1676.45229,12080.619047619048,253693.0,7.206061943832024,ESCentral,0
39031,OH,40.29671,-81.930109,1460.721942,36779.42857142857,772368.0,25.178938930068167,ENCentral,0
26123,MI,43.562712,-85.791372,2172.706359,47736.619047619046,1002469.0,21.971040334042236,ENCentral,0
13179,GA,31.807458,-81.457871,1337.654102,62273.42857142857,1307742.0,46.55420895306205,SAtlantic,0
26029,MI,45.618554,-85.543684,1078.288793,25807.52380952381,541958.0,23.9337772747526,ENCentral,1
36101,NY,42.266725,-77.385525,3601.398422,98720.90476190476,2073139.0,27.411825406165725,MidAtlantic,0
13055,GA,34.474178,-85.345289,811.512398,24955.619047619046,524067.99999999994,30.751987411557757,SAtlantic,0
28087,MS,33.471424,-88.439723,1309.092529,60112.19047619047,1262356.0,45.91897756998846,ESCentral,0
28151,MS,33.273174,-90.944446,1875.077589,56709.142857142855,1190892.0,30.24362468509182,ESCentral,0
37157,NC,36.381806,-79.782754,1465.005024,91934.90476190476,1930633.0,62.75398599718711,SAtlantic,0
46027,SD,42.91615,-96.980468,1067.154436,13634.47619047619,286324.0,12.776478952364295,WNCentral,0
01055,AL,34.047641,-86.034263,1385.91677,103514.04761904762,2173795.0,74.68994521153505,ESCentral,0
12117,FL,28.690065,-81.131975,801.286912,395275.61904761905,8300788.0,493.30098012086216,SAtlantic,8
19103,IA,41.670668,-91.590529,1587.662015,121015.33333333333,2541322.0,76.22235223240088,WNCentral,3
21071,KY,37.552456,-82.739724,1018.604451,40934.52380952381,859625.0,40.18686917118509,ESCentral,0
26137,MI,45.021787,-84.576603,1333.860412,23659.380952380954,496847.00000000006,17.737523911445805,ENCentral,0
29015,MO,38.301036,-93.287942,1823.437752,18069.428571428572,379458.0,9.909539577980928,WNCentral,0
26119,MI,45.024134,-84.130107,1415.88103,9924.190476190477,208408.00000000003,7.009197994686374,ENCentral,0
48085,TX,33.194494,-96.579428,2178.839147,640577.380952381,13452125.0,293.99939037922053,WSCentral,7
48325,TX,29.353661,-99.111085,3432.66621,42278.42857142857,887847.0,12.316498600494155,WSCentral,0
47155,TN,35.787822,-83.5249,1534.538403,79776.52380952382,1675307.0000000002,51.987310095050006,ESCentral,0
29186,MO,37.885845,-90.161531,1292.800352,17851.14285714286,374874.00000000006,13.808120356346297,WNCentral,0
31011,NE,41.703934,-98.070476,1778.138686,5841.9047619047615,122679.99999999999,3.28540445573814,WNCentral,0
29207,MO,36.851557,-89.947481,2131.929144,29860.714285714286,627075.0,14.006429045614794,WNCentral,0
54001,WV,39.139725,-79.996947,883.338376,16176.238095238095,339701.0,18.312617831106316,SAtlantic,0
53039,WA,45.870446,-120.779305,4847.51594,19720.04761904762,414121.0,4.068072774413118,Pacific,1
53011,WA,45.77173,-122.485953,1627.792396,385403.04761904763,8093464.0,236.7642511207846,Pacific,11
55093,WI,44.725336,-92.426279,1486.700521,38626.76190476191,811162.0000000001,25.98153519094779,ENCentral,0
45081,SC,34.005278,-81.727903,1172.525912,18914.95238095238,397214.0,16.131799039467523,SAtlantic,0
55131,WI,43.391156,-88.232917,1115.362166,124261.52380952382,2609492.0,111.40912575075083,ENCentral,0
48053,TX,30.78963,-98.201187,2576.525865,38483.333333333336,808150.0,14.936133130312408,WSCentral,0
27117,MN,44.015361,-96.257015,1204.481399,9689.380952380952,203477.0,8.044442164424785,WNCentral,0
17017,IL,39.969202,-90.245704,973.198204,13461.904761904761,282700.0,13.832644477326594,ENCentral,0
13115,GA,34.263692,-85.213685,1320.404595,92345.09523809524,1939247.0,69.93696900766635,SAtlantic,3
48237,TX,33.23216,-98.171177,2359.405674,8569.57142857143,179961.00000000003,3.632089014197831,WSCentral,0
19049,IA,41.68532,-94.040706,1523.686079,54421.71428571428,1142856.0,35.717143469231814,WNCentral,2
28073,MS,31.197586,-89.506369,1286.109795,47475.666666666664,996989.0,36.91416304520615,ESCentral,3
29175,MO,39.439249,-92.492959,1250.217879,24887.285714285714,522633.0,19.90635882938426,WNCentral,1
13137,GA,34.634392,-83.525875,717.083984,38585.76190476191,810301.0000000001,53.809264696618726,SAtlantic,1
17011,IL,41.401304,-89.528377,2250.884551,34987.42857142857,734736.0,15.54385743857219,ENCentral,0
26113,MI,44.325424,-85.085471,1462.79367,14646.809523809523,307583.0,10.012901904210128,ENCentral,0
13285,GA,33.034482,-85.02836,1072.278217,63280.42857142857,1328889.0,59.0149343408965,SAtlantic,0
18177,IN,39.863091,-85.006735,1040.53927,69841.90476190476,1466680.0,67.12087354656472,ENCentral,1
31147,NE,40.123743,-95.718603,1429.2613,8822.380952380952,185270.0,6.172685814959765,WNCentral,0
46102,SD,43.333393,-102.561486,5422.402204,14047.5,294997.5,2.5906414669198523,WNCentral,0
05111,AR,35.56887,-90.681104,1963.97546,24711.619047619046,518943.99999999994,12.582447973977763,WSCentral,0
13231,GA,33.081149,-84.389462,559.6605,15486.47619047619,325216.0,27.671197432150727,SAtlantic,0
18137,IN,39.100226,-85.260494,1156.231104,27872.190476190477,585316.0,24.106072202837467,ENCentral,0
37037,NC,35.704994,-79.251454,1765.540358,56350.23809523809,1183355.0,31.916709147941262,SAtlantic,0
27131,MN,44.350775,-93.298513,1284.218947,60015.28571428572,1260321.0,46.73290785382387,WNCentral,0
28127,MS,31.902505,-89.917709,1525.930873,26950.428571428572,565959.0,17.66163136764097,ESCentral,0
29083,MO,38.386491,-93.792628,1805.054746,21986.333333333332,461713.0,12.180424655847714,WNCentral,0
40037,OK,35.907398,-96.380177,2460.339013,68396.80952380953,1436333.0,27.79975001916922,WSCentral,2
47005,TN,36.070948,-88.071232,1021.248372,16392.47619047619,344242.0,16.05140986259138,ESCentral,0
48019,TX,29.756389,-99.248285,2048.663887,18680.619047619046,392292.99999999994,9.118440153193877,WSCentral,1
51113,VA,38.412059,-78.276961,830.449706,12925.619047619048,271438.0,15.56460187080739,SAtlantic,0
54045,WV,37.830591,-81.940853,1175.120719,37592.23809523809,789436.9999999999,31.99010747357786,SAtlantic,0
36009,NY,42.239099,-78.662332,3388.125876,82047.52380952382,1722998.0000000002,24.216197039995635,MidAtlantic,2
47035,TN,35.952398,-84.994761,1764.574105,51095.90476190476,1073014.0,28.956508325222625,ESCentral,0
20133,KS,37.564283,-95.315682,1480.129682,16614.238095238095,348899.0,11.22485299584587,WNCentral,0
29181,MO,36.65017,-90.874834,1630.438188,13881.809523809523,291518.0,8.514158724924028,WNCentral,0
24045,MD,38.36737,-75.632083,969.767208,91149.66666666667,1914143.0,93.99128565570828,SAtlantic,3
17025,IL,38.746819,-88.482325,1213.022841,14040.52380952381,294851.0,11.574822282776626,ENCentral,0
29099,MO,38.25763,-90.543681,1700.185594,208259.7619047619,4373455.0,122.49236944467481,WNCentral,2
29117,MO,39.778587,-93.548201,1378.657549,14680.0,308280.0,10.648039471910947,WNCentral,0
29151,MO,38.464253,-91.859504,1571.034361,13290.47619047619,279100.0,8.459697967405686,WNCentral,0
21083,KY,36.723344,-88.649897,1429.03501,36761.28571428572,771987.0000000001,25.724552202738348,ESCentral,0
24015,MD,39.562354,-75.941585,896.912528,93532.57142857143,1964184.0000000002,104.2828241424357,SAtlantic,2
47069,TN,35.218785,-88.988697,1729.509842,26608.95238095238,558788.0,15.385256408938309,ESCentral,0
55087,WI,44.418226,-88.464988,1651.265932,168677.80952380953,3542234.0,102.15060230759337,ENCentral,1
17169,IL,40.156905,-90.613464,1132.602884,7433.9047619047615,156112.0,6.563558036909221,ENCentral,0
47037,TN,36.169129,-86.78479,1304.564434,594896.5238095238,12492827.0,456.01160686672824,ESCentral,11
48375,TX,35.398675,-101.893804,2352.718733,116638.0,2449398.0,49.57583682401019,WSCentral,0
47015,TN,35.808394,-86.062404,687.992379,13068.190476190477,274432.0,18.994673306098463,ESCentral,0
18127,IN,41.509914,-87.071313,1082.885598,155712.7619047619,3269968.0,143.7942864808161,ENCentral,0
16047,ID,42.973185,-114.82142,1888.935208,14533.190476190477,305197.0,7.693853349040057,Mountain,0
26143,MI,44.339517,-84.611271,1346.526239,24511.380952380954,514739.00000000006,18.20341872475086,ENCentral,1
39019,OH,40.579884,-81.090787,1022.04091,28814.0,605094.0,28.19260923713905,ENCentral,0
31119,NE,41.909929,-97.606856,1483.084608,35016.09523809524,735338.0,23.61031531796144,WNCentral,0
55049,WI,43.001021,-90.133691,1975.379904,23109.14285714286,485292.00000000006,11.69858152872191,ENCentral,1
38051,ND,46.108682,-99.416487,2524.106808,3129.1428571428573,65712.0,1.2397030296916252,WNCentral,0
48163,TX,28.869383,-99.109005,2935.753502,16878.52380952381,354449.0,5.749298705775267,WSCentral,0
12045,FL,29.859238,-85.272013,1433.437353,15085.47619047619,316795.0,10.523987085242497,SAtlantic,1
17075,IL,40.748867,-87.833601,2894.039688,30332.47619047619,636982.0,10.48101597094483,ENCentral,0
21077,KY,38.755663,-84.865143,254.761072,7968.380952380952,167336.0,31.277859249944402,ESCentral,0
29031,MO,37.384141,-89.685658,1498.351217,71907.57142857143,1510059.0000000002,47.99113226106282,WNCentral,1
35007,NM,36.612964,-104.64011,9733.113274,13703.333333333334,287770.0,1.4079085435015903,Mountain,1
47099,TN,35.220476,-87.396546,1598.359119,40724.19047619047,855208.0,25.47874879436933,ESCentral,1
05025,AR,33.893201,-92.188714,1548.589576,8578.619047619048,180151.0,5.53963372902043,WSCentral,0
13189,GA,33.480613,-82.479533,666.590014,21510.14285714286,451713.00000000006,32.268924534388326,SAtlantic,1
27087,MN,47.328387,-95.811089,1444.868084,5287.666666666667,111041.0,3.6596189819822107,WNCentral,0
21009,KY,36.962805,-85.932108,1262.839457,40012.52380952381,840263.0,31.684568919455142,ESCentral,0
19035,IA,42.742737,-95.633262,1494.181143,12492.142857142857,262335.0,8.360527714906958,WNCentral,0
31117,NE,41.648414,-101.120851,2225.460624,537.3809523809524,11285.0,0.24146953964751544,WNCentral,0
48297,TX,28.351535,-98.126961,2692.796909,11370.285714285714,238776.0,4.222481716420343,WSCentral,0
40137,OK,34.481361,-97.855607,2253.8302,43818.09523809524,920180.0,19.44161332033586,WSCentral,0
48165,TX,32.743942,-102.631561,3891.102467,16180.666666666666,339794.0,4.158375885470267,WSCentral,0
51065,VA,37.830584,-78.283494,743.630407,22831.14285714286,479454.00000000006,30.702271776714557,SAtlantic,0
48447,TX,33.170695,-99.205796,2363.499444,1686.6666666666667,35420.0,0.7136310824817215,WSCentral,0
48271,TX,29.347086,-100.4177,3523.765247,3490.714285714286,73305.0,0.9906205552955457,WSCentral,1
46071,SD,43.677506,-101.626323,4827.433521,3005.285714285714,63111.0,0.6225431590538343,WNCentral,0
38011,ND,46.110144,-103.505943,3009.070657,3175.2380952380954,66680.0,1.0552221789314054,WNCentral,0
17045,IL,39.679037,-87.74711,1614.400676,18977.238095238095,398522.0,11.754974076360023,ENCentral,0
13051,GA,31.980404,-81.085184,1121.772804,248936.66666666666,5227670.0,221.913622597207,SAtlantic,8
21039,KY,36.85718,-88.976614,490.647294,5185.047619047619,108886.0,10.5677697247172,ESCentral,0
22103,LA,30.410022,-89.951962,2189.20664,214173.52380952382,4497644.0,97.83157053165334,WSCentral,2
31051,NE,42.485086,-96.855784,1233.120004,6055.809523809524,127172.0,4.910965278452756,WNCentral,0
49033,UT,41.627598,-111.240227,2664.700959,2073.714285714286,43548.0,0.7782165119543104,Mountain,0
55091,WI,44.627436,-91.83489,600.894491,7367.047619047619,154708.0,12.260135064289713,ENCentral,0
05079,AR,33.956385,-91.742355,1448.998822,14278.904761904761,299857.0,9.854324617183686,WSCentral,0
17103,IL,41.747447,-89.299362,1877.18907,35726.47619047619,750256.0,19.031900814591996,ENCentral,0
17117,IL,39.265914,-89.92633,2235.091603,48093.142857142855,1009956.0,21.517302822215854,ENCentral,0
18023,IN,40.305944,-86.477567,1049.119194,33136.42857142857,695865.0,31.58499888376703,ENCentral,2
21087,KY,37.278065,-85.537925,740.863433,11161.285714285714,234387.0,15.065240389973079,ESCentral,0
28099,MS,32.752518,-89.119274,1476.641121,28790.714285714286,604605.0,19.497435007239165,ESCentral,0
31017,NE,42.359562,-99.92392,3163.296263,3319.095238095238,69701.0,1.0492520972245203,WNCentral,0
31081,NE,40.872817,-98.022329,1404.057517,9245.095238095239,194147.0,6.584555921789377,WNCentral,0
40015,OK,35.16792,-98.381045,3309.366441,29703.285714285714,623769.0,8.975520312978757,WSCentral,0
46077,SD,44.362969,-97.499313,2155.483577,5394.809523809524,113291.0,2.502830261095292,WNCentral,0
48149,TX,29.877886,-96.921231,2460.316903,23174.428571428572,486663.0,9.419286004648717,WSCentral,0
48073,TX,31.843881,-95.156343,2727.141726,47929.19047619047,1006513.0,17.574880696240896,WSCentral,0
55035,WI,44.726355,-91.286414,1652.211227,95446.04761904762,2004367.0,57.76867149871244,ENCentral,1
51117,VA,36.687256,-78.368959,1619.544367,31953.47619047619,671023.0,19.729917155444124,SAtlantic,0
27045,MN,43.679187,-92.093937,2230.843183,20936.095238095237,439658.0,9.384835024549208,WNCentral,0
38089,ND,46.817031,-102.662026,3457.408932,24199.190476190477,508183.0,6.999227153090052,WNCentral,0
38087,ND,46.445834,-103.462462,3147.520227,771.3809523809524,16199.0,0.24507577290970414,WNCentral,0
26077,MI,42.246266,-85.532854,1455.45698,243684.42857142858,5117373.0,167.42812183389205,ENCentral,2
01093,AL,34.138219,-87.881551,1922.660061,30640.190476190477,643444.0,15.936353543566158,ESCentral,1
38075,ND,48.712781,-101.658152,2272.050275,2592.904761904762,54451.0,1.14121804012667,WNCentral,0
08101,CO,38.162765,-104.484668,6181.242644,149081.09523809524,3130703.0,24.118304979146075,Mountain,4
28101,MS,32.40197,-89.118412,1496.417775,21610.761904761905,453826.0,14.441663461770831,ESCentral,0
55135,WI,44.478004,-88.967005,1936.521055,51762.23809523809,1087007.0,26.729499254134417,ENCentral,1
39149,OH,40.33668,-84.204142,1055.922239,48630.380952380954,1021238.0,46.05488847212447,ENCentral,1
13143,GA,33.795165,-85.220063,730.804593,27030.761904761905,567646.0,36.987673810038444,SAtlantic,0
26015,MI,42.582811,-85.31455,1432.53325,57793.76190476191,1213669.0,40.34374902276224,ENCentral,1
31175,NE,41.564094,-98.983484,1471.402764,4443.714285714285,93317.99999999999,3.0200529687969824,WNCentral,0
40131,OK,36.377794,-95.601383,1750.176503,78822.71428571429,1655277.0,45.03700863918769,WSCentral,0
51133,VA,37.856974,-76.379687,495.805446,12151.857142857143,255189.0,24.50932566573128,SAtlantic,1
13217,GA,33.552751,-83.85136,709.148422,81691.76190476191,1715527.0,115.19698749997629,SAtlantic,3
29025,MO,39.658998,-93.979179,1104.350514,9073.952380952382,190553.0,8.216551055050608,WNCentral,0
31037,NE,41.57496,-97.088945,1066.160691,10427.57142857143,218979.00000000003,9.780487609978325,WNCentral,0
08113,CO,38.009319,-108.427263,3332.602595,6808.428571428572,142977.0,2.0429764357872897,Mountain,0
21041,KY,38.668394,-85.124024,333.273743,10368.761904761905,217744.0,31.111847610394868,ESCentral,0
08014,CO,39.953593,-105.050787,85.386686,51579.6875,1083173.4375,604.0717811673825,Mountain,1
18063,IN,39.768963,-86.509908,1053.849394,125318.0,2631678.0,118.91452489652424,ENCentral,1
29073,MO,38.441183,-91.50578,1344.216322,15113.714285714286,317388.0,11.24351344226148,WNCentral,0
48177,TX,29.461912,-97.49192,2762.704862,19075.714285714286,400590.0,6.904723898702969,WSCentral,0
20017,KS,38.299475,-96.594029,2002.19877,2862.0476190476193,60103.00000000001,1.4294522911167402,WNCentral,0
48087,TX,34.963358,-100.272135,2378.749928,3098.6666666666665,65072.0,1.3026449860040379,WSCentral,0
48101,TX,34.091906,-100.276442,2332.448732,1670.857142857143,35088.0,0.7163532127989954,WSCentral,0
20031,KS,38.23645,-95.729137,1623.623917,8631.714285714286,181266.0,5.31632614876927,WNCentral,0
20049,KS,37.456026,-96.244642,1668.636744,3024.0,63504.0,1.8122578271595344,WNCentral,0
21149,KY,37.526707,-87.265597,654.041001,9691.238095238095,203516.0,14.817477926338894,ESCentral,0
26081,MI,43.032497,-85.547446,2198.720084,587139.5714285715,12329931.000000002,267.0369801509356,ENCentral,6
37105,NC,35.476336,-79.172117,660.607451,53006.04761904762,1113127.0,80.23834357122263,SAtlantic,0
46091,SD,45.737044,-97.58087,2170.620943,4618.142857142857,96981.0,2.1275676308366185,WNCentral,0
26121,MI,43.428739,-86.420908,1305.130154,170675.57142857142,3584187.0,130.77283587807705,ENCentral,2
48137,TX,29.985933,-100.3074,5485.26322,2370.4761904761904,49780.0,0.4321535896095412,WSCentral,0
27019,MN,44.82132,-93.800091,916.911877,80849.23809523809,1697834.0,88.17558167068883,WNCentral,1
40093,OK,36.313119,-98.542015,2473.438554,7601.666666666667,159635.0,3.0733193894683133,WSCentral,0
47019,TN,36.284744,-82.126593,883.854986,56250.42857142857,1181259.0,63.642146576552285,ESCentral,0
48009,TX,33.616305,-98.687267,2339.508165,8782.47619047619,184432.0,3.753983987688365,WSCentral,0
39037,OH,40.131467,-84.621191,1549.077535,53163.333333333336,1116430.0,34.31934950456392,ENCentral,0
39115,OH,39.624946,-81.861697,1078.538282,14894.619047619048,312787.0,13.810004981927056,ENCentral,0
46119,SD,44.722325,-100.131399,2607.411018,1451.3809523809523,30479.0,0.5566368103691708,WNCentral,0
47081,TN,35.802327,-87.467116,1586.324712,23044.761904761905,483940.0,14.527140458971747,ESCentral,0
48135,TX,31.865301,-102.542507,2325.440847,131649.14285714287,2764632.0000000005,56.612552852927024,WSCentral,1
49041,UT,38.746824,-111.81193,4948.000056,20065.0625,421366.3125,4.055186393069839,Mountain,0
42003,PA,40.469757,-79.980451,1890.571829,1249202.3333333333,26233249.0,660.7537011667454,MidAtlantic,13
42009,PA,39.998634,-78.494747,2621.693106,49584.71428571428,1041278.9999999999,18.91324128374707,MidAtlantic,0
40035,OK,36.76389,-95.201553,1971.642557,14725.904761904761,309244.0,7.468851141208534,WSCentral,0
20023,KS,39.789917,-101.727325,2641.501921,2921.095238095238,61343.0,1.10584634251918,WNCentral,0
29169,MO,37.824835,-92.207022,1417.014581,46163.0,969423.0,32.57764642578509,WNCentral,0
16019,ID,43.395171,-111.621878,4832.872003,93354.04761904762,1960435.0,19.316474254045666,Mountain,5
08063,CO,39.30534,-102.603023,5596.50195,7923.047619047619,166384.0,1.4157142604136177,Mountain,0
19055,IA,42.472937,-91.366767,1496.1934,18009.285714285714,378195.0,12.036736503640313,WNCentral,0
19083,IA,42.390208,-93.241669,1474.498036,17998.809523809523,377975.0,12.206736858488107,WNCentral,0
17129,IL,40.022569,-89.794133,814.269349,12561.380952380952,263789.0,15.42656734876183,ENCentral,0
19093,IA,42.39186,-95.507421,1117.614339,7458.857142857143,156636.0,6.673909668634936,WNCentral,0
48367,TX,32.777096,-97.805905,2340.624021,101676.71428571429,2135211.0,43.440002910964864,WSCentral,2
39137,OH,41.024533,-84.129879,1249.783612,34674.142857142855,728157.0,27.74411708091981,ENCentral,0
48385,TX,29.830097,-99.812549,1810.812879,3097.6190476190477,65050.0,1.7106234904457225,WSCentral,0
48445,TX,33.171229,-102.339284,2302.08329,12666.0,265986.0,5.501972954245283,WSCentral,0
17199,IL,37.730353,-88.930018,1088.338913,63998.52380952381,1343969.0,58.803855164116335,ENCentral,1
12049,FL,27.492846,-81.82158,1651.297014,25728.47619047619,540298.0,15.580768312632697,SAtlantic,1
39175,OH,40.839782,-83.313681,1053.812244,22677.47619047619,476227.0,21.519465464168768,ENCentral,0
48481,TX,29.27848,-96.229674,2813.09508,40828.619047619046,857401.0,14.513771446224649,WSCentral,0
13257,GA,34.553582,-83.290588,463.254409,25530.14285714286,536133.0,55.11041527322595,SAtlantic,0
13279,GA,32.117753,-82.330597,942.788867,26496.809523809523,556433.0,28.10471193632532,SAtlantic,2
05013,AR,33.56046,-92.513879,1628.067881,5529.238095238095,116114.0,3.39619628872102,WSCentral,0
13053,GA,32.347445,-84.788021,644.22583,13925.142857142857,292428.0,21.615312843235202,SAtlantic,0
31155,NE,41.223388,-96.642097,1939.715798,20161.04761904762,423382.0,10.393815238209251,WNCentral,0
27121,MN,45.589623,-95.446705,1734.089839,11026.619047619048,231559.0,6.3587357469194234,WNCentral,0
13311,GA,34.644182,-83.743,623.524633,23391.571428571428,491223.0,37.51507188421123,SAtlantic,0
13167,GA,32.694584,-82.66397,784.81523,9346.42857142857,196274.99999999997,11.90908154449114,SAtlantic,0
55073,WI,44.898036,-89.757823,4002.035761,129136.52380952382,2711867.0,32.26770861669065,ENCentral,0
45055,SC,34.338356,-80.590885,1881.916535,56208.52380952381,1180379.0,29.8677028253667,SAtlantic,0
06031,CA,36.072478,-119.81553,3602.601923,138804.52380952382,2914895.0,38.52896511361902,Pacific,3
38079,ND,48.768271,-99.840463,2338.867291,13990.095238095239,293792.0,5.981568638772005,WNCentral,0
20171,KS,38.481877,-100.90636,1858.536838,4911.238095238095,103136.0,2.6425293245858685,WNCentral,0
42051,PA,39.918907,-79.640119,2048.054606,140978.7142857143,2960553.0,68.83542746990325,MidAtlantic,1
28053,MS,33.130996,-90.523421,1083.947284,10138.095238095239,212900.0,9.35294122485687,ESCentral,0
28119,MS,34.252833,-90.290171,1048.975539,9000.333333333334,189007.0,8.580117456231106,ESCentral,0
29211,MO,40.209587,-93.109783,1678.265913,6784.952380952381,142484.0,4.0428351242765075,WNCentral,0
48031,TX,30.266456,-98.399217,1836.953736,9458.142857142857,198621.0,5.148819304365354,WSCentral,1
48265,TX,30.059953,-99.353339,2857.617603,46434.142857142855,975117.0,16.24925000755703,WSCentral,0
29091,MO,36.774369,-91.887368,2401.376397,38266.04761904762,803587.0,15.93504777795466,WNCentral,0
08001,CO,39.874325,-104.331872,3021.830728,395246.90476190473,8300184.999999999,130.7971691132743,Mountain,5
48151,TX,32.740473,-100.40312,2328.272103,4125.380952380952,86633.0,1.7718637555573342,WSCentral,0
40033,OK,34.290676,-98.373438,1638.527162,6373.0,133833.0,3.88946863244004,WSCentral,0
48261,TX,26.890213,-97.591143,3777.657843,430.9047619047619,9049.0,0.11406664653423508,WSCentral,0
48433,TX,33.17958,-100.253807,2373.2387,1540.8095238095239,32357.0,0.6492433836552235,WSCentral,0
05009,AR,36.304299,-93.079236,1527.37534,35019.333333333336,735406.0,22.927784949921566,WSCentral,0
36077,NY,42.629776,-75.028841,2594.487152,61829.57142857143,1298421.0,23.831134172666516,MidAtlantic,2
36105,NY,41.719993,-74.771577,2507.484145,74725.76190476191,1569241.0,29.801090488953783,MidAtlantic,0
36017,NY,42.478024,-75.602241,2314.393901,50833.47619047619,1067503.0,21.964055543229758,MidAtlantic,0
40029,OK,34.582861,-96.288039,1338.430448,5897.047619047619,123838.0,4.405942518611635,WSCentral,0
01103,AL,34.454484,-86.846402,1501.337447,114415.38095238095,2402723.0,76.20897032909413,ESCentral,1
51139,VA,38.623209,-78.491872,802.949683,23543.52380952381,494414.0,29.321294108442668,SAtlantic,1
55101,WI,42.780392,-87.771599,861.537618,191213.14285714287,4015476.0000000005,221.9440438376109,ENCentral,5
51067,VA,36.991186,-79.882715,1788.671765,51146.57142857143,1074078.0,28.594721753530575,SAtlantic,0
56045,WY,43.846213,-104.57002,6210.804119,6816.190476190476,143140.0,1.0974731042214787,Mountain,0
12125,FL,30.05428,-82.366918,630.80454,14249.285714285714,299235.0,22.58906651858548,SAtlantic,0
13211,GA,33.598696,-83.499435,899.791096,16611.52380952381,348842.0,18.461533886443135,SAtlantic,0
27007,MN,47.879508,-95.00505,6487.154458,42198.90476190476,886177.0,6.504994606666842,WNCentral,2
26069,MI,44.386912,-83.380141,1422.173769,26151.285714285714,549177.0,18.38824923108655,ENCentral,1
38049,ND,48.233842,-100.633267,4853.487954,5777.285714285715,121323.00000000001,1.1903368812370012,WNCentral,0
08017,CO,38.835646,-102.601791,4605.71396,2023.1904761904761,42487.0,0.43927836026327527,Mountain,0
26129,MI,44.33328,-84.128073,1459.466627,21488.333333333332,451255.0,14.723415346264941,ENCentral,0
47047,TN,35.196993,-89.413803,1825.35964,34149.95238095238,717149.0,18.708615898263414,ESCentral,0
20167,KS,38.91604,-98.770949,2295.402858,7155.142857142857,150258.0,3.117162127861591,WNCentral,0
26049,MI,43.021077,-83.706372,1649.671695,431656.28571428574,9064782.0,261.66193371844554,ENCentral,5
18169,IN,40.843747,-85.795192,1068.468084,33687.04761904762,707428.0,31.528361140123316,ENCentral,0
19087,IA,40.984802,-91.547259,1124.800194,20125.333333333332,422632.0,17.892362964273577,WNCentral,0
12013,FL,30.388801,-85.197915,1469.394597,13606.095238095239,285728.0,9.259660588023271,SAtlantic,0
12103,FL,27.905342,-82.798066,708.892951,912693.619047619,19166566.0,1287.4914579981753,SAtlantic,9
13007,GA,31.31958,-84.454881,885.665381,3679.809523809524,77276.0,4.154853066126025,SAtlantic,0
13275,GA,30.864619,-83.919815,1410.592606,43544.0,914424.0,30.869295510825896,SAtlantic,0
54079,WV,38.510518,-81.906109,895.303696,53474.52380952381,1122965.0,59.72780415007224,SAtlantic,2
20181,KS,39.351352,-101.719859,2735.19325,6276.333333333333,131803.0,2.294658095303991,WNCentral,0
16057,ID,46.81892,-116.730974,2786.483032,35791.76190476191,751627.0000000001,12.844780138163033,Mountain,1
13109,GA,32.153083,-81.890153,473.694905,10588.095238095239,222350.0,22.352140853394314,SAtlantic,0
12051,FL,26.539967,-81.152114,2993.896403,35824.95238095238,752324.0,11.965995999412135,SAtlantic,0
13289,GA,32.665847,-83.425879,930.478093,9609.0,201789.0,10.326949202016301,SAtlantic,0
31001,NE,40.520632,-98.500044,1458.872837,30745.95238095238,645665.0,21.07514212422915,WNCentral,0
37121,NC,36.013102,-82.163554,573.036225,15400.857142857143,323418.0,26.875887545952516,SAtlantic,1
18057,IN,40.053513,-86.021709,1021.431273,229848.19047619047,4826812.0,225.02560529707853,ENCentral,3
20063,KS,38.917239,-100.48736,2775.601942,2882.0476190476193,60523.00000000001,1.0383504837047774,WNCentral,0
20137,KS,39.783867,-99.899235,2274.122718,5723.952380952381,120203.0,2.516993623803366,WNCentral,0
28133,MS,33.605529,-90.59509,1807.187011,31590.619047619046,663403.0,17.480547865457762,ESCentral,1
13197,GA,32.359312,-84.528735,947.209658,7751.190476190476,162775.0,8.183183533576761,SAtlantic,0
08059,CO,39.579511,-105.245462,1979.735379,525535.0,11036235.0,265.45719472137597,Mountain,10
48461,TX,31.353816,-102.041546,3215.010598,3403.5714285714284,71475.0,1.0586501427674075,WSCentral,0
48315,TX,32.798182,-94.356853,986.530318,10697.42857142857,224645.99999999997,10.843486891629995,WSCentral,0
48287,TX,30.321498,-96.976823,1629.204766,15954.904761904761,335053.0,9.793062907050667,WSCentral,0
13017,GA,31.740772,-83.147197,647.802123,17429.095238095237,366011.0,26.90496776605228,SAtlantic,0
54037,WV,39.307398,-77.86322,542.072983,48211.76190476191,1012447.0000000001,88.93961406809663,SAtlantic,0
51149,VA,37.187325,-77.220993,687.232241,33780.71428571428,709394.9999999999,49.15472859154505,SAtlantic,0
55065,WI,42.655578,-90.130292,1640.985427,16572.04761904762,348013.0,10.098838994167142,ENCentral,0
42109,PA,40.755407,-77.072929,851.547199,38872.57142857143,816324.0,45.64934448051825,MidAtlantic,0
47073,TN,36.452089,-82.931485,1261.468092,54154.23809523809,1137239.0,42.929534594393914,ESCentral,0
31003,NE,42.183225,-98.058037,2220.025613,6958.666666666667,146132.0,3.134498370612568,WNCentral,0
25011,MA,42.584504,-72.591792,1810.941373,71405.28571428571,1499511.0,39.429926765655544,NewEngland,2
38077,ND,46.265219,-96.93796,3718.378999,17150.14285714286,360153.00000000006,4.612263263576715,WNCentral,0
17189,IL,38.35314,-89.417187,1457.093544,14925.52380952381,313436.0,10.243353195121841,ENCentral,0
48099,TX,31.391177,-97.798022,2725.308519,74343.09523809524,1561205.0,27.278781363577146,WSCentral,1
19053,IA,40.736379,-93.78458,1377.569408,8404.761904761905,176500.0,6.101153129528487,WNCentral,1
21157,KY,36.882017,-88.332752,782.712536,30688.619047619046,644461.0,39.208033136215214,ESCentral,0
17055,IL,37.991852,-88.926321,1059.109158,39716.142857142855,834039.0,37.49957457845233,ENCentral,0
46111,SD,44.018942,-98.091709,1474.329184,2504.4761904761904,52594.0,1.6987225225246512,WNCentral,0
55141,WI,44.461413,-90.038825,2053.959984,74962.90476190476,1574221.0,36.49676982309932,ENCentral,1
48293,TX,31.547543,-96.593623,2345.05318,22488.428571428572,472257.0,9.589730741811396,WSCentral,0
32029,NV,39.438385,-119.524646,683.182692,3553.095238095238,74615.0,5.200798087688144,Mountain,0
22005,LA,30.206444,-90.912502,751.016878,92062.23809523809,1933307.0,122.5834475789745,WSCentral,2
17171,IL,39.637002,-90.477771,649.542036,5426.761904761905,113962.0,8.354750892153044,ENCentral,0
28045,MS,30.391641,-89.482791,1227.561217,43323.333333333336,909790.0,35.29219784183955,ESCentral,0
28113,MS,31.177516,-90.397725,1059.783761,39239.142857142855,824022.0,37.02561248920935,ESCentral,0
27081,MN,44.408238,-96.272032,1390.265112,6131.952380952381,128771.0,4.410635301155698,WNCentral,0
29003,MO,39.988863,-94.803551,1120.510438,16555.904761904763,347674.0,14.775323995602763,WNCentral,0
37057,NC,35.795131,-80.207107,1432.724907,153597.42857142858,3225546.0,107.20650406856407,SAtlantic,1
48285,TX,29.382578,-96.923633,2511.535248,19185.666666666668,402899.0,7.639019473027386,WSCentral,0
17087,IL,37.460709,-88.882131,890.269489,12888.619047619048,270661.0,14.477210784900938,ENCentral,0
08011,CO,37.931891,-103.077584,3918.255148,5932.142857142857,124575.0,1.513975643002934,Mountain,0
51169,VA,36.712776,-82.613624,1387.786258,22953.85714285714,482030.99999999994,16.53990808061247,SAtlantic,0
35011,NM,34.359273,-104.368696,6016.818946,2107.3809523809523,44255.0,0.35024835736198207,Mountain,0
48363,TX,32.752204,-98.317967,2467.090694,27179.0,570759.0,11.016619723830875,WSCentral,0
13013,GA,33.992009,-83.712303,417.082919,56924.09523809524,1195406.0,136.48148280580926,SAtlantic,4
01059,AL,34.441989,-87.842814,1641.845708,30886.190476190477,648610.0,18.811871496630594,ESCentral,0
05053,AR,34.285568,-92.422979,1636.5736,17002.238095238095,357047.0,10.388923599426324,WSCentral,0
20059,KS,38.558019,-95.278962,1480.882204,25316.809523809523,531653.0,17.095761874527547,WNCentral,0
48153,TX,34.07373,-101.303274,2569.637283,7078.047619047619,148639.0,2.7544928873323866,WSCentral,0
31161,NE,42.512289,-102.36828,6321.86227,5826.0,122346.0,0.9215638922801145,WNCentral,0
37063,NC,36.033828,-78.878125,742.095312,244792.61904761905,5140645.0,329.86681776480356,SAtlantic,3
18009,IN,40.472672,-85.32373,427.559406,13285.666666666666,278999.0,31.07326486150714,ENCentral,0
38003,ND,46.94255,-98.070195,3863.118053,11362.761904761905,238618.0,2.9413447243575357,WNCentral,0
19125,IA,41.331433,-93.093868,1436.123086,32577.190476190477,684121.0,22.684121433439916,WNCentral,0
18039,IN,41.600693,-85.863986,1199.580232,188624.09523809524,3961106.0,157.2417502442598,ENCentral,2
13071,GA,31.189707,-83.769773,1416.818773,43136.80952380953,905873.0,30.446243616938247,SAtlantic,0
48235,TX,31.303424,-100.981304,2723.485995,1641.857142857143,34479.0,0.6028513257903289,WSCentral,0
47185,TN,35.927049,-85.455785,975.592109,24369.190476190477,511753.0,24.9788720628023,ESCentral,0
18033,IN,41.39676,-85.002697,939.731962,41036.23809523809,861760.9999999999,43.66802423948851,ENCentral,0
19105,IA,42.125118,-91.116914,1490.844762,20480.52380952381,430091.0,13.737529440723762,WNCentral,0
30033,MT,47.267184,-106.995991,12112.23325,1285.4285714285713,26993.999999999996,0.10612647105591129,Mountain,0
48281,TX,31.196731,-98.240889,1845.440041,18903.0,396963.0,10.243085432218601,WSCentral,0
48191,TX,34.453189,-100.576343,2288.233615,3502.6666666666665,73556.0,1.5307294865811445,WSCentral,0
31019,NE,40.855265,-99.074984,2507.679097,44078.666666666664,925652.0,17.577475012412506,WNCentral,0
13139,GA,34.317569,-83.8185,1017.83359,156991.42857142858,3296820.0,154.24076205957064,SAtlantic,3
51595,VA,36.696182,-77.535975,17.881071,5754.476190476191,120844.0,321.81943634563004,SAtlantic,0
47041,TN,35.982219,-85.833596,788.430955,17781.52380952381,373412.0,22.55305134426617,ESCentral,0
18121,IN,39.77425,-87.19695,1151.822275,17113.761904761905,359389.0,14.857988316610655,ENCentral,0
51191,VA,36.747814,-81.950322,1453.483684,52503.76190476191,1102579.0,36.122704700936914,SAtlantic,1
31149,NE,42.394749,-99.420851,2611.466193,1601.6190476190477,33634.0,0.6133026159450832,WNCentral,0
46073,SD,44.06341,-98.62317,1362.677265,2130.5238095238096,44741.0,1.5634837861067636,WNCentral,0
28129,MS,32.019029,-89.494876,1647.926077,16023.904761904761,336502.0,9.723679347969176,ESCentral,0
17151,IL,37.417169,-88.542374,955.362037,4487.333333333333,94234.0,4.696997744880387,ENCentral,0
17003,IL,37.183658,-89.349516,609.667765,8845.47619047619,185755.0,14.508682758512236,ENCentral,0
26037,MI,42.950455,-84.591695,1466.836593,70397.09523809524,1478339.0,47.99245912874171,ENCentral,0
40149,OK,35.289497,-98.991436,2597.989577,11529.047619047618,242110.0,4.437680474592458,WSCentral,0
21059,KY,37.731671,-87.087139,1187.227811,94101.04761904762,1976122.0,79.26115505985871,ESCentral,0
17069,IL,37.517852,-88.266148,459.435094,4580.142857142857,96183.0,9.96907488556557,ENCentral,0
55059,WI,42.585882,-87.876398,704.054452,157299.42857142858,3303288.0,223.41940758216893,ENCentral,3
27151,MN,45.27581,-95.690124,1921.733671,10406.095238095239,218528.0,5.4149518193539725,WNCentral,0
47089,TN,36.048338,-83.441143,712.435044,47714.04761904762,1001995.0,66.97319007660666,ESCentral,1
27157,MN,44.289634,-92.233454,1354.362715,21460.333333333332,450667.0,15.845336774006904,WNCentral,0
26001,MI,44.657509,-83.29458,1747.349242,11074.619047619048,232567.0,6.337953959875325,ENCentral,0
51025,VA,36.764204,-77.861483,1466.538251,17507.428571428572,367656.0,11.937928355766134,SAtlantic,0
29103,MO,40.136856,-92.146835,1305.376625,4197.571428571428,88149.0,3.2156018027145445,WNCentral,0
47061,TN,35.393386,-85.710379,933.545812,13880.857142857143,291498.0,14.868961934625597,ESCentral,1
31095,NE,40.175736,-97.143103,1476.754309,7941.809523809524,166778.0,5.377881395306309,WNCentral,0
39089,OH,40.091505,-82.483435,1767.478856,154114.38095238095,3236402.0,87.194469359118,ENCentral,0
18149,IN,41.284478,-86.644636,800.679813,23296.52380952381,489227.0,29.09593002255923,ENCentral,0
48475,TX,31.513069,-103.105113,2164.201061,10936.142857142857,229659.0,5.053200949864452,WSCentral,0
54007,WV,38.69933,-80.73166,1322.796522,14259.904761904761,299458.0,10.780119636498984,SAtlantic,0
42087,PA,40.601615,-77.651832,1064.602254,46623.95238095238,979103.0,43.79471507389123,MidAtlantic,0
40043,OK,35.97796,-99.014385,2589.024038,4801.142857142857,100824.0,1.8544218928348386,WSCentral,0
39039,OH,41.321679,-84.486433,1065.649888,39249.04761904762,824230.0,36.83109064339114,ENCentral,0
22069,LA,31.732509,-93.082546,3246.092085,38685.0,812385.0,11.917406834747881,WSCentral,0
54073,WV,39.368133,-81.161172,337.007574,7579.857142857143,159177.0,22.4916521990605,SAtlantic,0
36025,NY,42.193986,-74.966728,3736.306657,47477.52380952381,997028.0,12.707073633951937,MidAtlantic,0
29121,MO,39.829795,-92.56434,2075.118027,15465.047619047618,324766.0,7.452611089021019,WNCentral,0
21065,KY,37.692449,-83.963983,655.50995,14961.52380952381,314192.0,22.82425127112687,ESCentral,0
17081,IL,38.30078,-88.92421,1479.490494,39181.666666666664,822815.0,26.48321623259221,ENCentral,0
33001,NH,43.519109,-71.425366,1040.779615,57929.80952380953,1216526.0,55.660015520009516,NewEngland,1
38045,ND,46.464195,-98.526057,2968.139583,4451.857142857143,93489.0,1.4998813291514743,WNCentral,0
37033,NC,36.394298,-79.339609,1101.694783,23161.571428571428,486393.0,21.02358274358047,SAtlantic,0
47083,TN,36.285782,-87.705598,518.758193,8090.142857142857,169893.0,15.595209803544938,ESCentral,1
49009,UT,40.890099,-109.505785,1805.185844,951.4761904761905,19981.0,0.5270793550917023,Mountain,0
55089,WI,43.501845,-87.847567,603.514413,84443.90476190476,1773322.0,139.92027852681088,ENCentral,0
55109,WI,45.028959,-92.447284,1870.380099,73795.09523809524,1549697.0,39.45459817368129,ENCentral,1
53071,WA,46.254606,-118.48037,3289.370358,56598.71428571428,1188573.0,17.206549620677976,Pacific,1
51159,VA,37.942894,-76.730561,495.925426,8992.52380952381,188843.0,18.132814608952533,SAtlantic,0
48081,TX,31.87711,-100.635231,2361.153198,3424.3809523809523,71912.0,1.450300198767938,WSCentral,0
20037,KS,37.505821,-94.853897,1527.499258,38333.19047619047,804997.0,25.09539057084797,WNCentral,2
26045,MI,42.58953,-84.84645,1489.783175,105721.04761904762,2220142.0,70.96404993233168,ENCentral,0
20203,KS,38.481922,-101.347434,1861.078197,2395.4285714285716,50304.0,1.2871187117714493,WNCentral,0
26085,MI,43.995187,-85.8114,1470.054605,11213.190476190477,235477.00000000003,7.627737390197473,ENCentral,0
17051,IL,39.001125,-89.017923,1855.583353,21895.95238095238,459815.0,11.800037085670267,ENCentral,0
46115,SD,44.923772,-98.339615,3894.043705,6962.619047619048,146215.0,1.7880176944801516,WNCentral,0
46035,SD,43.680439,-98.155868,1128.284975,18994.14285714286,398877.00000000006,16.83452609757819,WNCentral,0
49045,UT,40.467753,-113.123979,17979.556898,48314.09523809524,1014596.0,2.6871682940901382,Mountain,1
05065,AR,36.094879,-91.913625,1502.652313,13372.333333333334,280819.0,8.899153328846827,WSCentral,0
11001,DC,38.904247,-77.016517,158.316124,583469.4285714285,12252857.999999998,3685.4706509327407,SAtlantic,7
05127,AR,34.858869,-94.063641,2312.47068,10927.52380952381,229478.0,4.725475615337881,WSCentral,0
06021,CA,39.602546,-122.4017,3403.160301,27182.47619047619,570832.0,7.987421627623233,Pacific,2
51678,VA,37.782332,-79.44432,6.473,7028.571428571428,147600.0,1085.8290481340073,SAtlantic,0
19021,IA,42.741522,-95.141432,1488.981867,20075.0,421575.0,13.48236700857016,WNCentral,0
39097,OH,39.896607,-83.400885,1206.451441,41954.0,881034.0,34.77471083728433,ENCentral,0
13029,GA,32.017969,-81.438543,1133.280746,27340.809523809523,574157.0,24.125363128519545,SAtlantic,1
39139,OH,40.774159,-82.542781,1282.631596,126627.38095238095,2659175.0,98.72466992648523,ENCentral,0
17203,IL,40.789787,-89.210587,1366.337053,37000.19047619047,777004.0,27.079841240454506,ENCentral,1
13165,GA,32.794563,-81.971524,899.569112,8568.095238095239,179930.0,9.524665891479874,SAtlantic,0
28121,MS,32.267123,-89.946063,2008.521126,128463.38095238095,2697731.0,63.95918832490336,ESCentral,1
13149,GA,33.291347,-85.137886,766.567357,11136.238095238095,233861.0,14.527409748857979,SAtlantic,0
20157,KS,39.828906,-97.650883,1857.998463,5370.190476190476,112774.0,2.8903094287384654,WNCentral,0
31061,NE,40.183203,-98.96208,1491.35586,3392.6666666666665,71246.0,2.274887407936739,WNCentral,0
37139,NC,36.265199,-76.260691,587.622471,37583.09523809524,789245.0,63.957893193119965,SAtlantic,0
48335,TX,32.304117,-100.924392,2359.710926,9206.809523809523,193342.99999999997,3.9016683875834723,WSCentral,0
40071,OK,36.814885,-97.143862,2381.745586,46595.04761904762,978496.0,19.56340252835368,WSCentral,0
51680,VA,37.399016,-79.195458,126.848431,70419.47619047618,1478808.9999999998,555.1466079267167,SAtlantic,5
54023,WV,39.105988,-79.195064,1236.387822,11544.0,242424.0,9.336876176381493,SAtlantic,0
51520,VA,36.616954,-82.157564,33.33623,17438.0,366198.0,523.094543084206,SAtlantic,0
37109,NC,35.488491,-81.226893,766.239897,69615.80952380953,1461932.0,90.85380413676047,SAtlantic,0
08045,CO,39.599352,-107.90978,7633.807267,49065.142857142855,1030368.0,6.4273489152975305,Mountain,0
05149,AR,34.997713,-93.408303,2409.234392,20935.095238095237,439637.0,8.689521994045666,WSCentral,0
13035,GA,33.290355,-83.958221,475.754793,21253.571428571428,446325.0,44.67337321932441,SAtlantic,0
06049,CA,41.592918,-120.71837,10225.877726,9445.904761904761,198364.0,0.9237255730026867,Pacific,0
13153,GA,32.458287,-83.662522,973.954137,125528.04761904762,2636089.0,128.8849678340117,SAtlantic,1
48507,TX,28.864652,-99.75983,3360.268878,11826.238095238095,248351.0,3.5194320825531555,WSCentral,0
48429,TX,32.738052,-98.839344,2322.497231,9543.190476190477,200407.00000000003,4.109021250407027,WSCentral,0
29115,MO,39.86444,-93.108019,1594.366554,13154.285714285714,276240.0,8.250477709334659,WNCentral,0
13133,GA,33.576704,-83.166625,1003.664492,15122.809523809523,317579.0,15.067594444508378,SAtlantic,0
18103,IN,40.772883,-86.044258,968.246953,35941.57142857143,754773.0,37.12025255252358,ENCentral,0
20101,KS,38.481286,-100.466185,1858.08022,1918.3333333333333,40285.0,1.0324276167868216,WNCentral,0
39051,OH,41.597264,-84.124267,1050.103237,42240.80952380953,887057.0,40.225387405228545,ENCentral,1
22049,LA,32.30429,-92.5617,1474.681465,15818.42857142857,332187.0,10.726674842575967,WSCentral,1
08019,CO,39.689403,-105.670783,1023.234052,9105.57142857143,191217.00000000003,8.89881587772983,Mountain,0
08041,CO,38.827383,-104.527472,5507.391789,569178.9523809524,11952758.0,103.3481862535697,Mountain,9
48495,TX,31.832862,-103.054925,2178.876165,7294.761904761905,153190.0,3.3479469930141277,WSCentral,0
48159,TX,33.175846,-95.219066,736.569935,10116.0,212436.0,13.733930098572378,WSCentral,0
51187,VA,38.908221,-78.207594,555.804005,34679.619047619046,728272.0,62.39541049658152,SAtlantic,0
50003,VT,43.035325,-73.11146,1747.741036,36690.09523809524,770492.0,20.99286706803355,NewEngland,0
30087,MT,46.173206,-106.666792,12971.010184,9474.380952380952,198962.0,0.7304273775120299,Mountain,0
13079,GA,32.709428,-83.979187,841.524044,12121.333333333334,254548.0,14.404024958950945,SAtlantic,0
19163,IA,41.642079,-90.622289,1186.463557,161827.95238095237,3398386.9999999995,136.3952153660227,WNCentral,3
51111,VA,36.945555,-78.240528,1118.097708,12635.095238095239,265337.0,11.300528699496484,SAtlantic,0
12131,FL,30.571247,-86.162798,2689.165614,48284.666666666664,1013978.0,17.95525958508953,SAtlantic,0
13131,GA,30.875908,-84.24508,1177.051414,23770.285714285714,499176.0,20.19477265951079,SAtlantic,0
48417,TX,32.74382,-99.347005,2367.989254,3317.9523809523807,69677.0,1.401168681550267,WSCentral,0
30055,MT,47.629628,-105.757222,6843.332035,1825.047619047619,38326.0,0.2666899121237245,Mountain,0
18099,IN,41.325003,-86.269036,1148.969991,46248.71428571428,971222.9999999999,40.252325689952926,ENCentral,1
53049,WA,46.556587,-123.782419,2418.037245,20895.619047619046,438807.99999999994,8.641562114407813,Pacific,1
39001,OH,38.834468,-83.478082,1512.221266,28218.0,592578.0,18.659967714010445,ENCentral,0
55057,WI,43.932836,-90.113984,1986.729542,25547.095238095237,536489.0,12.858869160609299,ENCentral,1
16003,ID,44.877004,-116.461624,3529.648934,3810.3333333333335,80017.0,1.0795219027676064,Mountain,0
17009,IL,39.962069,-90.750309,791.828626,6864.619047619048,144157.0,8.669324172196633,ENCentral,0
21201,KY,38.513473,-84.06423,258.794976,2246.5714285714284,47178.0,8.680892741022253,ESCentral,0
19117,IA,41.033344,-93.331467,1115.458264,9097.57142857143,191049.00000000003,8.155904817046054,WNCentral,0
01133,AL,34.154566,-87.365346,1587.65747,24369.95238095238,511769.0,15.349628519653159,ESCentral,0
19015,IA,42.038642,-93.938603,1477.555796,26253.47619047619,551323.0,17.76817921972822,WNCentral,0
21147,KY,36.731136,-84.491052,1105.416696,17520.04761904762,367921.0,15.849269947201538,ESCentral,0
17105,IL,40.894376,-88.552852,2702.983878,38995.857142857145,818913.0,14.426966235444615,ENCentral,0
17041,IL,39.766078,-88.222866,1079.110222,19941.380952380954,418769.00000000006,18.47946627307637,ENCentral,1
29177,MO,39.308401,-93.995746,1473.619864,23371.47619047619,490801.0,15.859908488907415,WNCentral,0
39151,OH,40.814131,-81.365667,1489.930012,375570.61904761905,7886983.0,252.0726584623084,ENCentral,6
48345,TX,34.057899,-100.793152,2562.9639,1259.952380952381,26459.0,0.4915997376913428,WSCentral,0
48299,TX,30.707584,-98.68469,2419.214536,17428.428571428572,365997.0,7.204168258779251,WSCentral,0
53017,WA,47.741763,-119.694622,4711.819965,35655.28571428572,748761.0000000001,7.567200355518193,Pacific,0
19127,IA,42.0417,-92.981403,1482.77607,39774.28571428572,835260.0000000001,26.824202601466126,WNCentral,1
40003,OK,36.729703,-98.323445,2244.392662,5829.9047619047615,122427.99999999999,2.597542248560765,WSCentral,0
21229,KY,37.754209,-85.175416,769.154197,11339.57142857143,238131.00000000003,14.742910423943808,ESCentral,0
27027,MN,46.898377,-96.494901,2706.993098,55345.71428571428,1162260.0,20.445458219529705,WNCentral,0
38081,ND,46.108204,-97.630051,2223.461624,4118.857142857143,86496.0,1.8524525444461384,WNCentral,0
17099,IL,41.343341,-88.885931,2940.059894,111962.80952380953,2351219.0,38.081812466576075,ENCentral,2
31151,NE,40.516802,-97.131755,1486.812316,13885.809523809523,291602.0,9.339315644873581,WNCentral,0
19009,IA,41.679178,-94.904312,1147.264573,6360.142857142857,133563.0,5.543745537711167,WNCentral,0
31103,NE,42.87548,-99.718351,2002.257565,897.8095238095239,18854.0,0.44839861739242515,WNCentral,0
27139,MN,44.651805,-93.533731,922.742777,110711.90476190476,2324950.0,119.98132905667248,WNCentral,3
37149,NC,35.277901,-82.167621,615.606322,19034.809523809523,399731.0,30.92042567394154,SAtlantic,0
21097,KY,38.444578,-84.334131,793.60433,18196.285714285714,382122.0,22.928662340193775,ESCentral,0
20079,KS,38.050144,-97.436706,1397.961179,33968.80952380953,713345.0,24.29882176564327,WNCentral,0
41071,OR,45.247827,-123.316399,1854.279942,91089.38095238095,1912877.0,49.12385605278847,Pacific,5
17181,IL,37.485652,-89.244639,1070.730016,17913.0,376173.0,16.7297075194724,ENCentral,0
32023,NV,37.965864,-116.459011,47090.939212,37292.666666666664,783146.0,0.7919287083822597,Mountain,1
19153,IA,41.684816,-93.568971,1481.988336,403159.09523809527,8466341.0,272.039317344597,WNCentral,9
31091,NE,41.920317,-101.117324,1867.796117,730.0952380952381,15332.0,0.39088593848663516,WNCentral,0
46007,SD,43.186912,-101.677181,3068.208306,3443.1428571428573,72306.0,1.1221998357835283,WNCentral,0
17145,IL,38.084381,-89.368525,1144.587283,22125.47619047619,464635.0,19.330527709939783,ENCentral,0
21219,KY,36.840338,-87.183642,969.958409,11982.619047619048,251635.0,12.353745208490736,ESCentral,0
40127,OK,34.377899,-95.408082,3614.424074,11443.47619047619,240313.0,3.1660579821813655,WSCentral,0
18181,IN,40.75095,-86.864293,1308.303895,24864.47619047619,522154.0,19.005122804802312,ENCentral,1
48415,TX,32.744353,-100.913346,2345.090474,16928.52380952381,355499.0,7.2187081893898,WSCentral,0
45087,SC,34.690397,-81.615896,1330.180037,29347.14285714286,616290.0,22.06253442453584,SAtlantic,0
31181,NE,40.180646,-98.49859,1489.017942,3877.3809523809523,81425.0,2.6039853805743816,WNCentral,0
18143,IN,38.679431,-85.751898,493.140245,23546.714285714286,494481.0,47.7485147976805,ENCentral,0
51775,VA,37.285333,-80.055241,37.593968,24606.14285714286,516729.00000000006,654.5236953210914,SAtlantic,1
38083,ND,47.581359,-100.330986,2518.053323,1515.6190476190477,31828.0,0.6019010931084431,WNCentral,0
18019,IN,38.476217,-85.711122,965.625489,102925.57142857143,2161437.0,106.58953455667474,ENCentral,1
42083,PA,41.81459,-78.572463,2537.39585,44626.95238095238,937166.0,17.587698183140162,MidAtlantic,1
51036,VA,37.361054,-77.05417,473.711548,7070.666666666667,148484.0,14.926101541156997,SAtlantic,0
19187,IA,42.433579,-94.175831,1853.670893,38548.666666666664,809522.0,20.795852603737607,WNCentral,0
46075,SD,43.951991,-100.686138,2511.438719,1083.095238095238,22745.0,0.43126484827250844,WNCentral,0
32011,NV,39.977788,-116.272208,10814.982421,1763.6666666666667,37037.0,0.16307623979508887,Mountain,0
31157,NE,41.850331,-103.701549,1915.576081,36527.0,767067.0,19.068415168836097,WNCentral,0
46061,SD,43.680612,-97.796845,1125.562873,3270.2380952380954,68675.0,2.9054246312530028,WNCentral,0
48255,TX,28.908996,-97.852205,1936.669678,14938.238095238095,313703.0,7.713363959239979,WSCentral,0
45077,SC,34.885368,-82.723377,1287.069061,113842.38095238095,2390690.0,88.45087214195802,SAtlantic,2
13247,GA,33.652081,-84.02637,336.22692,77515.19047619047,1627819.0,230.544271934533,SAtlantic,0
20149,KS,39.382187,-96.337113,2177.507162,20046.52380952381,420977.0,9.206180424734608,WNCentral,0
19073,IA,42.042513,-94.388727,1475.154712,9693.904761904761,203572.0,6.571449545628921,WNCentral,0
37093,NC,35.017233,-79.241964,1010.491623,40117.47619047619,842467.0,39.700948802893926,SAtlantic,0
21043,KY,38.314094,-83.038988,1060.592683,27318.714285714286,573693.0,25.757969787647767,ESCentral,0
49013,UT,40.289393,-110.429584,8379.502802,16507.85714285714,346664.99999999994,1.9700282383003778,Mountain,0
29001,MO,40.190666,-92.603592,1469.362059,25058.714285714286,526233.0,17.0541454587227,WNCentral,0
13301,GA,33.419169,-82.688012,736.483608,5945.476190476191,124855.0,8.072788214013027,SAtlantic,0
39091,OH,40.387553,-83.766343,1187.523861,45863.666666666664,963137.0,38.621259052466876,ENCentral,0
22067,LA,32.820008,-91.800399,2058.910717,29342.809523809523,616199.0,14.251618237513657,WSCentral,0
30077,MT,46.844225,-112.9311,6024.421103,7006.190476190476,147130.0,1.1629649316349386,Mountain,0
05081,AR,33.701941,-94.236287,1375.943077,13111.52380952381,275342.0,9.529117903708025,WSCentral,0
08075,CO,40.728091,-103.090464,4761.947975,21060.85714285714,442277.99999999994,4.422739864741412,Mountain,0
12113,FL,30.675348,-87.018919,2622.106399,137431.38095238095,2886059.0,52.41258745441968,SAtlantic,4
12057,FL,27.88761,-82.374417,2646.680847,1119293.2857142857,23505159.0,422.9045171740292,SAtlantic,21
17013,IL,39.164262,-90.666295,657.415184,5031.619047619048,105664.0,7.653639845986654,ENCentral,0
20191,KS,37.236662,-97.493352,3060.505685,25046.333333333332,525973.0,8.183723838870547,WNCentral,1
21191,KY,38.696284,-84.351943,717.836498,14485.142857142857,304188.0,20.17888878247433,ESCentral,0
23025,ME,45.503646,-69.95611,10163.81199,51760.47619047619,1086970.0,5.092624326522611,NewEngland,1
26091,MI,41.896022,-84.074356,1941.526154,99563.57142857143,2090835.0000000002,51.28108690343784,ENCentral,0
27011,MN,45.419925,-96.402226,1292.831731,5445.666666666667,114359.0,4.2122006569675285,WNCentral,0
28103,MS,33.106606,-88.566152,1800.451921,11895.619047619048,249808.0,6.607018442909616,ESCentral,0
32017,NV,37.634605,-114.863037,27540.342252,4672.857142857143,98130.0,0.16967316891342543,Mountain,0
36055,NY,43.250347,-77.700518,1701.475181,736683.8095238095,15470359.999999998,432.9677081101129,MidAtlantic,14
41051,OR,45.547711,-122.417363,1116.697857,693915.9523809524,14572235.0,621.3999140691038,Pacific,35
45003,SC,33.550013,-81.632983,2773.070087,149841.57142857142,3146673.0,54.03454176330431,SAtlantic,2
51107,VA,39.0812,-77.638898,1335.755878,245977.95238095237,5165537.0,184.14888261562444,SAtlantic,2
51015,VA,38.17259,-79.140975,2504.708861,68517.76190476191,1438873.0,27.355579313679726,SAtlantic,0
37171,NC,36.415416,-80.686463,1379.543658,71196.76190476191,1495132.0,51.60892262589192,SAtlantic,1
05005,AR,36.280268,-92.329949,1434.660641,39352.09523809524,826394.0,27.429549618553477,WSCentral,2
06083,CA,34.536677,-120.038364,7080.860393,410076.95238095237,8611616.0,57.913435602592365,Pacific,7
06027,CA,36.56216,-117.404209,26410.783053,18323.333333333332,384790.0,0.6937822819021636,Pacific,0
17097,IL,42.185968,-87.805939,1148.95466,666304.9047619047,13992403.0,579.9227140624546,ENCentral,8
19139,IA,41.483776,-91.118699,1132.977286,42061.0,883281.0,37.12431001021851,WNCentral,1
25027,MA,42.311693,-71.940282,3912.62758,774306.380952381,16260434.0,197.89933110689287,NewEngland,17
32003,NV,36.21413,-115.014398,20439.281712,1641429.857142857,34470027.0,80.30760964457795,Mountain,32
34025,NJ,40.287048,-74.152446,1212.58533,619271.7142857143,13004706.0,510.7036172750946,MidAtlantic,7
35009,NM,34.572984,-103.346055,3640.29568,47237.380952380954,991985.0,12.976248388806964,Mountain,0
36003,NY,42.247853,-78.026153,2666.225086,49549.333333333336,1040536.0,18.584077388480974,MidAtlantic,2
45069,SC,34.60167,-79.679435,1242.867261,28840.285714285714,605646.0,23.20463867644327,SAtlantic,0
45001,SC,34.229041,-82.454058,1272.184102,25363.904761904763,532642.0,19.937291090204777,SAtlantic,1
51045,VA,37.473603,-80.231051,849.770438,5070.809523809524,106487.0,5.967269861427591,SAtlantic,1
53055,WA,48.50719,-123.103769,450.432205,14615.238095238095,306920.0,32.447142839704576,Pacific,0
21015,KY,38.9589,-84.736371,637.882924,102606.19047619047,2154730.0,160.8542674771311,ESCentral,2
01087,AL,32.387027,-85.692887,1576.435594,22169.04761904762,465550.0,14.062767742256153,ESCentral,0
13067,GA,33.939929,-84.574121,880.02686,643956.4285714285,13523084.999999998,731.7463339373851,SAtlantic,5
13305,GA,31.547845,-81.912376,1662.28707,28051.14285714286,589074.0,16.875029207285394,SAtlantic,0
13077,GA,33.352897,-84.762138,1142.364907,108168.85714285714,2271546.0,94.68853295478303,SAtlantic,2
16053,ID,42.691395,-114.262086,1547.629731,20082.428571428572,421731.0,12.976248885094966,Mountain,0
36121,NY,42.701363,-78.228567,1535.219438,42767.57142857143,898119.0,27.857627626371563,MidAtlantic,0
17111,IL,42.324298,-88.452245,1562.786332,281691.14285714284,5915514.0,180.2493002972737,ENCentral,3
21021,KY,37.618104,-84.868352,467.104135,28054.095238095237,589136.0,60.05961655230313,ESCentral,1
22041,LA,32.139076,-91.672371,1616.925546,21074.14285714286,442557.00000000006,13.033465213829245,WSCentral,1
34017,NJ,40.731375,-74.078601,119.640822,611408.4285714285,12839576.999999998,5110.366331079107,MidAtlantic,0
26025,MI,42.24299,-85.012385,1829.210172,137678.04761904763,2891239.0000000005,75.26639077701763,ENCentral,4
18175,IN,38.600613,-86.104751,1330.443086,27732.571428571428,582384.0,20.844613137078927,ENCentral,1
28017,MS,33.933277,-88.947558,1299.608408,18094.380952380954,379982.00000000006,13.922948513565599,ESCentral,1
29017,MO,37.318427,-90.024645,1600.364576,12175.380952380952,255683.0,7.6078795638006875,WNCentral,0
37187,NC,35.844713,-76.572291,897.456201,13279.142857142857,278862.0,14.796424429789925,SAtlantic,0
41043,OR,44.488898,-122.537208,5929.198839,110150.0,2313150.0,18.577552042187467,Pacific,3
46085,SD,43.894812,-99.841925,4253.498542,3810.8571428571427,80028.0,0.8959347476501716,WNCentral,1
48241,TX,30.752932,-94.022294,2431.105358,34944.333333333336,733831.0,14.373845715218623,WSCentral,0
51075,VA,37.718814,-77.917626,730.451418,19424.47619047619,407914.0,26.592427246785345,SAtlantic,0
47123,TN,35.447818,-84.249705,1646.647004,40903.52380952381,858974.0,24.8404932630745,ESCentral,0
48123,TX,29.082346,-97.361654,2354.237965,20022.619047619046,420474.99999999994,8.504925731931712,WSCentral,0
48065,TX,35.405496,-101.355356,2383.397227,6373.952380952381,133853.0,2.6743139199567345,WSCentral,0
41035,OR,42.683761,-121.646168,15410.368803,64826.28571428572,1361352.0,4.20666672829178,Pacific,0
01001,AL,32.532237,-86.64644,1539.634184,48874.71428571428,1026368.9999999999,31.74436810615416,ESCentral,0
20093,KS,37.994461,-101.308136,2254.696661,4111.714285714285,86345.99999999999,1.8236219340878712,WNCentral,0
48095,TX,31.318883,-99.863649,2547.914005,3807.6190476190477,79960.0,1.4944064203685898,WSCentral,0
28021,MS,31.97281,-90.915424,1262.400025,10532.52380952381,221183.0,8.343253803027935,ESCentral,0
21167,KY,37.812085,-84.879695,645.073065,21003.238095238095,441068.0,32.5594715309313,ESCentral,1
37005,NC,36.489356,-81.132299,608.22028,10641.52380952381,223472.0,17.496167358187744,SAtlantic,0
05101,AR,35.910742,-93.215898,2126.566287,8285.52380952381,173996.0,3.896198232885749,WSCentral,3
13049,GA,30.779904,-82.139644,2020.415648,11488.238095238095,241253.0,5.68607657865363,SAtlantic,0
51685,VA,38.769398,-77.442323,7.857548,11910.52380952381,250121.0,1515.8066879799917,SAtlantic,0
40059,OK,36.80035,-99.662805,2689.919591,3627.904761904762,76186.0,1.3487037954751868,WSCentral,0
13235,GA,32.238803,-83.481845,645.583957,10446.333333333334,219373.0,16.18121581254432,SAtlantic,1
44005,RI,41.501045,-71.283063,265.29378,83817.42857142857,1760165.9999999998,315.94192887382644,NewEngland,0
21069,KY,38.367848,-83.699205,902.727568,14061.761904761905,295297.0,15.576971838708602,ESCentral,0
20033,KS,37.181442,-99.251293,2041.681089,1935.7619047619048,40651.0,0.9481215823525242,WNCentral,0
12015,FL,26.906396,-82.003657,1764.089884,152054.66666666666,3193148.0,86.19439862207534,SAtlantic,4
36067,NY,43.006516,-76.196134,2016.027798,463046.71428571426,9723981.0,229.6827031577043,MidAtlantic,4
29185,MO,38.04223,-93.77656,1748.193269,9521.619047619048,199954.0,5.446548282997106,WNCentral,0
19169,IA,42.037538,-93.466093,1482.882553,84363.52380952382,1771634.0000000002,56.891574884908515,WNCentral,0
51683,VA,38.746808,-77.482633,25.493247,36220.380952380954,760628.0,1420.7833530338821,SAtlantic,1
48015,TX,29.891901,-96.27017,1674.41588,26139.714285714286,548934.0,15.61124365693085,WSCentral,0
51830,VA,37.269481,-76.708193,23.14977,13005.809523809523,273122.0,561.8116086600222,SAtlantic,0
31083,NE,40.178766,-99.403418,1433.471221,3582.0,75222.0,2.4988293783122977,WNCentral,0
48341,TX,35.835676,-101.890502,2330.207191,20672.380952380954,434120.00000000006,8.871477623202027,WSCentral,0
19185,IA,40.739983,-93.332613,1360.957553,6534.857142857143,137232.0,4.801661248326342,WNCentral,0
27047,MN,43.674202,-93.350289,1831.756443,31538.14285714286,662301.0,17.217432469073543,WNCentral,0
42075,PA,40.371448,-76.464819,937.148912,126653.28571428571,2659719.0,135.14744998635362,MidAtlantic,1
12093,FL,27.385592,-80.887388,1992.126184,37042.80952380953,777899.0,18.594610030892262,SAtlantic,1
33003,NH,43.867774,-71.20156,2413.515434,44894.52380952381,942785.0,18.601299654884997,NewEngland,1
27127,MN,44.403536,-95.254241,2275.493325,16230.380952380952,340838.0,7.132686689986644,WNCentral,1
12007,FL,29.952386,-82.166698,761.362121,26813.428571428572,563082.0,35.21770762145464,SAtlantic,0
48033,TX,32.73859,-101.439199,2324.366072,677.0,14217.0,0.29126221043894157,WSCentral,0
48213,TX,32.211633,-95.853418,2263.082389,75092.19047619047,1576936.0,33.18137724069862,WSCentral,0
40101,OK,35.617551,-95.383911,2099.505291,69958.38095238095,1469126.0,33.32136444345876,WSCentral,2
55011,WI,44.385633,-91.761294,1750.290818,13770.904761904761,289189.0,7.867780954047581,ENCentral,0
20025,KS,37.233831,-99.813869,2524.30031,2278.8571428571427,47855.99999999999,0.9027678417775667,WNCentral,0
48269,TX,33.614268,-100.245345,2359.150569,301.14285714285717,6324.000000000001,0.12764885001405654,WSCentral,0
05047,AR,35.508558,-93.887665,1577.206794,17634.809523809523,370331.0,11.181038270248235,WSCentral,0
53045,WA,47.350832,-123.173103,2485.218918,55139.23809523809,1157924.0,22.18687363751916,Pacific,2
56017,WY,43.720209,-108.435076,5191.453508,4707.714285714285,98861.99999999999,0.9068200800526721,Mountain,0
56009,WY,42.984623,-105.524752,11020.385628,12961.619047619048,272194.0,1.1761493186487837,Mountain,0
27017,MN,46.603818,-92.671044,2230.477103,33545.142857142855,704448.0,15.039447305701776,WNCentral,0
12043,FL,26.95481,-81.19082,2089.659345,11320.666666666666,237734.0,5.417469930567399,SAtlantic,0
21119,KY,37.354368,-82.952546,910.427584,17022.571428571428,357474.0,18.69733708394695,ESCentral,0
48311,TX,28.384922,-98.578853,2952.066567,775.5714285714286,16287.0,0.26272152438608226,WSCentral,0
42067,PA,40.530673,-77.400438,1013.697487,23540.52380952381,494351.0,23.222434810597303,MidAtlantic,0
46105,SD,45.483387,-102.467995,7434.457143,3176.6666666666665,66710.0,0.42728966023534004,WNCentral,0
46117,SD,44.413984,-100.747822,3741.060758,2883.809523809524,60560.0,0.7708534317820678,WNCentral,0
20175,KS,37.18096,-100.855257,1656.693305,22104.761904761905,464200.0,13.342700087003674,WNCentral,0
21131,KY,37.087846,-83.388617,1038.20601,12010.952380952382,252230.0,11.568948999777396,ESCentral,0
21175,KY,37.92294,-83.258944,987.114235,13798.0,289758.0,13.978118753398384,ESCentral,0
13233,GA,33.996015,-85.188338,803.767094,39258.52380952381,824429.0,48.84315879883957,SAtlantic,0
31009,NE,41.931945,-99.996407,1840.681023,529.8095238095239,11126.0,0.2878334253405968,WNCentral,0
17033,IL,39.002787,-87.760619,1149.031261,20133.380952380954,422801.00000000006,17.522048037978447,ENCentral,0
34001,NJ,39.469355,-74.633759,1438.774368,261148.7142857143,5484123.0,181.5077611152677,MidAtlantic,5
04019,AZ,32.128038,-111.783657,23798.59768,904655.7619047619,18997771.0,38.0129860619906,Mountain,20
08071,CO,37.318831,-104.04411,12361.852647,15046.52380952381,315977.0,1.2171738524302287,Mountain,0
01121,AL,33.369314,-86.17593,1908.346572,80487.38095238095,1690235.0,42.17650092143795,ESCentral,0
05037,AR,35.285692,-90.763984,1596.255194,18536.52380952381,389267.0,11.612506495953058,WSCentral,0
06063,CA,39.992295,-120.824371,6612.400772,20213.809523809523,424490.0,3.0569546857178187,Pacific,1
17089,IL,41.939594,-88.42804,1345.149889,462147.61904761905,9705100.0,343.56589018580297,ENCentral,8
21085,KY,37.458577,-86.344011,1294.808799,24815.47619047619,521125.0,19.165359557057037,ESCentral,0
21153,KY,37.698983,-83.069721,798.866801,13346.857142857143,280284.0,16.707237209194204,ESCentral,0
21081,KY,38.649167,-84.625924,668.157704,23127.0,485667.0,34.61308589506288,ESCentral,0
21155,KY,37.552604,-85.268959,888.485847,18732.619047619046,393384.99999999994,21.083756270142416,ESCentral,0
27113,MN,48.069247,-96.037725,1596.931945,13768.190476190477,289132.0,8.621651360472018,WNCentral,0
29225,MO,37.280804,-92.87608,1534.731572,33348.90476190476,700327.0,21.72947072330429,WNCentral,0
28013,MS,33.936634,-89.337114,1519.218292,14882.809523809523,312539.0,9.79636014269997,ESCentral,0
30005,MT,48.428282,-108.967648,10949.218328,6735.333333333333,141442.0,0.6151428468742223,Mountain,1
30035,MT,48.705671,-112.990502,7757.268509,13178.857142857143,276756.0,1.6989043408213862,Mountain,2
36109,NY,42.453006,-76.473483,1229.316849,99787.85714285714,2095545.0,81.17342345387242,MidAtlantic,1
36001,NY,42.58824,-73.97401,1354.273421,301049.38095238095,6322037.0,222.29586454564327,MidAtlantic,2
38037,ND,46.357827,-101.639049,4297.393836,2642.0476190476193,55483.00000000001,0.6148023010864716,WNCentral,0
40111,OK,35.6435,-95.965947,1806.369917,39251.71428571428,824285.9999999999,21.729610262167736,WSCentral,0
28059,MS,30.456005,-88.625101,1872.109197,135474.04761904763,2844955.0000000005,72.36439404076472,ESCentral,1
47043,TN,36.145533,-87.364155,1268.830618,46175.666666666664,969689.0,36.39230170804932,ESCentral,2
48411,TX,31.155138,-98.819292,2940.447163,5981.571428571428,125613.0,2.034238704860356,WSCentral,0
49007,UT,39.673284,-110.588484,3831.067716,20612.285714285714,432858.0,5.3802979331847745,Mountain,1
48419,TX,31.790139,-94.142579,2060.566466,24785.47619047619,520495.0,12.028476925857236,WSCentral,1
47009,TN,35.688185,-83.922973,1447.336316,114001.14285714286,2394024.0,78.76617313950054,ESCentral,2
55097,WI,44.476246,-89.49807,2074.25298,68038.42857142857,1428806.9999999998,32.80141295563117,ENCentral,1
05105,AR,34.946363,-92.926877,1428.060517,10127.904761904761,212686.0,7.092069727675807,WSCentral,0
54059,WV,37.721161,-82.158989,1095.926646,28171.571428571428,591603.0,25.70570898279941,SAtlantic,0
47079,TN,36.325295,-88.300288,1455.320362,31342.619047619046,658195.0,21.5365770080657,ESCentral,0
48307,TX,31.205477,-99.359856,2759.893532,8294.190476190477,174178.00000000003,3.0052574057738966,WSCentral,0
08057,CO,40.663432,-106.329248,4179.530231,1450.0,30450.0,0.346928941737328,Mountain,0
36045,NY,43.996389,-76.052968,3285.929042,114100.95238095238,2396120.0,34.72410722280971,MidAtlantic,3
12009,FL,28.298311,-80.700333,2628.762626,513221.8095238095,10777658.0,195.2332266320837,SAtlantic,17
28019,MS,33.345964,-89.251332,1083.124493,8965.666666666666,188279.0,8.27759571924542,ESCentral,1
39003,OH,40.771627,-84.106103,1042.587389,106889.71428571429,2244684.0,102.52350586001025,ENCentral,0
22011,LA,30.645018,-93.340253,2997.852789,34082.52380952381,715733.0,11.368978468383295,WSCentral,1
40077,OK,34.875137,-95.272262,1870.243094,10718.333333333334,225085.0,5.730984045720708,WSCentral,0
41045,OR,43.188625,-117.603191,25609.051307,30449.095238095237,639431.0,1.1889973928777382,Pacific,0
26027,MI,41.917243,-86.000142,1269.375088,51457.80952380953,1080614.0,40.53790720352433,ENCentral,0
05021,AR,36.367302,-90.418704,1655.58194,16575.238095238095,348080.0,10.011729226303409,WSCentral,0
06081,CA,37.414672,-122.371546,1161.922036,709941.2380952381,14908766.0,611.0059161449952,Pacific,7
12129,FL,30.091335,-84.359111,1570.615734,25852.619047619046,542905.0,16.460180862812525,SAtlantic,0
17193,IL,38.087326,-88.178623,1281.999217,15021.095238095239,315443.0,11.716930118916943,ENCentral,0
17083,IL,39.080195,-90.361385,957.415216,22223.380952380954,466691.00000000006,23.211852685220908,ENCentral,0
18083,IN,38.688391,-87.420354,1335.984786,38686.0,812406.0,28.956916579737157,ENCentral,1
20117,KS,39.782709,-96.521243,2331.441861,10448.190476190477,219412.00000000003,4.481428703398612,WNCentral,0
21111,KY,38.189532,-85.657624,986.27174,714405.0476190476,15002506.0,724.3491004001063,ESCentral,9
22017,LA,32.580106,-93.88497,2277.812437,250195.04761904763,5254096.0,109.84005686990093,WSCentral,0
25021,MA,42.171738,-71.18111,1025.912543,659910.7619047619,13858126.0,643.2427075850285,NewEngland,5
25025,MA,42.338551,-71.018253,150.876727,700769.5714285715,14716161.000000002,4644.649876508599,NewEngland,8
36117,NY,43.218114,-77.049402,1563.912969,93629.33333333333,1966216.0,59.868634117921516,MidAtlantic,0
37129,NC,34.183445,-77.864204,497.937486,181448.52380952382,3810419.0,364.4002086830712,SAtlantic,8
40129,OK,35.708554,-99.741572,2955.524813,3554.6190476190477,74647.0,1.2027031652665905,WSCentral,0
42111,PA,39.981297,-79.028486,2784.357763,78693.28571428571,1652559.0,28.262634478946342,MidAtlantic,1
46083,SD,43.27942,-96.722286,1495.182125,34728.80952380953,729305.0,23.22714333132462,WNCentral,0
01009,AL,33.977358,-86.56644,1670.25909,53037.04761904762,1113778.0,31.753784749076036,ESCentral,0
04021,AZ,32.918521,-111.36634,13897.997152,263588.2380952381,5535353.0,18.965915391435107,Mountain,7
04025,AZ,34.631071,-112.577225,21038.142263,187032.04761904763,3927673.0000000005,8.890140834724882,Mountain,10
08093,CO,39.118914,-105.717648,5681.165604,15212.095238095239,319454.0,2.677636298330169,Mountain,1
17005,IL,38.885924,-89.436592,985.065096,17545.14285714286,368448.00000000006,17.811150682718797,ENCentral,3
17073,IL,41.350021,-90.130838,2131.719192,50697.142857142855,1064640.0,23.78228007112808,ENCentral,0
37163,NC,34.989298,-78.371261,2449.946536,59826.09523809524,1256348.0,24.419347262888696,SAtlantic,0
21099,KY,37.305827,-85.878443,1068.536124,17698.761904761905,371674.0,16.563559721788035,ESCentral,0
21211,KY,38.239011,-85.228247,983.603164,37330.47619047619,783940.0,37.95278172821757,ESCentral,1
27145,MN,45.555235,-94.610482,3477.91004,141500.90476190476,2971519.0,40.68561381245639,WNCentral,2
29079,MO,40.112541,-93.565054,1127.403258,10257.190476190477,215401.00000000003,9.098067087713238,WNCentral,0
30109,MT,46.962966,-104.274518,2303.9795,1054.2380952380952,22139.0,0.45757268900964404,Mountain,0
36095,NY,42.591294,-74.438172,1610.503552,32255.04761904762,677356.0,20.027927028780386,MidAtlantic,0
37049,NC,35.116829,-77.08132,1830.014545,96154.57142857143,2019246.0000000002,52.543064038090165,SAtlantic,2
29127,MO,39.807538,-91.635379,1131.623305,28334.904761904763,595033.0,25.03916686472338,WNCentral,0
48267,TX,30.479472,-99.746396,3240.024039,4442.238095238095,93287.0,1.371050968069097,WSCentral,0
42081,PA,41.343882,-77.055262,3182.886778,117428.04761904762,2465989.0,36.893567320932085,MidAtlantic,0
47045,TN,36.054196,-89.398306,1326.982067,37467.52380952381,786818.0,28.23513952545661,ESCentral,1
54021,WV,38.915867,-80.849413,876.717629,7907.9047619047615,166066.0,9.019899338541489,SAtlantic,0
55017,WI,45.069092,-91.283505,2611.628507,58966.57142857143,1238298.0,22.578468289238746,ENCentral,2
55025,WI,43.067468,-89.417852,3098.899108,462012.4761904762,9702262.0,149.08922817066306,ENCentral,5
55117,WI,43.741232,-87.731516,1324.851053,113338.95238095238,2380118.0,85.5484487288643,ENCentral,3
30085,MT,48.282747,-104.99517,6098.39168,10690.190476190477,224494.00000000003,1.752952423710259,Mountain,0
22057,LA,29.491992,-90.394849,2765.571303,93072.0,1954512.0,33.653805960106176,WSCentral,1
40139,OK,36.746317,-101.483855,5286.87357,19738.14285714286,414501.00000000006,3.7334244134653782,WSCentral,0
35023,NM,31.898052,-108.751929,8905.761778,5269.952380952381,110669.0,0.5917463898451452,Mountain,0
01129,AL,31.408503,-88.212404,2797.712949,17520.0,367920.0,6.262257893992397,ESCentral,0
05091,AR,33.305505,-93.901502,1616.25725,41788.857142857145,877566.0,25.855325408660747,WSCentral,0
06091,CA,39.576925,-120.521993,2468.694582,3309.4285714285716,69498.0,1.3405581215102984,Pacific,0
13111,GA,34.866543,-84.317331,1002.597521,21609.190476190477,453793.0,21.553205572099632,SAtlantic,0
16041,ID,42.173609,-111.822965,1717.21116,11957.0,251097.0,6.963034179209504,Mountain,0
16059,ID,44.928506,-113.887042,11819.914566,7821.952380952381,164261.0,0.6617604837392174,Mountain,0
20199,KS,38.926626,-101.771103,2366.348285,1612.2857142857142,33858.0,0.681339143737125,WNCentral,0
20043,KS,39.788502,-95.147225,1019.105691,7943.190476190476,166807.0,7.7942754577262745,WNCentral,0
48199,TX,30.329648,-94.393178,2306.612364,51463.04761904762,1080724.0,22.311095016330892,WSCentral,0
08021,CO,37.213406,-106.176447,3334.423895,8178.714285714285,171753.0,2.4528118029559303,Mountain,0
20097,KS,37.561231,-99.286539,1871.627807,2970.809523809524,62387.0,1.5872864854318356,WNCentral,0
20007,KS,37.222906,-98.685052,2937.240779,5070.380952380952,106478.0,1.726239465498362,WNCentral,0
13287,GA,31.7248,-83.620319,739.227758,8982.047619047618,188623.0,12.150582174225685,SAtlantic,0
13213,GA,34.797097,-84.73799,892.235145,37433.42857142857,786102.0,41.95466719866608,SAtlantic,1
39069,OH,41.331584,-84.0689,1077.461417,28812.14285714286,605055.0,26.740765286394343,ENCentral,0
30045,MT,47.032558,-110.30532,4842.466559,2153.809523809524,45230.0,0.4447753015054995,Mountain,0
40089,OK,34.117073,-94.766086,4793.464447,33678.80952380953,707255.0,7.025985046136616,WSCentral,0
35059,NM,36.488085,-103.475723,9906.83438,4219.285714285715,88605.00000000001,0.42589646222446637,Mountain,0
04001,AZ,35.385084,-109.490172,29003.486215,69697.95238095238,1463657.0,2.403088782647999,Mountain,0
06045,CA,39.432388,-123.442881,9082.632466,86417.19047619047,1814761.0,9.514553275130893,Pacific,3
22107,LA,32.001489,-91.342576,1561.795836,5798.761904761905,121774.0,3.712880884362855,WSCentral,0
23003,ME,46.709193,-68.612409,17278.035042,73281.0,1538901.0,4.241280899238033,NewEngland,1
26097,MI,46.167868,-85.303762,2646.6548,11287.809523809523,237043.99999999997,4.264934559584243,ENCentral,0
29217,MO,37.850196,-94.341597,2140.343861,20445.04761904762,429346.0,9.552225692134998,WNCentral,1
30101,MT,48.645125,-111.733472,4959.475392,5064.238095238095,106349.0,1.0211237469606331,Mountain,1
36029,NY,42.752759,-78.778192,2700.660508,932197.6666666666,19576151.0,345.17395426240176,MidAtlantic,12
39107,OH,40.535333,-84.632059,1197.732211,40869.23809523809,858253.9999999999,34.12218333939263,ENCentral,0
42101,PA,40.009376,-75.133346,347.981634,1503904.4761904762,31581994.0,4321.792673088248,MidAtlantic,12
47165,TN,36.472423,-86.458405,1371.292904,145542.80952380953,3056399.0,106.1354646401711,ESCentral,0
48097,TX,33.639196,-97.210343,2265.789885,36781.71428571428,772415.9999999999,16.233506261642738,WSCentral,1
21171,KY,36.714077,-85.713508,853.220889,11182.333333333334,234829.0,13.10602386497986,ESCentral,0
01099,AL,31.580332,-87.383266,2656.469672,23456.190476190477,492580.0,8.829835598511014,ESCentral,0
13023,GA,32.435403,-83.331717,559.106468,12155.904761904761,255274.0,21.741663632309763,SAtlantic,0
13031,GA,32.394481,-81.741618,1750.735216,62000.90476190476,1302019.0,35.41421009600847,SAtlantic,0
05119,AR,34.770311,-92.312996,1964.009182,370357.0,7777497.0,188.57192898805908,WSCentral,0
08037,CO,39.626992,-106.695169,4362.754513,45034.47619047619,945724.0,10.322486872979871,Mountain,0
12073,FL,30.45931,-84.2778,1731.224399,253688.61904761905,5327461.0,146.53710933958428,SAtlantic,5
13227,GA,34.456746,-84.490351,601.031041,25750.52380952381,540761.0,42.84391662480509,SAtlantic,0
17143,IL,40.785972,-89.766993,1602.499827,184255.80952380953,3869372.0,114.98023676467425,ENCentral,1
18105,IN,39.160729,-86.52331,1021.806945,128931.47619047618,2707561.0,126.17987851949488,ENCentral,1
37027,NC,35.966396,-81.51254,1222.184251,79571.33333333333,1670998.0,65.10584084865069,SAtlantic,1
21179,KY,37.80312,-85.465931,1081.379029,40268.76190476191,845644.0000000001,37.2383418069428,ESCentral,1
22055,LA,30.206507,-92.06417,696.257611,206260.95238095237,4331480.0,296.2422946942154,WSCentral,2
28097,MS,33.500714,-89.639625,1054.074828,11466.238095238095,240791.0,10.878011494681187,ESCentral,0
30099,MT,47.819035,-112.281725,5883.457566,6208.285714285715,130374.00000000001,1.0552104174529733,Mountain,0
30065,MT,46.505281,-108.439763,4840.577746,4513.190476190476,94777.0,0.9323660754999629,Mountain,0
31171,NE,41.85573,-100.524703,1845.564903,714.5714285714286,15006.0,0.38718303940971105,WNCentral,0
40109,OK,35.554611,-97.409401,1836.035445,689476.380952381,14479004.0,375.52454819431927,WSCentral,5
45045,SC,34.892645,-82.372077,2035.557951,412156.4285714286,8655285.0,202.47835654541313,SAtlantic,5
29087,MO,40.095724,-95.219072,1198.369593,5098.476190476191,107068.0,4.254510645344947,WNCentral,0
47017,TN,35.965748,-88.452379,1547.925981,28822.47619047619,605272.0,18.62006100049831,ESCentral,0
51101,VA,37.70826,-77.091054,709.424849,14435.095238095239,303137.0,20.347603073733378,SAtlantic,0
56025,WY,42.977645,-106.768219,13831.928341,71110.61904761905,1493323.0,5.141048832420282,Mountain,1
48289,TX,31.300493,-95.995622,2779.462026,15862.42857142857,333111.0,5.7070139555950785,WSCentral,1
06033,CA,39.094802,-122.746757,3254.4527,61310.52380952381,1287521.0,18.83896601401637,Pacific,3
06051,CA,37.915836,-118.875167,7896.624729,12972.333333333334,272419.0,1.6427693829356005,Pacific,1
54107,WV,39.211602,-81.516234,949.229779,86963.38095238095,1826231.0,91.61467842274779,SAtlantic,2
55083,WI,44.996575,-88.206516,2583.46437,36329.76190476191,762925.0000000001,14.062420340158168,ENCentral,1
09009,CT,41.349718,-72.900203,1565.143226,837476.3333333334,17587003.0,535.0796779625416,NewEngland,9
20147,KS,39.784506,-99.34215,2294.395636,5757.238095238095,120902.0,2.5092612646679977,WNCentral,1
21127,KY,38.074453,-82.73829,1076.387821,15707.285714285714,329853.0,14.59258959256258,ESCentral,0
26053,MI,46.488054,-89.788314,2854.517939,16769.85714285714,352166.99999999994,5.87484734768631,ENCentral,0
24019,MD,38.429196,-76.047433,1400.573746,31333.238095238095,657998.0,22.371716009046263,SAtlantic,0
27173,MN,44.715736,-95.862756,1966.062964,10773.52380952381,226244.0,5.479745057403873,WNCentral,0
33015,NH,42.988664,-71.09908,1801.05512,286696.85714285716,6020634.0,159.18272237157137,NewEngland,7
36075,NY,43.461443,-76.209262,2464.75138,122608.95238095238,2574788.0,49.74495739239727,MidAtlantic,3
41011,OR,43.18591,-124.094133,4133.78814,62771.333333333336,1318198.0,15.184942045272146,Pacific,2
46123,SD,43.349729,-99.876219,4176.247413,6071.523809523809,127502.0,1.4538228244390197,WNCentral,0
47055,TN,35.202723,-87.035319,1582.304899,29164.14285714286,612447.0,18.43143055145332,ESCentral,0
48351,TX,30.786718,-93.73925,2418.212546,14502.857142857143,304560.0,5.997345918515941,WSCentral,1
51069,VA,39.20366,-78.263829,1070.013828,68897.90476190476,1446856.0,64.38973306605226,SAtlantic,1
01035,AL,31.430926,-86.988722,2202.213384,13501.190476190477,283525.0,6.130736728003864,ESCentral,0
13089,GA,33.770661,-84.226343,693.443933,665567.1428571428,13976910.0,959.7995038730014,SAtlantic,2
08089,CO,37.88417,-103.72126,3268.424301,19448.0,408408.0,5.950267838251518,Mountain,0
37085,NC,35.368635,-78.87161,1540.870386,102153.80952380953,2145230.0,66.29617289809444,SAtlantic,0
18031,IN,39.30598,-85.499831,964.946132,25474.14285714286,534957.0,26.399549168971493,ENCentral,0
20081,KS,37.554979,-100.879952,1495.772609,4146.0,87066.0,2.771811687855289,WNCentral,0
27095,MN,45.929043,-93.632996,1482.264579,24050.04761904762,505051.0,16.225205648017862,WNCentral,0
38025,ND,47.354557,-102.612322,5201.96943,3684.5238095238096,77375.0,0.7082940142391051,WNCentral,0
28125,MS,32.892395,-90.827613,1118.149684,5686.9047619047615,119424.99999999999,5.085995947841954,ESCentral,0
30023,MT,46.094672,-113.141624,1907.99886,9426.52380952381,197957.0,4.940529057508876,Mountain,2
20003,KS,38.215114,-95.292046,1501.263686,8047.476190476191,168997.0,5.360468161271564,WNCentral,0
36097,NY,42.419776,-76.938603,850.405404,18800.428571428572,394809.0,22.107607128315678,MidAtlantic,0
37065,NC,35.917077,-77.602742,1309.074148,55699.19047619047,1169683.0,42.548537499795216,SAtlantic,0
36051,NY,42.729042,-77.778463,1636.254771,65188.0,1368948.0,39.839761603970906,MidAtlantic,4
47031,TN,35.488765,-86.078202,1111.010401,50064.619047619046,1051357.0,45.06224154387466,ESCentral,1
48045,TX,34.525172,-101.205893,2330.991073,1720.857142857143,36138.0,0.7382512798053701,WSCentral,0
48091,TX,29.812377,-98.258129,1449.171061,93814.28571428571,1970100.0,64.73651609462115,WSCentral,1
51580,VA,37.78106,-79.985434,14.163842,6271.428571428572,131700.0,442.7773602267359,SAtlantic,0
05107,AR,34.423687,-90.855593,1788.02416,23880.14285714286,501483.00000000006,13.355604130731018,WSCentral,1
53025,WA,47.213633,-119.467788,6940.003417,80651.42857142857,1693679.9999999998,11.621237588135408,Pacific,5
54085,WV,39.177112,-81.066317,1170.64885,10351.52380952381,217382.0,8.842552409737394,SAtlantic,0
51540,VA,38.037658,-78.485381,26.534611,41402.90476190476,869461.0,1560.3358482212066,SAtlantic,2
48155,TX,33.963306,-99.816828,1824.378631,1470.2380952380952,30875.0,0.805884299594219,WSCentral,0
27155,MN,45.769935,-96.474832,1486.320974,3818.809523809524,80195.0,2.5693033944964863,WNCentral,0
37013,NC,35.482313,-76.842014,2156.776424,46064.47619047619,967354.0,21.358021015940125,SAtlantic,0
13169,GA,33.021664,-83.562196,1020.304152,26192.238095238095,550037.0,25.671010006081104,SAtlantic,0
29113,MO,39.062255,-90.962916,1622.812388,45686.76190476191,959422.0000000001,28.15283038421192,WNCentral,0
12121,FL,30.189244,-82.992754,1783.430092,38110.04761904762,800311.0,21.368960740316822,SAtlantic,0
18101,IN,38.705322,-86.801847,869.615721,10356.761904761905,217492.0,11.909584491932046,ENCentral,0
19179,IA,41.031275,-92.409466,1118.466714,35605.52380952381,747716.0,31.83422748647289,WNCentral,0
19077,IA,41.683573,-94.501272,1529.656705,11139.142857142857,233922.0,7.2821194590474185,WNCentral,0
20177,KS,39.041805,-95.755664,1409.020132,173551.14285714287,3644574.0000000005,123.17151395899491,WNCentral,4
21209,KY,38.28571,-84.57834,729.775497,40052.333333333336,841099.0,54.883088700542295,ESCentral,0
21215,KY,38.025411,-85.317174,483.617871,14205.42857142857,298314.0,29.373249880231516,ESCentral,1
23019,ME,45.409284,-68.666616,8798.699726,149619.2857142857,3142005.0,17.0047041464733,NewEngland,3
28029,MS,31.866915,-90.448758,2013.158772,29040.095238095237,609842.0,14.42513906106122,ESCentral,0
29141,MO,38.420806,-92.874835,1547.866669,19649.428571428572,412638.0,12.694522703381871,WNCentral,1
37017,NC,34.591938,-78.539489,2266.321541,33184.0,696864.0,14.642229445234754,SAtlantic,0
29215,MO,37.314257,-91.964478,3049.106824,24514.238095238095,514799.0,8.039809527919017,WNCentral,0
31097,NE,40.394955,-96.265264,974.029895,4983.428571428572,104652.0,5.116299404166205,WNCentral,0
46003,SD,43.724719,-98.577587,1834.902863,2852.0,59892.0,1.554305711495312,WNCentral,0
47173,TN,36.28414,-83.836088,579.077905,18148.714285714286,381123.0,31.340712759044546,ESCentral,0
48055,TX,29.832399,-97.628141,1410.354031,35628.619047619046,748201.0,25.262181171884098,WSCentral,0
13061,GA,31.619831,-84.992583,506.093894,3266.904761904762,68605.0,6.455135698406118,SAtlantic,0
18165,IN,39.854045,-87.462071,665.275343,16436.714285714286,345171.0,24.706633815097348,ENCentral,0
18025,IN,38.289433,-86.440871,791.534788,10743.57142857143,225615.00000000003,13.573088121265782,ENCentral,0
21117,KY,38.930503,-84.533438,415.150789,154739.33333333334,3249526.0,372.73043297367633,ESCentral,1
19133,IA,42.049432,-95.956566,1797.639077,9573.619047619048,201046.0,5.325662514855893,WNCentral,0
22117,LA,30.852144,-90.046253,1734.352072,45101.47619047619,947131.0,26.004798517331373,WSCentral,0
25001,MA,41.706123,-70.164823,1021.028238,215876.38095238095,4533404.0,211.4303727536877,NewEngland,10
29143,MO,36.594261,-89.655948,1747.940899,19257.428571428572,404406.0,11.017208066042611,WNCentral,0
31129,NE,40.176492,-98.046842,1489.645188,4797.619047619048,100750.0,3.220645484083588,WNCentral,0
36087,NY,41.154628,-74.024662,449.217749,299263.4285714286,6284532.0,666.1878993820179,MidAtlantic,4
39009,OH,39.332755,-82.045885,1304.43198,63551.52380952381,1334582.0,48.719691623570746,ENCentral,1
45053,SC,32.43059,-81.021627,1696.857613,21969.95238095238,461369.0,12.947434252960141,SAtlantic,0
49021,UT,37.909304,-113.30674,8537.474385,38752.666666666664,813806.0,4.539125380540356,Mountain,3
51153,VA,38.701119,-77.479579,868.309976,346114.14285714284,7268397.0,398.60666400675194,SAtlantic,2
50021,VT,43.580858,-73.038202,2407.970501,62129.90476190476,1304728.0,25.801771548323785,NewEngland,1
51185,VA,37.125395,-81.562924,1343.663017,44822.57142857143,941274.0,33.358491572274495,SAtlantic,0
22071,LA,30.05342,-89.934502,438.975285,412039.04761904763,8652820.0,938.6383737276864,WSCentral,1
01025,AL,31.685521,-87.818624,3207.494086,26770.190476190477,562174.0,8.346138685971836,ESCentral,0
08109,CO,38.031651,-106.234666,8206.547699,6116.619047619048,128449.0,0.7453340030381327,Mountain,0
13009,GA,33.05949,-83.255457,670.025212,45012.52380952381,945263.0,67.18034337120407,SAtlantic,0
16065,ID,43.788614,-111.656993,1215.396326,32138.190476190477,674902.0,26.442560166329216,Mountain,0
36069,NY,42.856357,-77.303497,1668.14712,104133.90476190476,2186812.0,62.42489257296728,MidAtlantic,2
37195,NC,35.700357,-77.921598,952.013027,75959.71428571429,1595154.0,79.78852403425599,SAtlantic,1
18073,IN,41.017688,-87.118814,1449.563752,31493.04761904762,661354.0,21.72587964868455,ENCentral,2
20061,KS,39.002139,-96.7681,996.272886,30106.666666666668,632240.0,30.21929743320011,WNCentral,0
21005,KY,38.005396,-84.986417,523.612175,20075.333333333332,421582.0,38.34008125065719,ESCentral,0
39059,OH,40.056665,-81.497875,1352.631217,40437.0,849177.0,29.895066365306278,ENCentral,0
38101,ND,48.216686,-101.540537,5213.719156,60890.857142857145,1278708.0,11.678967608522477,WNCentral,1
30041,MT,48.631959,-110.106321,7509.41503,16493.0,346353.0,2.1963095572838514,Mountain,0
31047,NE,40.86784,-99.815583,2623.809793,23911.809523809523,502148.0,9.113392894409982,WNCentral,1
35001,NM,35.053628,-106.66908,3007.611393,606102.0476190476,12728143.0,201.5227263168728,Mountain,15
36091,NY,43.106135,-73.855387,2097.880439,211063.33333333334,4432330.0,100.60789423916896,MidAtlantic,4
36037,NY,43.00091,-78.192778,1276.705561,60081.90476190476,1261720.0,47.06011048847054,MidAtlantic,1
42037,PA,41.045517,-76.40426,1251.512004,65585.09523809524,1377287.0,52.40468731300738,MidAtlantic,2
45075,SC,33.436135,-80.802913,2865.498667,90637.14285714286,1903380.0,31.630495557701426,SAtlantic,0
47087,TN,36.35425,-85.674128,799.782676,10973.42857142857,230441.99999999997,13.720512960233926,ESCentral,0
48457,TX,30.769295,-94.375656,2394.158684,21003.380952380954,441071.00000000006,8.77276059132802,WSCentral,0
48437,TX,34.526319,-101.743865,2305.502705,8005.857142857143,168123.0,3.472499566144358,WSCentral,0
48423,TX,32.377016,-95.270041,2386.604289,191861.2380952381,4029086.0,80.39088799912825,WSCentral,2
50015,VT,44.611192,-72.632659,1197.230858,23486.428571428572,493215.0,19.617293034580783,NewEngland,1
48347,TX,31.62056,-94.62025,2450.966944,61110.0,1283310.0,24.933016803673386,WSCentral,1
48079,TX,33.60844,-102.830449,2007.45383,3416.0476190476193,71737.0,1.7016817861497813,WSCentral,0
05003,AR,33.190835,-91.772267,2397.012349,22849.285714285714,479835.0,9.532402168815741,WSCentral,0
54075,WV,38.332606,-80.010121,2435.206742,8903.47619047619,186973.0,3.6561479717175454,SAtlantic,0
55095,WI,45.462041,-92.447066,2368.077722,42255.19047619047,887359.0,17.84366707377456,ENCentral,0
51051,VA,37.136701,-82.34922,855.863023,16176.666666666666,339710.0,18.90099961319005,SAtlantic,0
20083,KS,38.087493,-99.898407,2227.36915,2050.904761904762,43069.0,0.9207745208757884,WNCentral,1
27031,MN,47.758556,-90.344319,3762.130687,5074.380952380952,106562.0,1.348805072060739,WNCentral,0
12133,FL,30.602102,-85.655805,1514.305979,22484.095238095237,472166.0,14.847788722952165,SAtlantic,0
13001,GA,31.739712,-82.290103,1316.42466,17623.761904761905,370099.0,13.387596297962016,SAtlantic,0
21103,KY,38.451383,-85.119647,741.500309,15189.142857142857,318972.0,20.48433786578888,ESCentral,0
21093,KY,37.695836,-85.963183,1614.586535,98206.66666666667,2062340.0,60.82465358022243,ESCentral,2
22001,LA,30.291497,-92.411037,1697.073813,59991.333333333336,1259818.0,35.34986685539843,WSCentral,0
31025,NE,40.909878,-96.140609,1443.520764,24801.238095238095,520826.0,17.18107471243697,WNCentral,0
26159,MI,42.28215,-86.306076,1574.177246,76042.90476190476,1596901.0,48.30644386147147,ENCentral,0
01107,AL,33.2968,-88.096864,2282.835039,20344.52380952381,427235.0,8.911955293289946,ESCentral,0
04003,AZ,31.840129,-109.775163,16083.178104,122801.14285714286,2578824.0,7.635377912441406,Mountain,2
06037,CA,34.196398,-118.261862,10513.491099,9650874.57142857,202668366.0,917.9514664112401,Pacific,89
13181,GA,33.792151,-82.448299,544.884775,8092.9047619047615,169951.0,14.852506682545428,SAtlantic,0
18061,IN,38.186454,-86.103766,1253.823026,36836.95238095238,773576.0,29.37970639961144,ENCentral,2
25007,MA,41.38097,-70.701499,267.292993,15549.952380952382,326549.0,58.17568282065808,NewEngland,0
27137,MN,47.578635,-92.514593,16181.141791,198628.85714285713,4171205.9999999995,12.275330116279871,WNCentral,2
29165,MO,39.37869,-94.761477,1087.283057,81828.85714285714,1718406.0,75.25993954935429,WNCentral,1
29147,MO,40.361136,-94.883146,2271.326613,22314.333333333332,468601.0,9.824361325058506,WNCentral,0
30057,MT,45.32529,-111.913791,9293.281837,7274.0952380952385,152756.0,0.7827262064876123,Mountain,1
35025,NM,32.795687,-103.413271,11374.066527,60657.28571428572,1273803.0,5.332946274781861,Mountain,1
39123,OH,41.545495,-83.012613,659.680522,41173.09523809524,864635.0,62.41368945268819,ENCentral,0
42133,PA,39.921751,-76.728889,2342.295972,407356.5238095238,8554487.0,173.91334343699404,MidAtlantic,3
48389,TX,31.308366,-103.712706,6825.534318,13811.761904761905,290047.0,2.0235429581444095,WSCentral,0
01013,AL,31.751667,-86.681969,2012.002546,21008.52380952381,441179.0,10.441599018495381,ESCentral,0
01125,AL,33.29022,-87.522783,3420.98117,179233.0,3763893.0,52.392279025610655,ESCentral,0
06113,CA,38.679609,-121.90275,2628.145869,183422.80952380953,3851879.0,69.79171578235163,Pacific,3
12105,FL,27.953649,-81.693534,4656.186394,542038.4761904762,11382808.0,116.41253814257767,SAtlantic,3
20027,KS,39.344964,-97.168853,1671.315276,8667.380952380952,182015.0,5.185964058872727,WNCentral,0
21045,KY,37.321962,-84.92822,1150.573335,15540.857142857143,326358.0,13.507054848317985,ESCentral,0
21079,KY,37.630162,-84.545856,595.97938,15754.714285714286,330849.0,26.434998952001134,ESCentral,0
27129,MN,44.723697,-94.955617,2545.711095,16257.666666666666,341411.0,6.3862968184402975,WNCentral,0
28161,MS,34.030666,-89.703807,1209.914676,12704.57142857143,266796.0,10.5003862508495,ESCentral,0
29109,MO,37.10659,-93.830551,1584.393361,36393.619047619046,764266.0,22.97006535337221,WNCentral,0
30025,MT,46.318184,-104.405718,4197.320396,2889.0476190476193,60670.00000000001,0.6883076216437634,Mountain,0
29085,MO,37.93691,-93.322988,1032.908447,9165.285714285714,192471.0,8.873279854478442,WNCentral,0
21067,KY,38.040678,-84.458272,734.617508,276025.38095238095,5796533.0,375.7402702038255,ESCentral,0
39071,OH,39.184422,-83.601359,1432.47998,42190.666666666664,886004.0,29.452883988414737,ENCentral,0
41013,OR,44.163054,-120.371585,7715.390857,19871.619047619046,417303.99999999994,2.5755816414135357,Pacific,1
47189,TN,36.149527,-86.291242,1478.548412,101578.47619047618,2133148.0,68.70148813935229,ESCentral,0
48473,TX,30.01359,-95.982149,1329.431564,37139.333333333336,779926.0,27.93625060442249,WSCentral,0
48491,TX,30.649082,-97.605065,2889.993451,340654.2380952381,7153739.0,117.87370589970175,WSCentral,3
51095,VA,37.324837,-76.777888,368.550683,57641.28571428572,1210467.0,156.3998884633344,SAtlantic,1
53067,WA,46.935822,-122.830152,1871.256793,230028.33333333334,4830595.0,122.9271867943639,Pacific,10
24017,MD,38.472853,-77.015427,1185.757838,135295.2380952381,2841200.0,114.10022667312793,SAtlantic,1
17123,IL,41.031119,-89.342371,1001.843226,12703.0,266763.0,12.679628578932968,ENCentral,0
17131,IL,41.205605,-90.74177,1453.604391,16756.428571428572,351885.0,11.527502720256004,ENCentral,0
19191,IA,43.292989,-91.850788,1786.666617,20998.14285714286,440961.00000000006,11.752692224361887,WNCentral,0
24021,MD,39.470177,-77.397636,1710.921853,215699.7142857143,4529694.0,126.07221884944518,SAtlantic,9
46023,SD,43.206185,-98.595143,2842.481168,9205.904761904761,193324.0,3.2386862806841865,WNCentral,1
24027,MD,39.252264,-76.924406,649.956422,267805.7619047619,5623921.0,412.03648866286903,SAtlantic,3
24029,MD,39.241279,-76.125987,717.497117,19575.04761904762,411076.0,27.28240595710661,SAtlantic,0
24031,MD,39.137381,-77.203063,1277.148686,922575.5238095238,19374086.0,722.3712743259431,SAtlantic,6
12033,FL,30.529998,-87.320322,1701.603649,294922.7619047619,6193378.0,173.320480405694,SAtlantic,3
17101,IL,38.718954,-87.730221,963.938126,16303.809523809523,342380.0,16.913751084278125,ENCentral,0
51059,VA,38.82952,-77.273252,1012.739503,1021626.6666666666,21454160.0,1008.7753698165624,SAtlantic,4
01049,AL,34.460915,-85.804021,2012.620262,66315.90476190476,1392634.0,32.95003335403406,ESCentral,1
48211,TX,35.815956,-100.27921,2347.270019,3666.809523809524,77003.0,1.5621592292870008,WSCentral,0
19189,IA,43.378124,-93.743488,1037.261956,11260.619047619048,236473.0,10.856099544076065,WNCentral,0
19143,IA,43.378542,-95.633788,1032.593803,6686.523809523809,140417.0,6.475463817521874,WNCentral,0
19041,IA,43.081224,-95.149875,1469.139465,16953.333333333332,356020.0,11.539635097429864,WNCentral,0
46017,SD,44.044306,-99.203998,1220.933806,1936.6190476190477,40669.0,1.586178577496975,WNCentral,0
20055,KS,38.049808,-100.739967,3372.157852,37019.09523809524,777401.0,10.977865468586979,WNCentral,0
37003,NC,35.920951,-81.177467,673.358184,34830.42857142857,731439.0,51.726450199985344,SAtlantic,0
37175,NC,35.210103,-82.816666,979.943597,30805.095238095237,646907.0,31.435579897049156,SAtlantic,0
21199,KY,37.107452,-84.576969,1705.275604,59799.52380952381,1255790.0,35.06736604291667,ESCentral,0
37095,NC,35.408157,-76.153687,1585.966933,5678.142857142857,119241.0,3.580240381432251,SAtlantic,0
39045,OH,39.747694,-82.626685,1306.299961,136200.33333333334,2860207.0,104.26420990556345,ENCentral,1
39135,OH,39.73881,-84.644758,1098.741137,42393.71428571428,890267.9999999999,38.58389647762345,ENCentral,0
13083,GA,34.852424,-85.506201,450.58468,15866.619047619048,333199.0,35.21340105841825,SAtlantic,0
31029,NE,40.53039,-101.694192,2316.533441,4047.904761904762,85006.0,1.7473975079579962,WNCentral,0
18131,IN,41.045272,-86.692538,1123.21281,13403.333333333334,281470.0,11.93303104630131,ENCentral,0
26139,MI,43.054969,-86.219349,1459.508868,250831.90476190476,5267470.0,171.86048694971328,ENCentral,1
17093,IL,41.58814,-88.430626,829.412776,84491.71428571429,1774326.0,101.86931854750486,ENCentral,1
42069,PA,41.440284,-75.609666,1188.83792,212490.47619047618,4462300.0,178.73796975661426,MidAtlantic,3
42073,PA,40.992735,-80.334446,925.57123,92552.76190476191,1943608.0,99.99528821219076,MidAtlantic,2
42085,PA,41.300014,-80.252786,1741.819732,118481.52380952382,2488112.0,68.02169112729044,MidAtlantic,3
42079,PA,41.173078,-75.976053,2304.216457,318230.28571428574,6682836.000000001,138.1078087293106,MidAtlantic,4
51147,VA,37.224881,-78.432957,906.356801,21169.85714285714,444566.99999999994,23.357089746002956,SAtlantic,0
48071,TX,29.696374,-94.669445,1546.42554,30057.285714285714,631203.0,19.43662008730515,WSCentral,1
37007,NC,34.974972,-80.109763,1376.478143,25754.0,540834.0,18.71006824988139,SAtlantic,0
06005,CA,38.443549,-120.653858,1539.965777,36359.28571428572,763545.0000000001,23.610450477098958,Pacific,0
21063,KY,38.116883,-83.096116,606.8825,7085.809523809524,148802.0,11.6757519351926,ESCentral,0
21205,KY,38.204266,-83.428079,724.780974,22803.47619047619,478873.0,31.462575603531487,ESCentral,1
53053,WA,47.051413,-122.15324,4320.003388,749314.8095238095,15735610.999999998,173.45236617296132,Pacific,26
22015,LA,32.698481,-93.626561,2174.347392,107981.85714285714,2267619.0,49.66173185579774,WSCentral,2
06013,CA,37.919479,-121.951543,1856.838508,998878.5238095238,20976449.0,537.945825394054,Pacific,18
24011,MD,38.871531,-75.831662,827.350254,31250.285714285714,656256.0,37.771530936504334,SAtlantic,0
35039,NM,36.509669,-106.693983,15179.593238,39624.23809523809,832108.9999999999,2.610362311688585,Mountain,1
22031,LA,32.059248,-93.740797,2269.991655,26015.52380952381,546326.0,11.460625307683703,WSCentral,0
24005,MD,39.443167,-76.616569,1549.740654,778041.8571428572,16338879.0,502.04649089811977,SAtlantic,5
16079,ID,47.347694,-115.885092,6830.898576,13134.52380952381,275825.0,1.9228105443801,Mountain,0
06019,CA,36.761006,-119.655019,15432.139292,860889.0952380953,18078671.0,55.78546687200905,Pacific,12
48291,TX,30.158508,-94.844061,3000.12146,72399.61904761905,1520392.0,24.132229315682125,WSCentral,0
48477,TX,30.215075,-96.410272,1564.855485,31665.571428571428,664977.0,20.235460547062228,WSCentral,0
47027,TN,36.545749,-85.545717,612.626871,7705.761904761905,161821.0,12.578230354446703,ESCentral,0
01043,AL,34.131923,-86.869267,1902.962812,78150.71428571429,1641165.0,41.06791461866691,ESCentral,0
06011,CA,39.177739,-122.237563,2980.332727,20044.714285714286,420939.0,6.725663246966145,Pacific,3
55003,WI,46.544424,-90.679691,2706.458787,16336.190476190477,343060.0,6.036001935318026,ENCentral,0
51119,VA,37.606975,-76.528082,337.554148,10322.190476190477,216766.00000000003,30.579361970069694,SAtlantic,0
47135,TN,35.663752,-87.869326,1074.228439,7640.857142857143,160458.0,7.1128792214531416,ESCentral,0
48397,TX,32.899886,-96.41205,329.461303,61065.42857142857,1282374.0,185.34932028551037,WSCentral,1
48131,TX,27.681123,-98.497393,4645.084668,12445.380952380952,261353.0,2.679258149612904,WSCentral,0
48013,TX,28.891478,-98.535381,3158.596616,41819.23809523809,878203.9999999999,13.239816025699843,WSCentral,0
36079,NY,41.427907,-73.743861,596.224258,97416.76190476191,2045752.0,163.3894639435518,MidAtlantic,3
20189,KS,37.2017,-101.317268,1883.593926,5534.761904761905,116230.0,2.938405050241123,WNCentral,0
13085,GA,34.442608,-84.173261,546.042258,19060.190476190477,400264.0,34.906072189362455,SAtlantic,1
20115,KS,38.359647,-97.102771,2445.722726,12975.809523809523,272492.0,5.3055112854234165,WNCentral,0
13241,GA,34.883934,-83.40487,958.643875,15319.809523809523,321716.0,15.980709753984005,SAtlantic,0
13269,GA,32.554667,-84.251426,975.61309,8590.761904761905,180406.0,8.805500861783132,SAtlantic,0
16081,ID,43.760994,-111.211765,1163.139971,7962.047619047619,167203.0,6.845304793542874,Mountain,0
40151,OK,36.726984,-98.863649,3331.971784,8720.52380952381,183131.0,2.617226187628427,WSCentral,0
17027,IL,38.606295,-89.426228,1227.502166,36656.71428571428,769790.9999999999,29.862851000227305,ENCentral,0
42115,PA,41.819665,-75.800969,2132.849539,42633.23809523809,895297.9999999999,19.98886340347616,MidAtlantic,0
01023,AL,31.990954,-88.248889,2365.900081,14691.47619047619,308521.0,6.209677369074063,ESCentral,0
01053,AL,31.122287,-87.16841,2448.595161,37609.19047619047,789793.0,15.35949718238885,ESCentral,0
13073,GA,33.552075,-82.249608,751.59113,109517.61904761905,2299870.0,145.71435808139333,SAtlantic,2
13299,GA,31.050881,-82.421507,2329.026445,35594.57142857143,747486.0,15.283025877609315,SAtlantic,1
17119,IL,38.82712,-89.900227,1853.137786,263845.5714285714,5540757.0,142.37774083603486,ENCentral,2
19051,IA,40.748089,-92.410345,1300.661926,8618.52380952381,180989.0,6.626259781455161,WNCentral,1
23013,ME,44.042045,-69.038514,945.697332,39505.76190476191,829621.0000000001,41.774213131397424,NewEngland,1
29227,MO,40.480499,-94.419198,690.564983,2224.714285714286,46719.0,3.221585716740992,WNCentral,0
31045,NE,42.713038,-103.135436,3616.636214,9091.333333333334,190918.0,2.513753884933403,WNCentral,0
33005,NH,42.92546,-72.248183,1830.36725,75363.52380952382,1582634.0000000002,41.17399052541167,NewEngland,4
39099,OH,41.01088,-80.770396,1065.748187,246808.19047619047,5182972.0,231.582088045523,ENCentral,1
41015,OR,42.466439,-124.210929,4217.489863,21911.238095238095,460136.0,5.19532679555799,Pacific,2
42055,PA,39.926772,-77.724521,2000.245527,139590.95238095237,2931409.9999999995,69.78690890528479,MidAtlantic,3
47181,TN,35.242847,-87.819843,1901.333937,16827.285714285714,353373.0,8.850252649903505,ESCentral,0
48357,TX,36.278744,-100.815864,2376.792063,9576.666666666666,201110.0,4.029240426938714,WSCentral,0
01015,AL,33.770516,-85.827909,1569.246127,115588.33333333333,2427355.0,73.65851114401593,ESCentral,1
08105,CO,37.485853,-106.453128,2361.956083,11831.761904761905,248467.0,5.009306476915517,Mountain,0
13011,GA,34.351922,-83.498441,602.47394,16000.761904761905,336016.0,26.55842990447339,SAtlantic,0
13123,GA,34.690506,-84.454624,1103.886631,24995.809523809523,524912.0,22.643457056062054,SAtlantic,0
16001,ID,43.451477,-116.244376,2724.704673,346522.5714285714,7276974.0,127.17802955394697,Mountain,15
18145,IN,39.524135,-85.792174,1064.843749,43787.04761904762,919528.0,41.120631698470554,ENCentral,1
48001,TX,31.841261,-95.661727,2752.164828,55870.57142857143,1173282.0,20.30059059695658,WSCentral,0
55125,WI,46.049848,-89.501254,2221.455734,21498.85714285714,451475.99999999994,9.677823786362758,ENCentral,1
46095,SD,43.58469,-100.760955,3385.95722,2038.5714285714287,42810.0,0.6020665047183995,WNCentral,0
30071,MT,48.250143,-107.928897,13313.630162,4410.809523809524,92627.0,0.331300289262874,Mountain,0
36111,NY,41.947212,-74.265458,2911.757764,177883.66666666666,3735557.0,61.09150591644706,MidAtlantic,2
29161,MO,37.866326,-91.790349,1739.919007,42272.95238095238,887732.0,24.29593113867994,WNCentral,0
05099,AR,33.666699,-93.305072,1600.067809,9408.809523809523,197584.99999999997,5.880256743425005,WSCentral,0
37197,NC,36.158765,-80.665164,867.496112,36931.19047619047,775555.0,42.57216829600093,SAtlantic,0
08079,CO,37.549067,-107.003236,2268.209076,750.3809523809524,15758.0,0.3308253019180461,Mountain,0
12071,FL,26.563273,-81.984182,2022.803068,535119.7619047619,11237515.0,264.54367722204876,SAtlantic,16
51001,VA,37.765944,-75.757807,1163.725929,34213.90476190476,718492.0,29.40031145589845,SAtlantic,0
06115,CA,39.27013,-121.344259,1636.887865,66652.61904761905,1399705.0,40.719111231006075,Pacific,1
51053,VA,37.073498,-77.635492,1305.057845,26469.619047619046,555862.0,20.282333958629277,SAtlantic,0
55007,WI,46.634199,-91.177282,3827.67706,15102.380952380952,317150.0,3.9455734419718658,ENCentral,0
54053,WV,38.770914,-82.029007,1115.6835,26594.619047619046,558487.0,23.83706404873698,SAtlantic,0
01065,AL,32.752796,-87.623061,1667.926655,16356.0,343476.0,9.806186591580072,ESCentral,0
51750,VA,37.120119,-80.559147,25.061727,16199.904761904761,340198.0,646.4001767278353,SAtlantic,0
26095,MI,46.510988,-85.517552,2328.59356,6653.714285714285,139728.0,2.8573961553489333,ENCentral,0
48115,TX,32.742528,-101.948771,2331.781561,14155.333333333334,297262.0,6.070608658241009,WSCentral,0
22087,LA,29.91811,-89.263494,977.762466,52367.333333333336,1099714.0,53.55833871141187,WSCentral,0
22089,LA,29.905722,-90.357855,719.347893,50439.333333333336,1059226.0,70.118135917489,WSCentral,0
48459,TX,32.735349,-94.941184,1509.910834,37664.57142857143,790956.0,24.94489779160789,WSCentral,2
36071,NY,41.40241,-74.306252,2103.893102,356677.85714285716,7490235.0,169.53230979453878,MidAtlantic,4
48225,TX,31.323036,-95.4216,3188.278907,22991.85714285714,482828.99999999994,7.211369460926883,WSCentral,0
53057,WA,48.493292,-121.81577,4481.316828,109457.19047619047,2298601.0,24.425229163062976,Pacific,4
32027,NV,40.439639,-118.409477,15634.69197,6194.0,130074.0,0.39617026110172865,Mountain,0
37173,NC,35.568849,-83.465614,1366.810476,13313.857142857143,279591.0,9.74082169886525,SAtlantic,0
21053,KY,36.727258,-85.136098,510.875757,9867.333333333334,207214.0,19.31454604790208,ESCentral,0
31153,NE,41.115064,-96.109125,616.679952,142035.95238095237,2982754.9999999995,230.3236093865305,WNCentral,1
35033,NM,35.982841,-104.921898,4988.962636,4887.714285714285,102641.99999999999,0.9797055304533423,Mountain,0
06095,CA,38.267226,-121.939594,2128.527683,403393.14285714284,8471256.0,189.51745193588016,Pacific,7
21095,KY,36.859223,-83.221497,1206.496138,31207.809523809523,655364.0,25.866481077629047,ESCentral,0
17049,IL,39.047945,-88.592849,1240.005834,34054.90476190476,715153.0,27.46350366114871,ENCentral,0
40063,OK,35.052934,-96.251183,2083.569822,13713.285714285714,287979.0,6.581630032019976,WSCentral,0
51031,VA,37.210152,-79.095428,1303.300984,52692.90476190476,1106551.0,40.43034219170417,SAtlantic,0
37123,NC,35.327548,-79.910752,1273.075626,26557.333333333332,557704.0,20.86076647054849,SAtlantic,0
26003,MI,46.521736,-86.657119,2369.92769,9685.047619047618,203386.0,4.086642668429946,ENCentral,1
25003,MA,42.371493,-73.217928,2400.599906,132124.85714285713,2774621.9999999995,55.03826639858959,NewEngland,3
36063,NY,43.272672,-78.812943,1352.88756,216895.85714285713,4554813.0,160.32068263149463,MidAtlantic,2
49043,UT,40.87206,-110.968486,4844.776271,32810.142857142855,689013.0,6.7722720352514,Mountain,1
22125,LA,30.873364,-91.421776,1044.584261,14945.190476190477,313849.0,14.307309648609072,WSCentral,0
54049,WV,39.505839,-80.243402,799.667746,56510.666666666664,1186724.0,70.667682858709,SAtlantic,1
51175,VA,36.720068,-77.103813,1551.909772,17988.571428571428,377760.0,11.59124824981863,SAtlantic,0
05089,AR,36.266664,-92.678577,1545.325347,16012.52380952381,336263.0,10.361911063330155,WSCentral,1
48305,TX,33.178412,-101.818493,2309.924847,6181.952380952381,129821.0,2.6762569306015087,WSCentral,0
08005,CO,39.644554,-104.331706,2066.446984,532722.2380952381,11187167.0,257.79622812488185,Mountain,6
06039,CA,37.209821,-119.749802,5534.591552,135585.52380952382,2847296.0,24.497837380705743,Pacific,2
27061,MN,47.490817,-93.611102,6909.4149,44407.09523809524,932549.0,6.4270413458736195,WNCentral,2
32033,NV,39.418176,-114.900565,23016.356483,9626.47619047619,202156.0,0.41824500752698873,Mountain,0
38009,ND,48.794412,-100.831257,4322.321796,6834.809523809524,143531.0,1.5812819698280336,WNCentral,0
31125,NE,41.402385,-97.991408,1143.733233,3866.4761904761904,81196.0,3.380575189141322,WNCentral,0
30049,MT,47.132013,-112.373367,8957.164727,59216.95238095238,1243556.0,6.611126867238688,Mountain,1
05035,AR,35.197559,-90.30512,1587.312625,50172.28571428572,1053618.0,31.608320203643384,WSCentral,0
18139,IN,39.622362,-85.466529,1057.06933,17732.666666666668,372386.0,16.775310912356776,ENCentral,0
13283,GA,32.409586,-82.570882,516.524095,6619.9047619047615,139018.0,12.816255477694146,SAtlantic,0
28089,MS,32.63437,-90.03416,1850.178949,85132.09523809524,1787774.0,46.01289798703424,ESCentral,1
12021,FL,26.118786,-81.400955,5172.076456,282698.5714285714,5936670.0,54.6586218965537,SAtlantic,0
42001,PA,39.869471,-77.21773,1343.400759,95653.04761904762,2008714.0,71.20216880795108,MidAtlantic,1
19045,IA,41.898073,-90.534243,1799.934696,49383.95238095238,1037063.0,27.436524497637876,WNCentral,0
47151,TN,36.435234,-84.50352,1378.652173,21407.190476190477,449551.0,15.527622481896655,ESCentral,0
51530,VA,37.729345,-79.358134,16.674752,6578.047619047619,138139.0,394.4914814353832,SAtlantic,0
01067,AL,31.516978,-85.239971,1454.959642,16630.761904761905,349246.0,11.430393960550767,ESCentral,0
19101,IA,41.006376,-91.966628,1128.002393,16800.238095238095,352805.0,14.893796502112647,WNCentral,1
48453,TX,30.239513,-97.69127,2574.5844,910260.2380952381,19115465.0,353.5561848721052,WSCentral,15
21101,KY,37.792542,-87.572577,1130.079863,45449.95238095238,954449.0,40.218354356211,ESCentral,0
41059,OR,45.5912,-118.73388,8327.972955,72210.76190476191,1516426.0,8.670868925121518,Pacific,1
53027,WA,47.113732,-123.826735,4924.794342,69885.52380952382,1467596.0000000002,14.190546641414212,Pacific,2
06109,CA,38.021434,-119.964733,5752.133237,54728.23809523809,1149293.0,9.514424621322117,Pacific,3
48011,TX,34.964179,-101.356636,2354.617585,2023.2380952380952,42488.0,0.85926398754815,WSCentral,0
01033,AL,34.703112,-87.801457,1535.74227,54089.52380952381,1135880.0,35.220443472929745,ESCentral,0
38023,ND,48.814754,-103.509326,3266.310803,2244.1428571428573,47127.00000000001,0.6870573538444918,WNCentral,0
26151,MI,43.449155,-82.642815,2493.04851,43441.19047619047,912265.0,17.42492787522633,ENCentral,0
21057,KY,36.782372,-85.388484,790.453071,6948.761904761905,145924.0,8.790859520567166,ESCentral,0
36115,NY,43.312377,-73.439428,2152.71365,61954.95238095238,1301054.0,28.779931962131787,MidAtlantic,2
51089,VA,36.620612,-79.980662,990.284625,55180.57142857143,1158792.0,55.72193088282213,SAtlantic,0
18071,IN,38.911957,-86.042516,1320.836472,41867.09523809524,879209.0,31.69741003191744,ENCentral,1
48193,TX,31.707342,-98.111756,2165.008742,8122.238095238095,170567.0,3.751595980963524,WSCentral,0
48077,TX,33.785904,-98.212917,2819.871858,10779.142857142857,226362.0,3.8225647830635774,WSCentral,0
13163,GA,33.058176,-82.420004,1363.771357,17017.04761904762,357358.0,12.47793299932726,SAtlantic,1
01111,AL,33.296461,-85.464064,1503.618358,22019.52380952381,462410.0,14.64435685582645,ESCentral,0
30089,MT,47.756497,-115.180306,7149.405332,10862.380952380952,228110.0,1.5193404832933526,Mountain,2
36023,NY,42.594039,-76.07624,1291.817953,48949.90476190476,1027948.0,37.8922623332707,MidAtlantic,1
36057,NY,42.900891,-74.435357,1044.051408,50066.04761904762,1051387.0,47.9536230068928,MidAtlantic,0
01095,AL,34.309564,-86.321668,1465.531833,87048.61904761905,1828021.0,59.39728983534065,ESCentral,0
49029,UT,41.091027,-111.577885,1577.739411,8391.52380952381,176222.0,5.318700763268066,Mountain,0
45035,SC,33.082186,-80.404697,1472.652734,115860.23809523809,2433065.0,78.67451397081241,SAtlantic,1
55047,WI,43.780247,-88.97038,905.314776,19157.52380952381,402308.0,21.161174342219958,ENCentral,0
51167,VA,36.93342,-82.095934,1226.421378,28722.619047619046,603175.0,23.419861690978323,SAtlantic,0
48147,TX,33.591161,-96.104988,2307.251052,31851.380952380954,668879.0,13.804904726241707,WSCentral,0
38069,ND,48.238883,-99.966497,2637.345167,4485.857142857143,94203.0,1.7008987670581774,WNCentral,0
05057,AR,33.735953,-93.664355,1883.438547,22602.95238095238,474662.0,12.000897197816766,WSCentral,0
45039,SC,34.395669,-81.127001,1777.52126,23410.285714285714,491616.0,13.170186056894597,SAtlantic,0
49005,UT,41.734117,-111.745399,3016.627502,101180.42857142857,2124789.0,33.54090901324302,Mountain,4
28025,MS,33.65967,-88.782468,1062.082196,21136.666666666668,443870.0,19.90115901224152,ESCentral,0
28057,MS,34.281075,-88.363127,1379.932997,22697.333333333332,476644.0,16.44814160011954,ESCentral,0
37189,NC,36.235368,-81.709888,809.210954,46745.0,981645.0,57.766148331205116,SAtlantic,0
20119,KS,37.243886,-100.360094,2533.222397,4484.0952380952385,94166.00000000001,1.7701151084901128,WNCentral,0
12087,FL,25.58612,-81.022603,2546.067521,76979.33333333333,1616566.0,30.234600103259922,SAtlantic,6
06029,CA,35.346629,-118.729506,21068.63424,750719.5238095238,15765110.0,35.63209248676595,Pacific,13
47187,TN,35.894807,-86.898068,1509.607199,155780.38095238095,3271388.0,103.19265902784089,ESCentral,4
18147,IN,38.009697,-87.010375,1027.918647,20766.285714285714,436092.0,20.20226578717344,ENCentral,1
41065,OR,45.164536,-121.165069,6167.113903,24213.0,508473.0,3.9261476893140492,Pacific,2
26013,MI,46.695859,-88.36181,2326.914269,8755.0,183855.0,3.762493580720743,ENCentral,0
08073,CO,38.99374,-103.507555,6676.158658,5623.666666666667,118097.0,0.8423506622221839,Mountain,0
53029,WA,48.158554,-122.670649,539.943913,75878.61904761905,1593451.0,140.53055737961262,Pacific,1
27071,MN,48.245374,-93.782896,8040.895433,13926.095238095239,292448.0,1.7319085112016577,WNCentral,0
12063,FL,30.789249,-85.208814,2378.091733,47324.90476190476,993823.0,19.90036973981809,SAtlantic,1
05073,AR,33.240629,-93.611514,1371.327392,8099.238095238095,170084.0,5.906130179041954,WSCentral,0
54009,WV,40.272645,-80.578691,231.015795,24777.285714285714,520323.0,107.25364347613423,SAtlantic,0
29107,MO,39.068705,-93.802639,1627.237794,32931.666666666664,691565.0,20.237771509544146,WNCentral,0
18089,IN,41.472247,-87.374337,1291.70272,488311.5714285714,10254543.0,378.0371163332159,ENCentral,2
55085,WI,45.716176,-89.534533,2885.102826,36141.380952380954,758969.0,12.526895272737484,ENCentral,0
28081,MS,34.29237,-88.682439,1165.404273,79162.52380952382,1662413.0000000002,67.92709246358136,ESCentral,2
31185,NE,40.873056,-97.596742,1482.794081,14136.0,296856.0,9.53335340431535,WNCentral,1
36013,NY,42.304216,-79.407595,2746.45415,136350.33333333334,2863357.0,49.64595288559008,MidAtlantic,0
38033,ND,46.938924,-103.844612,2592.28044,1795.3809523809523,37703.0,0.6925874703513761,WNCentral,0
36073,NY,43.339906,-78.207028,1013.366838,43510.47619047619,913720.0,42.93655027862298,MidAtlantic,0
34037,NJ,41.137461,-74.691914,1343.32526,146475.52380952382,3075986.0,109.03950679042826,MidAtlantic,2
51735,VA,37.12836,-76.303534,39.77369,11817.285714285714,248163.0,297.11313469496326,SAtlantic,0
31031,NE,42.571323,-101.047653,15436.903515,5999.571428571428,125991.0,0.3886512228791001,WNCentral,0
16051,ID,43.796965,-112.318588,2832.619466,22565.619047619046,473877.99999999994,7.966343279948019,Mountain,0
13321,GA,31.551773,-83.84996,1478.137692,21719.904761904763,456118.0,14.69410115137282,SAtlantic,0
48247,TX,27.053231,-98.747572,2942.674729,5172.857142857143,108630.0,1.7578759527441958,WSCentral,0
37181,NC,36.365481,-78.405434,653.701481,43807.380952380954,919955.0,67.01435169668976,SAtlantic,0
23001,ME,44.167681,-70.207435,1211.990523,105598.61904761905,2217571.0,87.12825475419915,NewEngland,8
48143,TX,32.236661,-98.220507,2805.419702,35475.619047619046,744988.0,12.645387434303776,WSCentral,0
48109,TX,31.445908,-104.526945,9873.439554,2677.190476190476,56221.0,0.27115074352239016,WSCentral,0
19067,IA,43.052741,-92.787367,1296.471923,16395.04761904762,344296.0,12.645894853711859,WNCentral,0
26043,MI,46.012833,-87.866139,1970.845133,26719.52380952381,561110.0,13.557393912961404,ENCentral,0
06077,CA,37.934982,-121.272244,3606.222502,633288.619047619,13299061.0,175.60996824139363,Pacific,5
37051,NC,35.050192,-78.828719,1690.112815,308581.90476190473,6480219.999999999,182.58065498539204,SAtlantic,5
27055,MN,43.66699,-91.501556,1429.786046,19263.095238095237,404525.0,13.472711733329671,WNCentral,0
45059,SC,34.483676,-82.005498,1846.324508,66166.33333333333,1389493.0,35.83678440417113,SAtlantic,1
45065,SC,33.897599,-82.316196,929.457509,9909.714285714286,208104.0,10.661826054185212,SAtlantic,0
51103,VA,37.704843,-76.412663,345.261477,11327.238095238095,237872.0,32.80770908373915,SAtlantic,0
41017,OR,43.915118,-121.225575,7815.593157,137172.2857142857,2880618.0,17.551103666575578,Pacific,2
48161,TX,31.701749,-96.144957,2273.311866,18733.14285714286,393396.00000000006,8.240463236619053,WSCentral,0
16063,ID,42.990782,-114.153089,3111.517506,4586.666666666667,96320.0,1.4740931580240535,Mountain,0
24043,MD,39.603621,-77.814671,1185.592677,139615.85714285713,2931932.9999999995,117.76039094315114,SAtlantic,7
20207,KS,37.888193,-95.758469,1289.344338,3545.8571428571427,74463.0,2.7501242595576842,WNCentral,0
26065,MI,42.603534,-84.373811,1440.236312,283457.2380952381,5952602.0,196.81300612509352,ENCentral,6
27159,MN,46.586986,-94.988608,1389.132776,13579.190476190477,285163.0,9.77530061258196,WNCentral,0
37125,NC,35.308272,-79.492725,1806.983006,81183.95238095238,1704863.0,44.92790032412313,SAtlantic,0
21013,KY,36.728928,-83.680718,929.965658,29029.333333333332,609616.0,31.215489608255332,ESCentral,1
41049,OR,45.425496,-119.602311,5259.046087,10794.904761904761,226693.0,2.052635512852611,Pacific,0
39125,OH,41.118948,-84.582125,1078.561237,19747.904761904763,414706.0,18.309488682194097,ENCentral,0
27041,MN,45.936835,-95.462155,1649.659329,34234.333333333336,718921.0,20.752365492386662,WNCentral,1
35047,NM,35.476859,-104.803519,12228.666259,29158.95238095238,612338.0,2.3844752782824625,Mountain,1
30095,MT,45.658545,-109.381576,4653.550993,8602.47619047619,180652.0,1.8485832009612173,Mountain,0
56029,WY,44.492387,-109.593597,17972.027719,26926.52380952381,565457.0,1.4982462875381128,Mountain,1
30001,MT,45.133863,-112.892869,14355.49212,9088.42857142857,190856.99999999997,0.6330976671128269,Mountain,0
47109,TN,35.175375,-88.56374,1457.753351,25072.904761904763,526531.0,17.19968933338762,ESCentral,1
56021,WY,41.29283,-104.660395,6956.355039,86597.52380952382,1818548.0000000002,12.448692357423509,Mountain,1
42065,PA,41.138028,-79.012419,1689.799787,45472.52380952381,954923.0,26.910006830012584,MidAtlantic,0
37001,NC,36.043954,-79.400573,1096.735775,138615.80952380953,2910932.0,126.38943005557516,SAtlantic,3
34021,NJ,40.282503,-74.703724,581.297767,355418.5714285714,7463790.0,611.4225644850471,MidAtlantic,2
46015,SD,43.729873,-99.092909,2116.594503,5260.476190476191,110470.0,2.4853490751394016,WNCentral,0
26135,MI,44.687257,-84.126905,1465.088063,8886.0,186606.0,6.065164425546207,ENCentral,0
19069,IA,42.736545,-93.271415,1507.291799,10697.761904761905,224653.0,7.097339686886935,WNCentral,0
42007,PA,40.68414,-80.350721,1125.854819,176162.0,3699402.0,156.46955275856044,MidAtlantic,1
31183,NE,41.922575,-98.520853,1489.717908,848.9047619047619,17827.0,0.5698426241277096,WNCentral,0
20051,KS,38.914597,-99.317313,2330.762295,27728.238095238095,582293.0,11.896639204573239,WNCentral,0
46097,SD,44.021541,-97.608122,1476.734132,2564.904761904762,53863.0,1.7368764670123855,WNCentral,0
29167,MO,37.616761,-93.400817,1646.006168,28782.333333333332,604429.0,17.486163717299835,WNCentral,0
54083,WV,38.781095,-79.867788,2692.81085,28937.809523809523,607694.0,10.746320902490988,SAtlantic,1
29157,MO,37.71113,-89.802125,1228.574128,18431.333333333332,387058.0,15.002215099008932,WNCentral,1
48059,TX,32.29315,-99.372249,2329.363242,13140.42857142857,275949.0,5.641210582573695,WSCentral,0
42053,PA,41.513304,-79.249705,1106.595595,6442.333333333333,135289.0,5.821759423625153,MidAtlantic,1
37185,NC,36.398105,-78.099899,1112.117461,20001.095238095237,420023.0,17.984696706506647,SAtlantic,0
13043,GA,32.40395,-82.071266,629.520841,10074.42857142857,211562.99999999997,16.003328111306438,SAtlantic,0
12109,FL,29.890487,-81.40004,1555.661651,159802.66666666666,3355856.0,102.7232795537149,SAtlantic,4
37133,NC,34.763109,-77.499469,1973.765096,163895.33333333334,3441802.0,83.03689920623327,SAtlantic,2
21051,KY,37.164273,-83.715473,1215.472436,22531.380952380954,473159.00000000006,18.537138552092145,ESCentral,0
19137,IA,41.021735,-95.15779,1098.405771,11144.57142857143,234036.00000000003,10.146133353273715,WNCentral,0
26105,MI,43.957196,-86.442937,1281.963206,28452.619047619046,597505.0,22.19456760884528,ENCentral,1
54089,WV,37.655999,-80.856325,933.930185,13873.52380952381,291344.0,14.85499026838265,SAtlantic,0
06093,CA,41.587986,-122.533287,16261.933231,44186.0,927906.0,2.7171431202145486,Pacific,1
37035,NC,35.661883,-81.214906,1039.553245,146037.80952380953,3066794.0,140.48131755272382,SAtlantic,4
27003,MN,45.27411,-93.242723,1092.881453,315661.09523809527,6628883.000000001,288.83379287990834,WNCentral,2
40047,OK,36.378132,-97.788741,2741.521323,58810.95238095238,1235030.0,21.451940529354175,WSCentral,0
41001,OR,44.703427,-117.691933,7945.996788,16236.47619047619,340966.0,2.043352976809206,Pacific,0
42013,PA,40.498683,-78.309597,1360.458062,127890.19047619047,2685694.0,94.00524282841913,MidAtlantic,2
46025,SD,44.855211,-97.724912,2479.944305,3920.7619047619046,82336.0,1.5809878862428342,WNCentral,0
48005,TX,31.251896,-94.611134,2066.460812,82498.09523809524,1732460.0,39.92240973505344,WSCentral,0
42015,PA,41.791504,-76.502123,2971.943389,62421.380952380954,1310849.0,21.003556522449276,MidAtlantic,1
12031,FL,30.335245,-81.648113,1975.244256,818077.8095238095,17179634.0,414.165390958013,SAtlantic,10
38099,ND,48.376979,-97.72223,3319.346397,11958.42857142857,251126.99999999997,3.6026455636677475,WNCentral,0
48141,TX,31.76648,-106.241423,2624.264468,745282.8571428572,15650940.0,283.9968555878253,WSCentral,5
05061,AR,34.083064,-93.990931,1521.168583,13807.857142857143,289965.0,9.077137995859559,WSCentral,0
17135,IL,39.228068,-89.478141,1822.740452,30357.47619047619,637507.0,16.654854045273687,ENCentral,0
47091,TN,36.453203,-81.861247,772.956196,17671.714285714286,371106.0,22.862504210671062,ESCentral,1
19177,IA,40.754117,-91.952943,1255.605714,7648.0952380952385,160610.0,6.091159949989873,WNCentral,0
55039,WI,43.754722,-88.493284,1863.667254,98822.42857142857,2075270.9999999998,53.02579007026357,ENCentral,1
20087,KS,39.239644,-95.375314,1379.494403,18637.285714285714,391383.0,13.510229308473471,WNCentral,1
26103,MI,46.656596,-87.584028,4685.420988,65572.80952380953,1377029.0,13.995073162422418,ENCentral,0
42121,PA,41.400714,-79.765813,1746.337768,56029.90476190476,1176628.0,32.084231234415334,MidAtlantic,0
48395,TX,31.025481,-96.514941,2214.840334,16208.809523809523,340385.0,7.31827449364552,WSCentral,0
48439,TX,32.772119,-97.291224,2241.078404,1625993.4285714286,34145862.0,725.5406261866011,WSCentral,10
45005,SC,32.979757,-81.363265,1056.960693,10804.047619047618,226885.0,10.22180644048569,SAtlantic,0
19029,IA,41.333824,-94.933302,1461.422457,14149.761904761905,297145.0,9.682184529864458,WNCentral,0
01069,AL,31.158183,-85.296411,1501.742239,94514.0,1984794.0,62.93623335981829,ESCentral,1
12069,FL,28.764113,-81.712282,2464.507354,257836.85714285713,5414574.0,104.6200396701503,SAtlantic,6
20201,KS,39.776714,-97.095611,2317.418814,6087.0,127827.0,2.626629232155703,WNCentral,0
30105,MT,48.34985,-106.670424,12758.577238,7664.285714285715,160950.0,0.600716331556037,Mountain,0
36007,NY,42.161977,-75.830283,1827.594819,199710.90476190476,4193929.0,109.27526314130176,MidAtlantic,3
51550,VA,36.679376,-76.301788,876.598055,212727.85714285713,4467285.0,242.67434308060052,SAtlantic,2
01115,AL,33.719491,-86.311327,1635.759732,73528.47619047618,1544097.9999999998,44.95065794325116,ESCentral,0
47095,TN,36.333905,-89.485536,429.381241,7940.0952380952385,166742.0,18.49194720198603,ESCentral,0
28135,MS,33.954529,-90.172243,1671.120105,15041.809523809523,315878.0,9.001034383348241,ESCentral,0
42049,PA,42.117952,-80.096386,2069.174742,279509.61904761905,5869702.0,135.08265559894363,MidAtlantic,2
39049,OH,39.969875,-83.009086,1378.954535,1115829.857142857,23432426.999999996,809.1853856101623,ENCentral,10
39061,OH,39.196927,-84.544187,1049.999679,822019.8571428572,17262417.0,782.8762937582356,ENCentral,12
37103,NC,35.032268,-77.356195,1220.836958,9897.0,207837.0,8.106733610205794,SAtlantic,0
48029,TX,29.448671,-98.520147,3212.413223,1561768.9047619049,32797147.0,486.16687715642144,WSCentral,8
31055,NE,41.297091,-96.154066,845.39113,488827.95238095237,10265387.0,578.2269709654422,WNCentral,7
05075,AR,36.041098,-91.101153,1521.690357,17344.95238095238,364244.0,11.398476898511609,WSCentral,0
51610,VA,38.884722,-77.175603,5.300262,11215.857142857143,235533.0,2116.094853963284,SAtlantic,0
29510,MO,38.635699,-90.244582,159.89565,330145.85714285716,6933063.0,2064.758216642274,WNCentral,4
22101,LA,29.629349,-91.463804,1439.626085,54458.90476190476,1143637.0,37.828506533281356,WSCentral,0
05109,AR,34.158191,-93.658659,1554.860546,11036.52380952381,231767.0,7.0980795273995,WSCentral,0
51041,VA,37.378434,-77.585847,1096.874571,288661.85714285716,6061899.0,263.1676080152807,SAtlantic,1
12039,FL,30.578687,-84.612607,1337.405283,45398.42857142857,953367.0,33.94515420904657,SAtlantic,0
13095,GA,31.532588,-84.20904,851.183381,94718.42857142857,1989086.9999999998,111.27852197977602,SAtlantic,0
28037,MS,31.477773,-90.895457,1460.658822,8107.571428571428,170259.0,5.550626406699256,ESCentral,0
29111,MO,40.084559,-91.728803,1307.98862,10239.666666666666,215033.0,7.828559446233306,WNCentral,0
21075,KY,36.552511,-89.187659,533.351953,7096.761904761905,149032.0,13.305964035275418,ESCentral,0
06059,CA,33.675687,-117.777207,2053.449483,2910630.904761905,61123249.0,1417.4348718379965,Pacific,43
48215,TX,26.396384,-98.18099,4068.758841,668246.3333333334,14033173.0,164.23837328463907,WSCentral,1
12059,FL,30.862007,-85.815939,1240.23291,19231.761904761905,403867.0,15.50657279749326,SAtlantic,0
29135,MO,38.633037,-92.583642,1074.923593,14861.42857142857,312090.0,13.825567387493905,WNCentral,0
49049,UT,40.120425,-111.668508,5190.543916,440167.5238095238,9243518.0,84.8018109340516,Mountain,13
26133,MI,43.997552,-85.322283,1466.674406,23204.238095238095,487289.0,15.82098794409459,ENCentral,2
06073,CA,33.023604,-116.776117,10904.455257,2960364.9523809524,62167664.0,271.4821495077049,Pacific,45
25017,MA,42.481718,-71.394916,2118.236393,1478834.761904762,31055530.0,698.1443463023165,NewEngland,12
29033,MO,39.427375,-93.500227,1799.06189,9717.333333333334,204064.0,5.401333543524361,WNCentral,0
54065,WV,39.557345,-78.256517,593.295507,16012.285714285714,336258.0,26.988718986347745,SAtlantic,0
17019,IL,40.138985,-88.196975,2579.896781,189702.09523809524,3983744.0,73.53088566766782,ENCentral,0
22053,LA,30.269529,-92.816221,1687.430131,31427.761904761905,659983.0,18.62463003794846,WSCentral,0
06053,CA,36.240104,-121.315578,8499.623032,399812.85714285716,8396070.0,47.03889285884946,Pacific,2
12111,FL,27.379814,-80.443536,1480.593673,235809.47619047618,4951999.0,159.26684038347648,SAtlantic,3
13141,GA,33.26922,-83.000465,1220.057418,9384.142857142857,197067.0,7.691558379708041,SAtlantic,0
08051,CO,38.670499,-107.05688,8389.334153,14319.095238095239,300701.0,1.7068214207410937,Mountain,0
08053,CO,37.811519,-107.383974,2893.614472,780.0,16380.0,0.2695590610109445,Mountain,0
05139,AR,33.168219,-92.598145,2691.171273,43220.04761904762,907621.0,16.05993942216387,WSCentral,0
09005,CT,41.791883,-73.235404,2384.123146,185849.7619047619,3902845.0,77.95308821047027,NewEngland,3
20121,KS,38.566772,-94.832963,1491.519067,30101.380952380954,632129.0,20.18169369629718,WNCentral,1
20153,KS,39.786198,-101.076738,2769.775708,2786.285714285714,58512.0,1.005960773732699,WNCentral,0
06101,CA,39.03619,-121.70394,1560.975503,86815.61904761905,1823128.0,55.61625975601172,Pacific,4
20127,KS,38.688204,-96.651448,1800.929255,5979.428571428572,125568.0,3.3201907042309506,WNCentral,0
17149,IL,39.625106,-90.889034,2153.190724,16754.333333333332,351841.0,7.781165479948135,ENCentral,0
08103,CO,39.972622,-108.200716,8342.275014,6334.809523809524,133031.0,0.7593623457843874,Mountain,0
30003,MT,45.407868,-107.518162,12944.280256,12743.809523809523,267620.0,0.9845127942051816,Mountain,1
01109,AL,31.798653,-85.941608,1740.645369,30987.904761904763,650746.0,17.802537675843357,ESCentral,0
45025,SC,34.637018,-80.159227,2069.364013,44203.619047619046,928276.0,21.360968282973154,SAtlantic,0
19007,IA,40.744249,-92.873065,1287.973257,13213.190476190477,277477.0,10.258901265517872,WNCentral,0
32019,NV,39.022213,-119.197425,5187.939862,42605.619047619046,894718.0,8.212435028341707,Mountain,0
55055,WI,43.013804,-88.773985,1441.30841,79547.23809523809,1670492.0,55.19099003608679,ENCentral,0
48401,TX,32.109423,-94.756382,2393.663219,49763.95238095238,1045043.0,20.789872186673886,WSCentral,0
41021,OR,45.382955,-120.276246,3120.213943,1906.0,40026.0,0.6108555486318458,Pacific,0
18075,IN,40.434956,-85.002331,994.310119,21527.761904761905,452083.0,21.650953252304078,ENCentral,0
13121,GA,33.790034,-84.468182,1364.133162,849956.7142857143,17849091.0,623.0745926882718,SAtlantic,11
48221,TX,32.430149,-97.831677,1089.582268,45641.09523809524,958463.0,41.888617847895475,WSCentral,0
13245,GA,33.361486,-82.074998,840.036613,197410.61904761905,4145623.0,235.00239869618522,SAtlantic,0
17197,IL,41.448474,-87.978456,2164.908486,589990.9523809524,12389810.0,272.52466152555536,ENCentral,8
21089,KY,38.563562,-82.93382,892.15329,36777.666666666664,772331.0,41.22348376551597,ESCentral,1
21031,KY,37.207013,-86.682471,1103.571982,12589.904761904761,264388.0,11.408322218445704,ESCentral,0
53013,WA,46.29285,-117.911634,2249.624779,4035.8571428571427,84753.0,1.794013464170303,Pacific,0
49057,UT,41.270325,-111.876883,1492.536928,211266.42857142858,4436595.0,141.54854369635308,Mountain,5
17161,IL,41.468421,-90.572125,1107.209787,147740.33333333334,3102547.0,133.43481521567634,ENCentral,0
08123,CO,40.555961,-104.383666,10320.950482,217881.95238095237,4575521.0,21.11064797384156,Mountain,4
39153,OH,41.121847,-81.534928,1069.129523,541513.2380952381,11371778.0,506.4991906459944,ENCentral,2
39157,OH,40.44749,-81.471105,1469.530293,91272.33333333333,1916719.0,62.109868553307415,ENCentral,2
39161,OH,40.85552,-84.585775,1059.692855,29279.95238095238,614879.0,27.63060281363545,ENCentral,1
12011,FL,26.193535,-80.476683,3115.058072,1685547.5238095238,35396498.0,541.0966617156291,SAtlantic,18
39025,OH,39.052054,-84.149485,1172.125417,187799.04761904763,3943780.0000000005,160.22094981926975,ENCentral,3
48243,TX,30.625357,-104.191873,5865.172239,2256.4761904761904,47386.0,0.38472462504543853,WSCentral,0
13265,GA,33.559319,-82.875272,504.029143,1841.4285714285713,38670.0,3.653416864882695,SAtlantic,0
13273,GA,31.777191,-84.439446,869.695791,10162.142857142857,213405.0,11.68470971379331,SAtlantic,0
48321,TX,28.77476,-96.001532,2830.645444,37207.666666666664,781361.0,13.144587481111131,WSCentral,0
23011,ME,44.417012,-69.765764,2246.739614,119502.0,2509542.0,53.189074183475896,NewEngland,0
08091,CO,38.154731,-107.78848,1400.332623,3990.714285714286,83805.0,2.8498331183378323,Mountain,0
13307,GA,32.046691,-84.553828,543.010089,2522.190476190476,52966.0,4.6448317025477515,SAtlantic,0
22059,LA,31.680083,-92.161596,1618.363236,14402.47619047619,302452.0,8.899408902833104,WSCentral,0
42097,PA,40.851524,-76.709877,1185.344304,94199.28571428571,1978185.0,79.46997796033254,MidAtlantic,1
48061,TX,26.102923,-97.478958,2309.519001,369757.2380952381,7764902.0,160.10140550267684,WSCentral,0
16087,ID,44.448223,-116.797792,3762.870369,10000.380952380952,210008.0,2.6576469481298126,Mountain,0
35035,NM,32.615599,-105.751308,17126.455954,61344.80952380953,1288241.0,3.5818741302097603,Mountain,0
29071,MO,38.413003,-91.072832,2389.650757,97253.71428571429,2042328.0,40.69787771323033,WNCentral,0
55019,WI,44.739346,-90.609953,3133.102168,33998.666666666664,713972.0,10.851438875473871,ENCentral,0
37015,NC,36.059043,-76.962364,1810.858588,20407.571428571428,428559.0,11.269555537801843,SAtlantic,0
17163,IL,38.470198,-89.928546,1703.461064,263650.14285714284,5536653.0,154.77321344701005,ENCentral,4
30063,MT,47.027263,-113.892691,6715.861233,101689.42857142857,2135478.0,15.141681021006375,Mountain,4
05001,AR,34.28957,-91.376547,2569.632248,19806.14285714286,415929.00000000006,7.707773309802757,WSCentral,0
17183,IL,40.186754,-87.726778,2326.634937,82659.95238095238,1735859.0,35.527684668715345,ENCentral,1
35015,NM,32.457835,-104.306434,10816.688007,53041.57142857143,1113873.0,4.903679517634758,Mountain,1
17115,IL,39.860237,-88.961529,1503.684112,111762.90476190476,2347021.0,74.32605283915161,ENCentral,1
30013,MT,47.316575,-111.350262,6988.324592,80477.14285714286,1690020.0,11.51594231173383,Mountain,5
54087,WV,38.74295,-81.354494,1252.422354,15130.52380952381,317741.0,12.0810074662112,SAtlantic,0
16023,ID,43.685101,-113.177631,5792.474008,2864.8571428571427,60161.99999999999,0.49458264964166976,Mountain,1
13293,GA,32.881837,-84.292283,837.774876,27120.428571428572,569529.0,32.37197646808947,SAtlantic,0
31049,NE,41.111903,-102.332609,1139.208344,1995.904761904762,41914.0,1.7520103082257288,WNCentral,0
30007,MT,46.329849,-111.497873,3088.195855,4884.285714285715,102570.00000000001,1.5815984295094894,Mountain,0
06071,CA,34.856661,-116.181571,51975.908919,1880685.761904762,39494401.0,36.18379747501192,Pacific,22
41053,OR,44.900372,-123.39864,1918.983379,68735.61904761905,1443448.0,35.81876727011456,Pacific,2
55079,WI,42.912643,-87.862312,625.435295,937765.1904761905,19693069.0,1499.3800285546574,ENCentral,12
37179,NC,34.99182,-80.530426,1638.77899,161969.0,3401349.0,98.8351699578477,SAtlantic,3
41005,OR,45.160493,-122.195127,4845.019827,358935.28571428574,7537641.000000001,74.08334713390343,Pacific,7
39029,OH,40.770073,-80.778455,1377.658471,109346.0,2296266.0,79.37090527279166,ENCentral,0
50025,VT,42.995335,-72.721955,2034.346401,43812.42857142857,920061.0,21.53636595512554,NewEngland,3
48333,TX,31.494888,-98.594623,1937.892798,4866.571428571428,102198.0,2.511269680961696,WSCentral,0
29051,MO,38.503233,-92.280027,1014.10409,73039.47619047618,1533828.9999999998,72.02364817449477,WNCentral,0
04011,AZ,33.238872,-109.242323,4771.12817,8593.619047619048,180466.0,1.8011712830634452,Mountain,0
31087,NE,40.176896,-101.044217,1838.742669,3062.2380952380954,64307.0,1.665397854123597,WNCentral,0
21105,KY,36.675896,-88.972084,627.487969,5022.9047619047615,105480.99999999999,8.004782577599924,ESCentral,0
21025,KY,37.517807,-83.317158,1275.352779,14698.42857142857,308667.0,11.52499042888632,ESCentral,0
29047,MO,39.315551,-94.421502,1029.941235,202356.04761904763,4249477.0,196.47339162903563,WNCentral,1
51019,VA,37.312257,-79.527223,1968.660755,65675.57142857143,1379187.0000000002,33.3605326675857,SAtlantic,0
21185,KY,38.400127,-85.45615,484.959864,53694.28571428572,1127580.0,110.71902996551013,ESCentral,1
21145,KY,37.054111,-88.712454,644.192189,64952.47619047619,1364002.0,100.8277922327869,ESCentral,3
26153,MI,46.021122,-86.197029,3035.145671,8639.190476190477,181423.00000000003,2.84638413198273,ENCentral,1
48037,TX,33.446065,-94.422393,2291.969119,89272.80952380953,1874729.0,38.95026716710729,WSCentral,2
29139,MO,38.935184,-91.465427,1385.765319,12042.380952380952,252890.0,8.690057968163766,WNCentral,0
26009,MI,45.005455,-85.175639,1232.002675,23051.428571428572,484080.0,18.710534513594766,ENCentral,0
46053,SD,43.175142,-99.206591,2628.707453,4516.952380952381,94856.0,1.7183168769112858,WNCentral,0
20169,KS,38.791804,-97.651478,1865.429339,54080.666666666664,1135694.0,28.99100251937587,WNCentral,1
48201,TX,29.857273,-95.393037,4421.0159,3745179.5714285714,78648771.0,847.130988926905,WSCentral,16
39053,OH,38.817046,-82.301746,1208.30587,31391.52380952381,659222.0,25.97978259389223,ENCentral,0
13191,GA,31.485629,-81.372141,1117.201986,12319.761904761905,258715.0,11.027336201639999,SAtlantic,0
22113,LA,29.789722,-92.291568,3039.63485,55636.857142857145,1168374.0,18.303796307262743,WSCentral,0
28075,MS,32.403998,-88.660449,1822.508248,78417.61904761905,1646770.0,43.02730543670991,ESCentral,1
48209,TX,30.061225,-98.029267,1753.033395,129634.28571428571,2722320.0,73.94855459344271,WSCentral,4
45023,SC,34.689342,-81.161249,1503.90579,33438.666666666664,702212.0,22.234548792226317,SAtlantic,1
17167,IL,39.756886,-89.662435,2248.773852,194024.2380952381,4074509.0,86.28001340493981,ENCentral,1
22115,LA,31.102841,-93.18833,3436.185697,52026.71428571428,1092561.0,15.140833142730553,WSCentral,0
42117,PA,41.766859,-77.257288,2936.540901,41695.57142857143,875607.0,14.198873039490973,MidAtlantic,0
35013,NM,32.349919,-106.834968,9863.163868,189984.19047619047,3989668.0,19.261992705259033,Mountain,3
41047,OR,44.900898,-122.57626,3059.028016,297282.71428571426,6242936.999999999,97.18208291352708,Pacific,11
29095,MO,39.005364,-94.343211,1565.698756,664017.1904761905,13944361.000000002,424.10277707098754,WNCentral,9
29105,MO,37.659698,-92.594843,1980.38307,33608.857142857145,705786.0,16.970886921820203,WNCentral,0
38105,ND,48.355765,-103.501333,5380.959456,22559.428571428572,473748.0,4.192454664618193,WNCentral,0
16045,ID,44.061473,-116.398784,1449.796224,15883.52380952381,333554.0,10.955694011742583,Mountain,1
24013,MD,39.563328,-77.01533,1159.355858,159939.85714285713,3358736.9999999995,137.95579333059027,SAtlantic,4
16049,ID,45.849644,-115.467337,21956.620029,15676.095238095239,329198.0,0.7139575771403097,Mountain,1
06089,CA,40.760514,-122.043556,9778.551576,172038.38095238095,3612806.0,17.593442097766662,Pacific,10
27077,MN,48.7681,-94.904633,3361.396303,4261.809523809524,89498.0,1.2678688079730192,WNCentral,0
30103,MT,46.229441,-107.285772,2532.492072,775.3333333333334,16282.0,0.3061542983315343,Mountain,0
55031,WI,46.463218,-91.892477,3378.047451,43580.666666666664,915194.0,12.901141058206724,ENCentral,0
51027,VA,37.26812,-82.038151,1302.386895,25869.285714285714,543255.0,19.86298066542332,SAtlantic,0
51091,VA,38.366243,-79.564472,1075.266904,2409.904761904762,50608.0,2.2412154163211944,SAtlantic,0
51165,VA,38.507585,-78.885321,2200.944584,71256.95238095238,1496396.0,32.37562312970638,SAtlantic,1
28159,MS,33.078724,-89.037391,1572.773194,19366.85714285714,406703.99999999994,12.313827077381598,ESCentral,0
29171,MO,40.478606,-93.014531,1339.844722,5029.238095238095,105614.0,3.7535977211828695,WNCentral,0
30079,MT,46.812384,-105.503994,4497.780202,1193.6190476190477,25066.0,0.2653795859318089,Mountain,0
26161,MI,42.252217,-83.843423,1828.539717,333440.09523809527,7002242.000000001,182.3532145012168,ENCentral,8
55045,WI,42.675522,-89.605074,1512.667175,35152.28571428572,738198.0000000001,23.238612098716107,ENCentral,0
13267,GA,32.043768,-82.059208,1245.369512,22788.04761904762,478549.0,18.29822185260596,SAtlantic,0
13185,GA,30.833145,-83.268995,1287.842038,99041.61904761905,2079874.0,76.90509870405322,SAtlantic,1
31133,NE,40.137797,-96.245214,1116.478173,2919.1428571428573,61302.00000000001,2.614599127629213,WNCentral,0
51035,VA,36.731963,-80.727831,1229.5824,29295.761904761905,615211.0,23.825781748959567,SAtlantic,2
28043,MS,33.770031,-89.80274,1093.291103,22187.0,465927.0,20.293771657995464,ESCentral,0
45029,SC,32.835018,-80.655244,2736.331638,38086.380952380954,799814.0,13.918773741993679,SAtlantic,1
49027,UT,38.956744,-113.133092,17574.363572,12286.190476190477,258010.00000000003,0.6990973201308526,Mountain,0
19119,IA,43.38358,-96.207201,1521.901261,11733.47619047619,246403.0,7.709748648717488,WNCentral,0
17107,IL,40.129277,-89.365309,1600.748259,30721.571428571428,645153.0,19.192006772984676,ENCentral,1
47057,TN,36.277509,-83.509546,726.715759,21426.714285714286,449961.0,29.484312154175104,ESCentral,0
42043,PA,40.412565,-76.792634,1359.407363,258894.7619047619,5436790.0,190.44678508539303,MidAtlantic,3
42113,PA,41.439285,-76.511717,1165.337409,6375.0952380952385,133877.0,5.470600350473464,MidAtlantic,0
05055,AR,36.120607,-90.566346,1495.304293,39630.09523809524,832232.0,26.503030469193764,WSCentral,0
41057,OR,45.45589,-123.759299,2855.123461,24806.238095238095,520931.0,8.688324142224578,Pacific,2
56011,WY,44.589266,-104.567298,7393.068933,6403.0952380952385,134465.0,0.866094350820148,Mountain,0
30097,MT,45.811292,-109.944796,4805.816391,3599.3333333333335,75586.0,0.7489535680293394,Mountain,0
51115,VA,37.425348,-76.268808,222.508058,9010.0,189210.0,40.49291554196208,SAtlantic,0
41033,OR,42.386983,-123.57162,4244.080762,79159.57142857143,1662351.0000000002,18.65175897153944,Pacific,5
38059,ND,46.710819,-101.298265,4988.026151,26306.809523809523,552443.0,5.273991901292565,WNCentral,0
16035,ID,46.67257,-115.6535,6364.412864,8833.333333333334,185500.0,1.3879258813171387,Mountain,1
06085,CA,37.221614,-121.68954,3343.892719,1720648.3333333333,36133615.0,514.5644546419234,Pacific,31
54077,WV,39.46903,-79.668865,1680.4203,31666.714285714286,665001.0,18.844520198734976,SAtlantic,0
46041,SD,45.148049,-100.837953,5963.127468,5646.0,118566.0,0.9468185998535492,WNCentral,0
16025,ID,43.502552,-114.772135,2782.253888,1012.3333333333334,21259.0,0.36385368628635134,Mountain,0
18171,IN,40.352498,-87.375163,944.543938,8451.714285714286,177486.0,8.947931319754323,ENCentral,0
47003,TN,35.51366,-86.458294,1226.719748,40844.142857142855,857727.0,33.295414803367834,ESCentral,2
47013,TN,36.401592,-84.159249,1243.685301,39677.23809523809,833221.9999999999,31.90295653034987,ESCentral,0
40145,OK,35.963388,-95.514201,1455.356144,65003.71428571428,1365078.0,44.66515948945228,WSCentral,0
19193,IA,42.39322,-96.053296,2260.79094,101980.76190476191,2141596.0,45.1084441734192,WNCentral,1
54103,WV,39.59818,-80.635399,927.389119,17152.85714285714,360209.99999999994,18.495857662588275,SAtlantic,0
28105,MS,33.422313,-88.876151,1186.834318,44485.57142857143,934197.0,37.48254558693291,ESCentral,0
55063,WI,43.908222,-91.111758,1170.166356,110021.19047619047,2310445.0,94.02183707646307,ENCentral,2
22051,LA,29.5033,-90.036231,779.455288,443536.95238095237,9314276.0,569.0345029527241,WSCentral,3
55123,WI,43.599366,-90.821983,2050.136139,28804.14285714286,604887.0,14.049868352251341,ENCentral,1
51710,VA,36.923015,-76.244641,137.981431,240100.14285714287,5042103.0,1740.0902506739685,SAtlantic,1
28149,MS,32.356095,-90.852384,1524.286572,48817.52380952381,1025168.0,32.02647370006734,ESCentral,1
08013,CO,40.094962,-105.397704,1881.324131,284488.1904761905,5974252.0,151.2169996591568,Mountain,10
34003,NJ,40.959698,-74.074727,602.918754,889294.4761904762,18675184.0,1474.982276286062,MidAtlantic,11
48489,TX,26.481861,-97.594731,1529.652214,20904.095238095237,438986.0,13.665913759201239,WSCentral,0
41019,OR,43.286328,-123.154476,13042.430333,104339.47619047618,2191129.0,8.000002570569697,Pacific,3
29209,MO,36.745822,-93.457842,1201.303092,29947.190476190477,628891.0,24.92892149834779,WNCentral,0
17031,IL,41.894294,-87.645455,2447.350649,5230455.761904762,109839571.0,2137.190992243777,ENCentral,38
31177,NE,41.533973,-96.224577,1009.985085,19424.47619047619,407914.0,19.232438655741326,WNCentral,0
17057,IL,40.46524,-90.202269,2242.109646,37517.95238095238,787877.0,16.733326333030007,ENCentral,0
27123,MN,45.015204,-93.099965,394.320493,505341.90476190473,10612180.0,1281.5512095687727,WNCentral,4
51670,VA,37.29101,-77.298944,26.817673,22404.714285714286,470499.0,835.4458750285413,SAtlantic,0
08007,CO,37.202395,-107.050863,3496.712164,10915.0,229215.0,3.121503712079631,Mountain,0
22079,LA,31.193204,-92.535953,3419.85681,128907.61904761905,2707060.0,37.69386445382169,WSCentral,0
29125,MO,38.162615,-91.923601,1364.873607,8877.761904761905,186433.0,6.504457159425389,WNCentral,1
49053,UT,37.262531,-113.4878,6287.037039,115291.66666666667,2421125.0,18.33799704876634,Mountain,5
35045,NM,36.511624,-108.324578,14289.56322,120217.47619047618,2524567.0,8.412956669117573,Mountain,6
06107,CA,36.228834,-118.781055,12493.840855,403679.1904761905,8477263.0,32.310255521994996,Pacific,5
18123,IN,38.081436,-86.62654,988.70237,19217.333333333332,403564.0,19.436924514839923,ENCentral,0
17185,IL,38.445821,-87.839167,578.403995,12295.238095238095,258200.0,21.257180450902826,ENCentral,1
48117,TX,34.940766,-102.607564,3876.750568,18952.04761904762,397993.0,4.8886425078477265,WSCentral,0
21161,KY,38.594137,-83.828125,621.924469,17090.47619047619,358900.0,27.479986786749485,ESCentral,0
17039,IL,40.181499,-88.901853,1029.678323,16631.761904761905,349267.0,16.1523861707652,ENCentral,0
21023,KY,38.680365,-84.115235,525.033511,8411.095238095239,176633.0,16.02011121552056,ESCentral,0
36061,NY,40.776642,-73.970187,58.679457,1576310.4761904762,33102520.0,26863.071963847182,MidAtlantic,0
44009,RI,41.396792,-71.620282,852.827573,124846.80952380953,2621783.0,146.39161945085178,NewEngland,4
34039,NJ,40.659871,-74.308696,266.163567,524786.2380952381,11020511.0,1971.6681888894211,MidAtlantic,4
19111,IA,40.647588,-91.477157,1340.448561,36737.09523809524,771479.0,27.406568448019126,WNCentral,0
37053,NC,36.372174,-75.941224,678.341928,21211.47619047619,445441.0,31.269593275791422,SAtlantic,0
01019,AL,34.069515,-85.654242,1433.62085,24416.809523809523,512753.0,17.03156697519398,ESCentral,0
54101,WV,38.483459,-80.449052,1433.479488,9499.238095238095,199484.0,6.626699701501481,SAtlantic,0
12091,FL,30.614325,-86.59108,2409.192557,179488.2380952381,3769253.0,74.50140818911642,SAtlantic,3
29133,MO,36.826264,-89.295929,1066.029407,13845.142857142857,290748.0,12.987580611031733,WNCentral,0
34015,NJ,39.722875,-75.145679,833.976887,271487.09523809527,5701229.000000001,325.53311664870546,MidAtlantic,2
48039,TX,29.167817,-95.434647,3530.999266,277553.4285714286,5828622.0,78.60478229038199,WSCentral,4
06003,CA,38.621783,-119.798352,1912.292607,1190.2857142857142,24996.0,0.6224391130984036,Pacific,0
38021,ND,46.107756,-98.496518,2930.554406,5452.666666666667,114506.0,1.8606263222763955,WNCentral,0
05023,AR,35.566315,-92.05995,1434.747665,24629.761904761905,517225.0,17.16661577892298,WSCentral,0
31141,NE,41.576866,-97.513467,1745.780718,31456.47619047619,660586.0,18.018572359141036,WNCentral,0
36059,NY,40.729612,-73.589414,736.959587,1330071.8095238095,27931508.0,1804.8096978264962,MidAtlantic,8
06025,CA,33.040814,-115.3554,10814.595262,158350.7142857143,3325365.0,14.642315357110244,Pacific,0
16007,ID,42.285892,-111.327517,2527.123155,6187.285714285715,129933.00000000001,2.4483514790499847,Mountain,0
20131,KS,39.791043,-96.005381,1858.127934,10286.809523809523,216022.99999999997,5.536114782831483,WNCentral,0
20035,KS,37.234507,-96.837247,2915.648171,36442.57142857143,765294.0,12.49896053681692,WNCentral,0
55023,WI,43.242768,-90.935185,1477.970925,16709.904761904763,350908.0,11.30597664626235,ENCentral,0
36065,NY,43.242727,-75.434282,3139.921908,234015.47619047618,4914325.0,74.52907525956094,MidAtlantic,3
05007,AR,36.337819,-94.256298,2195.586678,186481.7619047619,3916117.0,84.9348211907678,WSCentral,1
36031,NY,44.109601,-73.778431,4646.753187,38732.19047619047,813376.0,8.335323379031552,MidAtlantic,0
45073,SC,34.748766,-83.06154,1622.77347,69886.61904761905,1467619.0,43.06615824057011,SAtlantic,0
40117,OK,36.313704,-96.696669,1472.02796,16490.333333333332,346297.0,11.20245931560521,WSCentral,0
51047,VA,38.48593,-77.956476,982.089165,40949.09523809524,859931.0,41.69590368924927,SAtlantic,0
51061,VA,38.744096,-77.8215,1678.296041,60881.333333333336,1278508.0,36.27568190952631,SAtlantic,0
40023,OK,34.027699,-95.554079,1995.267309,15185.190476190477,318889.0,7.610604557943207,WSCentral,1
08083,CO,37.338025,-108.595786,5255.990018,24276.190476190477,509800.0,4.618766472739233,Mountain,0
38057,ND,47.307147,-101.833328,2700.790007,8703.761904761905,182779.0,3.2226725818013233,WNCentral,0
31063,NE,40.530947,-100.406683,2524.283363,2925.0,61425.0,1.158744712607766,WNCentral,0
51157,VA,38.684522,-78.168824,689.900922,7321.380952380952,153749.0,10.612220855070769,SAtlantic,0
45007,SC,34.521235,-82.638603,1848.872592,175718.85714285713,3690095.9999999995,95.04108498507999,SAtlantic,2
41027,OR,45.511775,-121.655976,1352.200146,21057.47619047619,442207.0,15.572751010837557,Pacific,0
12029,FL,29.552675,-83.236232,1826.029565,14835.761904761905,311551.0,8.124601150563466,SAtlantic,0
31015,NE,42.894448,-98.773022,1398.424238,2278.8571428571427,47855.99999999999,1.6295892769395366,WNCentral,0
06043,CA,37.574343,-119.911721,3752.476985,17345.904761904763,364264.0,4.622521292267104,Pacific,1
18079,IN,38.996229,-85.628103,975.382324,27939.380952380954,586727.0,28.644543031908533,ENCentral,1
37025,NC,35.388346,-80.552728,935.587407,153557.09523809524,3224699.0,164.12907451424817,SAtlantic,3
55078,WI,44.991304,-88.669251,926.217566,4516.857142857143,94854.0,4.876669703387101,ENCentral,0
39013,OH,40.017682,-80.967727,1378.20157,70401.95238095238,1478441.0,51.08247872693425,ENCentral,1
12101,FL,28.309823,-82.511006,1933.733392,406862.85714285716,8544120.0,210.40276742702963,SAtlantic,6
06017,CA,38.785612,-120.534225,4423.309715,170404.14285714287,3578487.0000000005,38.52412646559226,Pacific,6
48187,TX,29.582671,-97.948995,1842.136053,109566.71428571429,2300901.0,59.478079323880586,WSCentral,1
25013,MA,42.136198,-72.635648,1598.027523,457580.28571428574,9609186.0,286.3406788233933,NewEngland,7
35053,NM,33.991658,-106.939136,17214.061665,17420.380952380954,365828.00000000006,1.011985508789041,Mountain,2
48103,TX,31.422796,-102.487774,2033.319687,4265.952380952381,89585.0,2.098023448170342,WSCentral,0
37097,NC,35.806251,-80.874524,1487.711608,139945.7142857143,2938860.0,94.06777061708205,SAtlantic,1
48485,TX,33.988212,-98.70801,1625.459967,130518.23809523809,2740883.0,80.29618738388658,WSCentral,1
37067,NC,36.132466,-80.256961,1056.32848,325739.28571428574,6840525.000000001,308.36931113916927,SAtlantic,6
24003,MD,38.991617,-76.560894,1074.35278,513917.8095238095,10792274.0,478.3510771236703,SAtlantic,3
29045,MO,40.407275,-91.729472,1306.924727,7222.285714285715,151668.0,5.5261680838071054,WNCentral,0
31027,NE,42.60456,-97.25687,1917.222689,9183.095238095239,192845.0,4.789790612630935,WNCentral,0
38085,ND,46.110618,-101.061284,2833.580511,4163.0952380952385,87425.00000000001,1.46919955933281,WNCentral,0
44001,RI,41.70684,-71.286687,62.500772,50140.42857142857,1052949.0,802.2369479120766,NewEngland,2
48501,TX,33.162339,-102.832241,2071.252479,7797.047619047619,163738.0,3.764411967203549,WSCentral,0
01085,AL,32.147888,-86.650586,1854.651814,12139.42857142857,254927.99999999997,6.545394925232349,ESCentral,1
13107,GA,32.5911,-82.299763,1762.679431,21874.571428571428,459366.0,12.40984097497614,SAtlantic,0
06055,CA,38.5071,-122.325904,1938.032964,129910.71428571429,2728125.0,67.0322521334133,Pacific,3
12119,FL,28.715444,-82.069952,1442.967719,72774.42857142857,1528262.9999999998,50.433857676221905,SAtlantic,2
18055,IN,39.047147,-87.004771,1404.983901,33034.19047619047,693718.0,23.512148753219396,ENCentral,0
31053,NE,41.577008,-96.645852,1370.277209,36136.52380952381,758867.0,26.371688569421288,WNCentral,0
26087,MI,43.088633,-83.224325,1675.677869,88821.47619047618,1865250.9999999998,53.00629544238265,ENCentral,3
27035,MN,46.491653,-94.070718,2585.732032,58299.57142857143,1224291.0,22.546640837905446,WNCentral,2
48339,TX,30.298801,-95.50295,2699.237142,378538.61904761905,7949311.0,140.23911169477344,WSCentral,2
48373,TX,30.784553,-94.837338,2737.73324,45646.380952380954,958574.0,16.67305648536486,WSCentral,1
06067,CA,38.450136,-121.344329,2500.040418,1328011.1904761905,27888235.0,531.1958882403119,Pacific,23
50019,VT,44.828442,-72.25163,1798.78403,26598.380952380954,558566.0,14.786867410859188,NewEngland,0
30073,MT,48.228604,-112.220761,4207.608375,6223.0952380952385,130685.00000000001,1.4790100892161189,Mountain,0
55127,WI,42.66811,-88.541731,1438.448435,96201.47619047618,2020230.9999999998,66.87864079776776,ENCentral,4
50017,VT,44.003349,-72.369464,1779.816925,28617.666666666668,600971.0,16.0789945666275,NewEngland,0
32021,NV,38.516647,-118.416279,9715.77747,4941.333333333333,103768.0,0.5085885662357943,Mountain,0
27021,MN,46.951745,-94.333705,5235.592066,27748.95238095238,582728.0,5.300060056465137,WNCentral,0
38005,ND,48.071743,-99.351152,3596.341058,6783.190476190476,142447.0,1.8861365946095083,WNCentral,0
18035,IN,40.227543,-85.399262,1015.53628,117774.38095238095,2473262.0,115.97259819450365,ENCentral,2
47097,TN,35.762951,-89.627732,1222.203226,26697.904761904763,560656.0,21.844079768371323,ESCentral,0
13003,GA,31.296806,-82.878151,887.636774,7877.380952380952,165425.0,8.874554528518162,SAtlantic,0
18093,IN,38.839815,-86.48782,1163.282503,45900.90476190476,963919.0,39.45808919461137,ENCentral,0
39021,OH,40.132775,-83.767604,1111.077538,39240.80952380953,824057.0,35.317795726880696,ENCentral,1
51177,VA,38.182431,-77.657226,1039.652446,107753.90476190476,2262832.0,103.64416029268376,SAtlantic,1
12086,FL,25.616009,-80.50375,4920.728991,2372785.285714286,49828491.00000001,482.20198471691975,SAtlantic,24
26083,MI,47.367297,-88.351332,1398.883242,2131.8571428571427,44768.99999999999,1.523970749559628,ENCentral,0
27029,MN,47.575873,-95.371117,2586.947405,8501.761904761905,178537.0,3.2864069398279496,WNCentral,0
38061,ND,48.210073,-102.364895,4727.150568,7423.0,155883.0,1.5702905784827965,WNCentral,0
01063,AL,32.844497,-87.9642,1675.782057,9435.142857142857,198138.0,5.630292326935242,ESCentral,0
18027,IN,38.69609,-87.076943,1112.396615,30543.428571428572,641412.0,27.457318873114847,ENCentral,0
29069,MO,36.153025,-90.062254,1403.538813,32342.52380952381,679193.0,23.043554983985906,WNCentral,0
40011,OK,35.877795,-98.429031,2404.772749,10992.333333333334,230839.0,4.571048693854495,WSCentral,0
53043,WA,47.582743,-118.417692,5984.421204,10191.285714285714,214017.0,1.702969320988609,Pacific,0
33019,NH,43.361188,-72.222084,1393.091317,42071.666666666664,883505.0,30.200221732246046,NewEngland,1
33011,NH,42.911532,-71.723055,2270.191096,388464.4285714286,8157753.0,171.11529917278318,NewEngland,3
50005,VT,44.468791,-72.112168,1680.273211,30243.666666666668,635117.0,17.999255400059265,NewEngland,1
48469,TX,28.79637,-96.971198,2284.644884,85247.85714285714,1790205.0,37.31339506628425,WSCentral,1
46063,SD,45.596611,-103.473871,6919.33329,1334.3333333333333,28021.0,0.19284131539981555,WNCentral,0
31167,NE,41.905045,-97.177109,1107.500711,6230.571428571428,130842.0,5.625794517951717,WNCentral,0
18155,IN,38.825854,-85.029681,571.526245,9813.52380952381,206084.0,17.17073169496146,ENCentral,0
21037,KY,38.946981,-84.379583,391.968586,89143.57142857143,1872015.0000000002,227.42529532346612,ESCentral,0
22109,LA,29.33413,-90.843674,3185.305317,108142.57142857143,2270994.0,33.950457072800425,WSCentral,1
38055,ND,47.653206,-101.421914,5465.546324,9281.904761904761,194920.0,1.6982574497898926,WNCentral,0
37135,NC,36.062526,-79.120034,1029.673918,123600.71428571429,2595615.0,120.03869586770897,SAtlantic,1
28063,MS,31.733633,-91.043878,1346.620554,8317.714285714286,174672.0,6.176732013340623,ESCentral,0
47039,TN,35.603136,-88.110292,864.739796,11449.904761904761,240448.0,13.240867154337328,ESCentral,0
51137,VA,38.249326,-78.011092,883.388069,29869.380952380954,627257.0,33.81229835511957,SAtlantic,0
48083,TX,31.914205,-99.346622,3270.933224,8974.190476190477,188458.00000000003,2.7436177572637837,WSCentral,0
04017,AZ,35.390785,-110.321025,25769.061034,102322.52380952382,2148773.0,3.9707509588540417,Mountain,1
47115,TN,35.133422,-85.618399,1290.472798,27681.904761904763,581320.0,21.450978900761584,ESCentral,0
48405,TX,31.382449,-94.16318,1374.400363,8685.333333333334,182392.0,6.319361932046677,WSCentral,0
19011,IA,42.092547,-92.05763,1854.696288,25695.714285714286,539610.0,13.854405409644237,WNCentral,0
12053,FL,28.555995,-82.525969,1224.97581,152198.14285714287,3196161.0000000005,124.24583539910302,SAtlantic,5
37031,NC,34.858343,-76.53586,1314.689449,63185.19047619047,1326889.0,48.06092459649037,SAtlantic,1
29023,MO,36.71518,-90.40313,1799.408335,41706.76190476191,875842.0000000001,23.17804196720135,WNCentral,0
30027,MT,47.221816,-109.232956,11238.811035,11744.42857142857,246632.99999999997,1.0449885254635896,Mountain,0
20209,KS,39.115384,-94.763087,392.739381,156432.61904761905,3285085.0,398.3115180588907,WNCentral,3
41041,OR,44.641061,-123.911212,2540.730649,45375.80952380953,952892.0,17.859354568603674,Pacific,4
20103,KS,39.189511,-95.038977,1200.218357,73352.76190476191,1540408.0,61.11618063242296,WNCentral,2
26163,MI,42.284664,-83.261953,1584.653155,1950559.9047619049,40961758.0,1230.9065227348788,ENCentral,6
20165,KS,38.523596,-99.309184,1858.997559,3349.190476190476,70333.0,1.8016110134066488,WNCentral,0
26155,MI,42.951545,-84.146352,1375.19827,71393.38095238095,1499261.0,51.91497292414493,ENCentral,1
38041,ND,46.435704,-102.454238,2932.48581,2667.190476190476,56011.0,0.9095322702313352,WNCentral,0
37087,NC,35.558882,-82.981307,1433.713844,56043.95238095238,1176923.0,39.09005455690667,SAtlantic,0
13127,GA,31.21271,-81.49645,1086.851231,73770.33333333333,1549177.0,67.87528157414704,SAtlantic,0
21139,KY,37.209517,-88.363426,811.362663,9499.809523809523,199495.99999999997,11.708462759038152,ESCentral,0
50013,VT,44.795742,-73.295082,211.781772,6841.714285714285,143676.0,32.30549173851603,NewEngland,0
16067,ID,42.857211,-113.63984,1960.610406,19917.238095238095,418262.0,10.158692432869856,Mountain,0
30017,MT,46.261414,-105.550352,9798.723734,11745.285714285714,246651.0,1.1986546445361508,Mountain,0
40107,OK,35.466804,-96.327762,1601.799648,11866.42857142857,249194.99999999997,7.4081852785053,WSCentral,0
48119,TX,33.385933,-95.67335,665.192108,5173.142857142857,108636.0,7.776915563079497,WSCentral,0
42107,PA,40.703682,-76.217788,2016.509909,148480.14285714287,3118083.0000000005,73.63224063241778,MidAtlantic,0
37131,NC,36.421774,-77.398352,1390.032558,21655.380952380954,454763.00000000006,15.579045848781444,SAtlantic,0
24035,MD,39.040693,-76.082405,962.673214,44261.857142857145,929499.0,45.97807075045213,SAtlantic,0
21061,KY,37.227514,-86.218015,784.468401,11790.0,247590.0,15.029286055334689,ESCentral,0
35031,NM,35.584062,-108.253294,14118.189396,70842.52380952382,1487693.0000000002,5.017819340884823,Mountain,3
21227,KY,36.995634,-86.423579,1403.039303,102900.14285714286,2160903.0,73.34088406299111,ESCentral,1
13195,GA,34.128526,-83.203737,731.214552,26696.190476190477,560620.0,36.50938073260675,SAtlantic,0
48349,TX,32.048448,-96.476909,2615.116305,45744.23809523809,960628.9999999999,17.49223849347614,WSCentral,0
17153,IL,37.215615,-89.127755,516.100615,6604.047619047619,138685.0,12.796046792247322,ENCentral,0
48279,TX,34.068861,-102.348018,2631.897589,14311.142857142857,300534.0,5.437575883254801,WSCentral,0
18097,IN,39.782976,-86.135794,1027.221229,874619.2857142857,18367005.0,851.4419883686863,ENCentral,11
20161,KS,39.291211,-96.727489,1579.116499,68345.09523809524,1435247.0,43.280590938905284,WNCentral,2
42059,PA,39.847707,-80.225655,1491.658046,39766.666666666664,835100.0,26.65937194741392,MidAtlantic,0
54071,WV,38.67445,-79.340617,1802.760298,7820.761904761905,164236.0,4.338215076867588,SAtlantic,0
22037,LA,30.839784,-91.043434,1174.022934,20416.809523809523,428753.0,17.390469072224718,WSCentral,0
05137,AR,35.857001,-92.140482,1570.673294,11846.333333333334,248773.0,7.542200773761507,WSCentral,0
22075,LA,29.282447,-89.576068,2020.635364,25195.52380952381,529106.0,12.469109597115716,WSCentral,0
30081,MT,46.077744,-114.105795,6192.656569,38156.42857142857,801285.0,6.161560575220165,Mountain,1
06041,CA,38.051367,-122.746396,1347.889807,246810.19047619047,5183014.0,183.10858142440904,Pacific,4
16029,ID,42.786072,-111.544273,4569.240776,7046.714285714285,147981.0,1.5422068197253358,Mountain,0
18153,IN,39.089225,-87.415843,1158.170861,21386.285714285714,449112.0,18.46557052542329,ENCentral,0
13039,GA,30.913358,-81.642019,1632.622505,47558.42857142857,998727.0,29.130082689524468,SAtlantic,0
21195,KY,37.486031,-82.410912,2037.621882,67123.57142857143,1409595.0000000002,32.942113559698925,ESCentral,0
23015,ME,43.994781,-69.513624,1180.688993,33722.23809523809,708166.9999999999,28.561491040543725,NewEngland,0
27105,MN,43.677686,-95.763132,1852.143783,20780.52380952381,436391.0,11.219714149764695,WNCentral,0
34023,NJ,40.439621,-74.40743,800.881307,774569.2380952381,16265954.0,967.1461068265863,MidAtlantic,7
40025,OK,36.74839,-102.517698,4752.131817,2689.0476190476193,56470.00000000001,0.5658613276315224,WSCentral,0
39093,OH,41.438805,-82.179722,1270.483156,293218.71428571426,6157592.999999999,230.79307498171528,ENCentral,4
20053,KS,38.700845,-98.205355,1853.331064,6411.0,134631.0,3.4591768974957406,WNCentral,0
53033,WA,47.490552,-121.833977,5478.417256,1828154.142857143,38391237.0,333.701150794043,Pacific,85
28091,MS,31.230167,-89.821712,1404.769598,26116.85714285714,548454.0,18.591559199487417,ESCentral,0
39095,OH,41.682321,-83.468903,879.723724,446230.09523809527,9370832.0,507.23890133272715,ENCentral,7
05093,AR,35.766944,-90.052207,2336.409934,47927.76190476191,1006483.0000000001,20.513421556425342,WSCentral,0
53037,WA,47.124441,-120.676709,5949.92685,37066.380952380954,778394.0,6.229720446459095,Pacific,0
53035,WA,47.639595,-122.649634,1023.308791,242659.7142857143,5095854.0,237.1324437158229,Pacific,13
13201,GA,31.162931,-84.730398,731.471756,6160.428571428572,129369.0,8.421963692920183,SAtlantic,0
40119,OK,36.079225,-96.975255,1773.88585,72692.42857142857,1526540.9999999998,40.979203127094436,WSCentral,2
54081,WV,37.762469,-81.264672,1567.871999,78634.71428571429,1651329.0,50.15378445170784,SAtlantic,1
47065,TN,35.163472,-85.201843,1404.197532,320697.7619047619,6734653.0,228.38507731030674,ESCentral,3
38001,ND,46.096815,-102.533198,2557.7339,2486.714285714286,52221.0,0.9722333842915737,WNCentral,0
46043,SD,43.391506,-98.358433,1118.35878,3226.095238095238,67748.0,2.8846692991449827,WNCentral,0
16021,ID,48.773131,-116.524668,3285.862966,10366.57142857143,217698.00000000003,3.154900717357374,Mountain,0
46009,SD,42.985799,-97.884199,1459.586268,7094.476190476191,148984.0,4.860607657125609,WNCentral,0
36019,NY,44.752712,-73.705643,2687.763026,81344.38095238095,1708232.0,30.264714621601073,MidAtlantic,2
35017,NM,32.732087,-108.381504,10259.478771,29902.238095238095,627947.0,2.9145962248843857,Mountain,2
37021,NC,35.609371,-82.530423,1700.318978,221191.09523809524,4645013.0,130.08800001648586,SAtlantic,5
47163,TN,36.509681,-82.301336,1070.810025,153730.85714285713,3228347.9999999995,143.56501485205757,ESCentral,0
27073,MN,44.999856,-96.176836,1981.395022,7583.714285714285,159258.0,3.8274620666298844,WNCentral,0
51037,VA,37.009042,-78.658568,1231.010116,12437.190476190477,261181.00000000003,10.103239863376134,SAtlantic,0
36043,NY,43.571009,-74.841097,3655.871582,64277.619047619046,1349830.0,17.582023220972932,MidAtlantic,1
40125,OK,35.211391,-96.957004,2040.375639,66984.42857142857,1406672.9999999998,32.82945909129655,WSCentral,0
53065,WA,48.388728,-117.854455,6415.653629,41542.42857142857,872391.0,6.475166985893491,Pacific,3
32510,NV,39.15306,-119.747368,374.341372,53216.857142857145,1117554.0,142.16130281976191,Mountain,3
29163,MO,39.339959,-91.171607,1736.428525,17964.285714285714,377250.0,10.34553709274369,WNCentral,0
09007,CT,41.433003,-72.52278,956.493753,159570.61904761905,3350983.0,166.82871011664523,NewEngland,5
19039,IA,41.029726,-93.785259,1116.573604,9000.47619047619,189010.0,8.06079971641188,WNCentral,0
48377,TX,30.005891,-104.261619,9985.057448,7721.666666666667,162155.0,0.7733222073963442,WSCentral,1
51017,VA,38.068368,-79.731203,1370.626043,4815.428571428572,101124.0,3.5133059057368077,SAtlantic,0
51143,VA,36.821721,-79.398502,2509.705676,61127.42857142857,1283676.0,24.35641324637486,SAtlantic,0
12017,FL,28.850292,-82.595552,1507.161659,129117.47619047618,2711467.0,85.6692946104703,SAtlantic,5
16077,ID,42.694126,-112.844407,3635.892401,7749.333333333333,162736.0,2.1313428668026564,Mountain,0
20067,KS,37.547537,-101.299362,1488.745962,7794.380952380952,163682.0,5.235534571600035,WNCentral,0
21115,KY,37.847756,-82.830121,678.484991,23468.761904761905,492844.0,34.58994998573506,ESCentral,2
27013,MN,44.03371,-94.064012,1936.920254,59806.52380952381,1255937.0,30.87712242464052,WNCentral,0
30039,MT,46.395955,-113.427356,4473.328972,2926.5714285714284,61458.0,0.6542267396137814,Mountain,0
35057,NM,34.554978,-105.890557,8664.061384,16038.952380952382,336818.0,1.8512048414813471,Mountain,0
22009,LA,31.088503,-91.983275,2154.720636,41301.57142857143,867333.0,19.167947221800045,WSCentral,0
01007,AL,33.015893,-87.127148,1612.188717,21276.714285714286,446811.0,13.197409249524158,ESCentral,0
23027,ME,44.505822,-69.138961,1890.616317,37868.42857142857,795237.0,20.029674043815298,NewEngland,3
13033,GA,33.060181,-82.000164,2142.015889,22764.190476190477,478048.0,10.62746107211088,SAtlantic,1
51085,VA,37.760215,-77.491317,1211.145331,92986.57142857143,1952718.0000000002,76.77573371958236,SAtlantic,0
39143,OH,41.355319,-83.142776,1057.351022,61410.80952380953,1289627.0,58.07986964220244,ENCentral,1
13187,GA,34.56814,-83.998925,732.820607,25302.666666666668,531356.0,34.527777228113166,SAtlantic,2
13219,GA,33.834125,-83.437728,477.443088,28890.619047619046,606703.0,60.51112640176927,SAtlantic,0
48505,TX,26.996981,-99.182603,2585.876042,12899.47619047619,270889.0,4.988435633016391,WSCentral,0
22023,LA,29.871812,-93.164948,3327.199807,8272.285714285714,173718.0,2.4862605777031757,WSCentral,0
27075,MN,47.517111,-91.411704,5462.555544,10852.809523809523,227908.99999999997,1.986764150294107,WNCentral,0
06007,CA,39.665336,-121.603209,4238.488698,210925.57142857142,4429437.0,49.76433499235237,Pacific,6
40115,OK,36.835764,-94.802681,1219.410534,31970.571428571428,671382.0,26.218054164005956,WSCentral,0
05095,AR,34.679512,-91.20331,1573.3369,9061.857142857143,190299.0,5.759641906865048,WSCentral,0
53003,WA,46.181861,-117.227781,1647.427902,21209.95238095238,445409.0,12.874586107958478,Pacific,1
53023,WA,46.429318,-117.536705,1841.054897,2270.9523809523807,47689.99999999999,1.2335060647310947,Pacific,0
50009,VT,44.724021,-71.732736,1715.969342,6401.238095238095,134426.0,3.7303918773847737,NewEngland,0
55037,WI,45.871828,-88.406988,1264.232456,4792.952380952381,100652.0,3.7911954864037924,ENCentral,0
17077,IL,37.786096,-89.381212,1511.439594,59985.0,1259685.0,39.68732871503696,ENCentral,1
31089,NE,42.459287,-98.784766,6248.078964,11027.380952380952,231575.0,1.7649234294121754,WNCentral,0
17201,IL,42.337396,-89.161205,1328.792556,283328.38095238095,5949896.0,213.22243240530383,ENCentral,5
23007,ME,44.976724,-70.414935,4395.220895,29977.333333333332,629524.0,6.8204383919441955,NewEngland,0
37155,NC,34.63921,-79.100881,2453.481924,126512.66666666667,2656766.0,51.56453994183438,SAtlantic,0
47167,TN,35.498763,-89.747145,1180.026939,55156.57142857143,1158288.0,46.74179004363512,ESCentral,2
27025,MN,45.505444,-92.903849,1074.584696,48002.42857142857,1008051.0,44.67067951936343,WNCentral,0
27009,MN,45.701225,-94.00144,1057.483361,36743.28571428572,771609.0000000001,34.74597054608949,WNCentral,0
40103,OK,36.384901,-97.236335,1895.123227,11446.42857142857,240374.99999999997,6.0399389381915745,WSCentral,0
48277,TX,33.667263,-95.570348,2349.976646,48411.142857142855,1016634.0,20.60069104922622,WSCentral,1
06047,CA,37.194806,-120.722802,5019.407132,233746.38095238095,4908674.0,46.568523892431074,Pacific,2
19097,IA,42.164226,-90.574582,1647.344929,19962.14285714286,419205.00000000006,12.117767509237197,WNCentral,0
16085,ID,44.85596,-115.618061,9492.613296,8849.857142857143,185847.0,0.9322888088769294,Mountain,0
08085,CO,38.407507,-108.266282,5804.023554,36565.28571428572,767871.0000000001,6.299989201299116,Mountain,2
19107,IA,41.331182,-92.167721,1500.056812,10924.52380952381,229415.0,7.282740041664375,WNCentral,0
39077,OH,41.14508,-82.594641,1274.903645,59624.80952380953,1252121.0,46.76809087310243,ENCentral,2
13255,GA,33.262348,-84.284905,507.561198,61029.90476190476,1281628.0,120.24147039290574,SAtlantic,0
01117,AL,33.263043,-86.678089,2034.279155,170557.0,3581697.0,83.84149224593514,ESCentral,4
05145,AR,35.255118,-91.753034,2678.251423,71361.71428571429,1498596.0,26.644889898267884,WSCentral,1
27171,MN,45.175091,-93.966396,1712.395099,107870.76190476191,2265286.0,62.99408469911879,WNCentral,0
22091,LA,30.822539,-90.708307,1058.078903,10528.142857142857,221091.0,9.95024362293977,WSCentral,0
19115,IA,41.218211,-91.256994,1040.583976,11780.761904761905,247396.0,11.321298594321142,WNCentral,0
41067,OR,45.553542,-123.097615,1875.855599,482861.5714285714,10140093.0,257.40871082293336,Pacific,9
46065,SD,44.384452,-99.975684,1920.546194,16563.0,347823.0,8.624109147566799,WNCentral,0
48441,TX,32.297126,-99.89043,2371.228265,127949.09523809524,2686931.0,53.958995482071494,WSCentral,1
47085,TN,36.040822,-87.790453,1374.668727,17873.285714285714,375339.0,13.00188573671227,ESCentral,0
51121,VA,37.175538,-80.387794,1001.929082,87751.23809523809,1842776.0,87.58228468633082,SAtlantic,0
48041,TX,30.656713,-96.302394,1518.090937,170597.2380952381,3582542.0,112.37616531218255,WSCentral,2
05097,AR,34.545656,-93.664153,2021.363825,9135.333333333334,191842.0,4.519390928218147,WSCentral,0
54017,WV,39.264307,-80.711498,828.078406,7866.476190476191,165196.0,9.499675554244789,SAtlantic,0
55041,WI,45.666881,-88.773326,2626.878527,9550.619047619048,200563.0,3.6357292312736806,ENCentral,0
42017,PA,40.336887,-75.10706,1565.303838,609965.7619047619,12809281.0,389.6788259869851,MidAtlantic,7
20019,KS,37.154259,-96.245396,1654.694134,3952.8571428571427,83010.0,2.3888748147681187,WNCentral,0
28095,MS,33.89003,-88.485038,1981.578016,37321.71428571428,783755.9999999999,18.83434009883277,ESCentral,0
22025,LA,31.666517,-91.846703,1833.776037,10572.047619047618,222013.0,5.7651792834762725,WSCentral,0
13193,GA,32.362686,-84.051231,1037.709945,14010.142857142857,294213.0,13.50102013057498,SAtlantic,0
22027,LA,32.82716,-92.989728,1954.908518,16909.47619047619,355099.0,8.64975319038238,WSCentral,0
55043,WI,42.870028,-90.694229,2970.402286,50306.04761904762,1056427.0,16.935769224306213,ENCentral,0
22029,LA,31.469805,-91.626315,1805.360346,20443.333333333332,429310.0,11.323685810773497,WSCentral,0
05115,AR,35.456557,-93.026818,2100.810775,57591.28571428572,1209417.0,27.413837742852266,WSCentral,2
13249,GA,32.263444,-84.322708,432.291202,4405.380952380952,92513.0,10.19077171128954,SAtlantic,0
22045,LA,29.606013,-91.842706,1485.913496,72958.04761904762,1532119.0,49.09979471580735,WSCentral,0
37029,NC,36.342344,-76.162488,622.452109,8539.666666666666,179333.0,13.719395505601327,SAtlantic,0
29013,MO,38.257217,-94.339246,2167.033438,16629.85714285714,349226.99999999994,7.674019630359364,WNCentral,0
36027,NY,41.75477,-73.740041,2060.721458,286394.5714285714,6014286.0,138.97781784954432,MidAtlantic,7
06015,CA,41.749903,-123.980998,2606.118035,27683.428571428572,581352.0,10.622476879267126,Pacific,1
54039,WV,38.328068,-81.523516,2335.256702,195821.90476190476,4112260.0,83.85455209022444,SAtlantic,3
28031,MS,31.633331,-89.548897,1071.784952,18996.761904761905,398932.0,17.724415582914347,ESCentral,0
26079,MI,44.678881,-85.088992,1449.72913,16804.380952380954,352892.00000000006,11.591393595285593,ENCentral,0
53015,WA,46.196785,-122.67846,2955.587569,96966.66666666667,2036300.0,32.807915313933535,Pacific,9
41007,OR,46.024509,-123.705037,2144.84671,36305.28571428572,762411.0000000001,16.92675077664908,Pacific,5
53007,WA,47.860974,-120.619041,7565.814942,67887.28571428571,1425633.0,8.972897993767202,Pacific,13
12035,FL,29.474891,-81.286253,1259.255278,74139.33333333333,1556926.0,58.87553908138817,SAtlantic,4
12065,FL,30.396898,-83.921761,1549.018611,13814.809523809523,290111.0,8.918427077445568,SAtlantic,0
12107,FL,29.593896,-81.732039,1886.452945,72223.71428571429,1516698.0,38.28545762413082,SAtlantic,0
54055,WV,37.403448,-81.106456,1085.106057,62534.80952380953,1313231.0,57.63013589353647,SAtlantic,1
53069,WA,46.294638,-123.424458,680.976231,3883.7619047619046,81559.0,5.7032268204995615,Pacific,0
47169,TN,36.39303,-86.156691,296.143586,7427.761904761905,155983.0,25.081623428311914,ESCentral,0
16033,ID,44.290218,-112.354613,4566.524477,917.6190476190476,19270.0,0.2009447342811314,Mountain,0
19123,IA,41.330797,-92.636366,1478.498332,22255.809523809523,467372.0,15.052982504013759,WNCentral,0
35006,NM,34.928272,-107.99268,11758.505167,26803.809523809523,562880.0,2.279525257941278,Mountain,1
17085,IL,42.362391,-90.21147,1556.385345,22343.761904761905,469219.0,14.356188829805452,ENCentral,1
35027,NM,33.740841,-105.449805,12512.530053,19064.85714285714,400361.99999999994,1.5236612469343207,Mountain,2
18091,IN,41.549013,-86.744739,1549.555244,110345.33333333333,2317252.0,71.21097086444588,ENCentral,3
18157,IN,40.389133,-86.893554,1292.163451,160554.57142857142,3371646.0,124.25252494513671,ENCentral,5
35055,NM,36.577183,-105.638878,5704.119616,30710.52380952381,644921.0,5.38392002218556,Mountain,1
48067,TX,33.083698,-94.357579,2426.683493,30287.0,636027.0,12.480820052291838,WSCentral,1
46127,SD,42.831106,-96.650829,1193.354523,13333.238095238095,279998.0,11.172906155095786,WNCentral,0
47029,TN,35.916198,-83.119224,1129.584563,34130.90476190476,716749.0,30.215449006543096,ESCentral,1
45015,SC,33.2077,-79.953655,2858.362692,161368.7619047619,3388744.0,56.45496366028062,SAtlantic,2
27089,MN,48.362728,-96.357761,4597.391841,9853.619047619048,206926.0,2.1433063328958584,WNCentral,0
27115,MN,46.10094,-92.763094,3655.344652,27505.714285714286,577620.0,7.524793666355017,WNCentral,1
05103,AR,33.591168,-92.878413,1897.738453,26781.809523809523,562418.0,14.112487145671766,WSCentral,0
05133,AR,33.994877,-94.243279,1459.650889,16079.57142857143,337671.0,11.016039211668941,WSCentral,0
41023,OR,44.496326,-119.014057,11726.925905,7528.809523809524,158105.0,0.6420104965956569,Pacific,2
39129,OH,39.648947,-83.052827,1298.175095,54097.52380952381,1136048.0,41.67197785405351,ENCentral,2
39131,OH,39.071341,-83.052911,1140.325072,28106.238095238095,590231.0,24.647566545163265,ENCentral,0
39133,OH,41.16897,-81.196962,1262.372713,156738.38095238095,3291506.0,124.16173079335323,ENCentral,1
51195,VA,36.974561,-82.62156,1044.905568,40878.76190476191,858454.0000000001,39.12196772288796,SAtlantic,0
36083,NY,42.710421,-73.513845,1689.859763,156207.38095238095,3280355.0,92.43807348549842,MidAtlantic,3
34011,NJ,39.328434,-75.121628,1251.898249,150064.38095238095,3151352.0,119.86947107901973,MidAtlantic,2
42035,PA,41.239508,-77.629009,2299.868386,38406.04761904762,806527.0,16.699237161933674,MidAtlantic,3
47093,TN,35.992726,-83.937721,1316.57458,407475.95238095237,8556995.0,309.4970528604254,ESCentral,11
51760,VA,37.531399,-77.476009,155.205067,200736.42857142858,4215465.0,1293.3625973140977,SAtlantic,7
45047,SC,34.155796,-82.127876,1180.009081,67228.76190476191,1411804.0,56.9730885865631,SAtlantic,1
51003,VA,38.024184,-78.553506,1866.014147,90934.85714285714,1909632.0,48.73213704679225,SAtlantic,0
30031,MT,45.518054,-111.163921,6747.831014,79303.0,1665363.0,11.752368996121396,Mountain,1
49025,UT,37.275089,-111.815329,10333.912585,6554.857142857143,137652.0,0.6343054568094301,Mountain,0
47147,TN,36.527509,-86.869354,1233.703847,59997.42857142857,1259946.0,48.63195386585235,ESCentral,0
13087,GA,30.880643,-84.58389,1546.84284,27474.571428571428,576966.0,17.76170837663859,SAtlantic,0
40007,OK,36.748334,-100.483056,4700.407073,5677.142857142857,119220.0,1.2077981266246929,WSCentral,0
42057,PA,39.91075,-78.122617,1133.252795,14565.095238095239,305867.0,12.852467959803477,MidAtlantic,0
21231,KY,36.800772,-84.82659,1186.690752,20124.666666666668,422618.0,16.958644560724334,ESCentral,0
08119,CO,38.869976,-105.187365,1442.81727,21799.571428571428,457791.0,15.109031394232915,Mountain,0
13207,GA,33.017404,-83.922837,1025.872448,23648.095238095237,496610.0,23.051691547227552,SAtlantic,0
17053,IL,40.596539,-88.224588,1257.690127,14016.285714285714,294342.0,11.144466680134569,ENCentral,0
17021,IL,39.545524,-89.279593,1837.569687,35046.80952380953,735983.0,19.07237030070225,ENCentral,0
21207,KY,36.990587,-85.05495,657.060481,16964.190476190477,356248.0,25.81830891788252,ESCentral,0
22121,LA,30.464052,-91.309808,498.174685,22536.095238095237,473258.0,45.23733524937189,WSCentral,0
28145,MS,34.489533,-89.002339,1076.417818,26019.190476190477,546403.0,24.172017632088732,ESCentral,0
30015,MT,47.886834,-110.4362,10288.778621,5683.190476190476,119347.0,0.5523678451580979,Mountain,0
31111,NE,41.050322,-100.744481,6641.092845,35101.90476190476,737140.0,5.285561515426271,WNCentral,1
33017,NH,43.293272,-71.035589,951.74343,117985.28571428571,2477691.0,123.96753368109482,NewEngland,3
42099,PA,40.39778,-77.266328,1428.247558,44826.57142857143,941358.0,31.385715436715227,MidAtlantic,0
45019,SC,32.800458,-79.94248,2377.554566,336269.61904761905,7061662.0,141.43507949571875,SAtlantic,7
42021,PA,40.510227,-78.710477,1780.643391,147720.19047619047,3102124.0,82.95888509895941,MidAtlantic,2
46019,SD,44.896226,-103.501436,5827.498555,9546.761904761905,200482.0,1.6382263873014216,WNCentral,0
45021,SC,35.049796,-81.607647,1017.770812,53222.52380952381,1117673.0,52.2932306389661,SAtlantic,0
47059,TN,36.179487,-82.847523,1611.409727,65137.80952380953,1367894.0,40.42287224185878,ESCentral,1
38029,ND,46.284255,-100.237842,3910.888908,3890.904761904762,81709.0,0.9948901268828273,WNCentral,0
27163,MN,45.037929,-92.890117,996.403606,220124.04761904763,4622605.0,220.91855779478948,WNCentral,5
39007,OH,41.906637,-80.745592,1818.345034,101797.23809523809,2137742.0,55.98345539036905,ENCentral,2
42095,PA,40.752791,-75.307447,957.745652,281457.95238095237,5910617.0,293.87546870424467,MidAtlantic,2
36005,NY,40.848711,-73.852939,109.224611,1333427.4761904762,28001977.0,12208.122912797338,MidAtlantic,0
01113,AL,32.289811,-85.18698,1660.652494,52368.0,1099728.0,31.534592691250914,ESCentral,4
46109,SD,45.623397,-96.947551,2851.720399,10031.333333333334,210658.0,3.517642661198825,WNCentral,2
46137,SD,44.989764,-101.660827,5079.608331,2597.6666666666665,54551.0,0.5113911343938746,WNCentral,0
29021,MO,39.660369,-94.808173,1057.361277,86429.38095238095,1815017.0,81.74063381401942,WNCentral,1
30021,MT,47.26613,-104.898271,6143.260044,9011.42857142857,189239.99999999997,1.4668805336068842,Mountain,0
30083,MT,47.785633,-104.563408,5398.974515,9994.904761904761,209893.0,1.8512598520581758,Mountain,0
37107,NC,35.240066,-77.635514,1033.630013,59075.333333333336,1240582.0,57.15326818140036,SAtlantic,0
48049,TX,31.764137,-98.998456,2446.120246,37608.71428571428,789782.9999999999,15.374842813722529,WSCentral,0
49019,UT,38.974326,-109.57345,9512.361692,8727.619047619048,183280.0,0.9175028589334518,Mountain,2
49023,UT,39.71412,-112.790471,8784.407522,9000.380952380952,189008.0,1.0245859985252348,Mountain,2
01011,AL,32.101759,-85.717261,1613.083467,11028.285714285714,231594.0,6.836773136604043,ESCentral,0
42123,PA,41.834298,-79.298182,2290.280119,42522.857142857145,892980.0,18.566662125776915,MidAtlantic,0
05059,AR,34.315177,-92.944147,1592.697317,31381.14285714286,659004.0,19.703142914971618,WSCentral,0
36085,NY,40.561263,-74.1399,148.98268,448021.5238095238,9408452.0,3007.205426896092,MidAtlantic,2
56039,WY,44.048662,-110.426087,10351.79006,18994.619047619046,398886.99999999994,1.8349115406634364,Mountain,0
56027,WY,43.062159,-104.468373,6801.380673,2471.4761904761904,51901.0,0.3633786005078958,Mountain,0
56037,WY,41.660328,-108.875677,27005.754359,40999.28571428572,860985.0000000001,1.5181685047291487,Mountain,1
27103,MN,44.35882,-94.245684,1161.84816,31376.095238095237,658898.0,27.005331951547987,WNCentral,0
41069,OR,44.736415,-120.026861,4444.475029,1472.3809523809523,30920.0,0.3312834345504773,Pacific,0
41039,OR,43.928334,-122.897581,11795.042046,335457.2380952381,7044602.0,28.440529231432475,Pacific,18
51105,VA,36.701721,-83.130112,1127.622846,24732.04761904762,519373.0,21.932907537993973,SAtlantic,0
29057,MO,37.43235,-93.854878,1269.120978,7837.714285714285,164592.0,6.175703042956308,WNCentral,0
41029,OR,42.411621,-122.675611,7208.590231,191619.57142857142,4024011.0,26.58211457276707,Pacific,9
30053,MT,48.552385,-115.463185,9356.484224,19108.666666666668,401282.0,2.0422913360610044,Mountain,2
25005,MA,41.748588,-71.088894,1432.553462,539519.7619047619,11329915.0,376.61405051615577,NewEngland,2
48455,TX,31.096675,-95.151687,1796.920726,13883.714285714286,291558.0,7.726392202409427,WSCentral,1
48183,TX,32.486401,-94.816277,708.05215,116849.23809523809,2453834.0,165.02914099651855,WSCentral,1
48275,TX,33.61189,-99.730356,2203.098614,3954.714285714286,83049.0,1.7950691179157021,WSCentral,0
51570,VA,37.261685,-77.396804,19.47536,17081.428571428572,358710.0,877.0789639538665,SAtlantic,0
49051,UT,40.334884,-111.161568,3048.452823,19622.571428571428,412074.0,6.436895227809607,Mountain,0
05123,AR,35.022838,-90.751506,1644.082981,28257.285714285714,593403.0,17.18726246840561,WSCentral,0
51011,VA,37.370725,-78.81094,865.635017,14177.380952380952,297725.0,16.37801229612336,SAtlantic,0
48479,TX,27.760799,-99.340752,8706.187279,222745.38095238095,4677653.0,25.58472197004768,WSCentral,1
19167,IA,43.082646,-96.17801,1988.888495,32801.0,688821.0,16.492126171205992,WNCentral,0
45027,SC,33.664682,-80.217889,1572.656992,33153.142857142855,696216.0,21.080975079620448,SAtlantic,1
20139,KS,38.650215,-95.708255,1827.253334,16566.285714285714,347892.0,9.066222732247434,WNCentral,0
28051,MS,33.125942,-90.091197,1959.77683,20158.714285714286,423333.0,10.286229522222836,ESCentral,0
37075,NC,35.348364,-83.830915,756.189029,8295.47619047619,174205.0,10.970109155704494,SAtlantic,0
28011,MS,33.799139,-90.88412,2270.141682,37016.42857142857,777345.0,16.30577900266428,ESCentral,1
29119,MO,36.627955,-94.343716,1397.155452,21858.95238095238,459038.0,15.645325901038234,WNCentral,1
23029,ME,44.967009,-67.609354,6637.440977,33671.90476190476,707110.0,5.073025112928964,NewEngland,0
38017,ND,46.927003,-97.252375,4571.159457,137295.19047619047,2883199.0,30.035091045871273,WNCentral,3
34019,NJ,40.565283,-74.911969,1108.086284,125293.76190476191,2631169.0,113.07220720436416,MidAtlantic,3
05019,AR,34.053316,-93.176208,2242.855171,22717.238095238095,477062.0,10.128713788108476,WSCentral,0
51163,VA,37.814517,-79.447754,1545.040113,21236.04761904762,445957.0,13.744657786142293,SAtlantic,0
37009,NC,36.443469,-81.499334,1104.018852,25635.14285714286,538338.0,23.21984159120397,SAtlantic,2
39043,OH,41.394143,-82.586835,650.833148,77752.09523809524,1632794.0,119.46548124819117,ENCentral,0
29137,MO,39.49827,-92.006458,1677.352687,9025.42857142857,189533.99999999997,5.380757810434515,WNCentral,2
48139,TX,32.346878,-96.79694,2423.575726,129995.14285714286,2729898.0,53.63774750776773,WSCentral,0
36047,NY,40.635045,-73.95064,179.684485,2447028.1904761903,51387592.0,13618.472348773965,MidAtlantic,23
26041,MI,45.805229,-86.901938,3033.137846,37827.666666666664,794381.0,12.47146308122874,ENCentral,1
33007,NH,44.652548,-71.289431,4647.923092,33088.619047619046,694861.0,7.119011737644958,NewEngland,0
34035,NJ,40.565527,-74.619938,781.82919,307439.38095238095,6456227.0,393.23088071498194,MidAtlantic,4
48197,TX,34.289904,-99.745697,1800.337387,4377.619047619048,91930.0,2.431554818129791,WSCentral,0
42129,PA,40.311068,-79.466688,2661.762744,367116.6666666667,7709450.0,137.9223852667564,MidAtlantic,5
29029,MO,38.026527,-92.765327,1699.124111,39785.09523809524,835487.0,23.41506131337291,WNCentral,0
51197,VA,36.899867,-81.083001,1196.450502,28075.95238095238,589595.0,23.466037528523167,SAtlantic,0
38043,ND,46.938273,-99.731198,3499.233947,2608.0,54768.0,0.7453059839671246,WNCentral,0
38091,ND,47.451062,-97.71892,1844.441513,2079.2380952380954,43664.0,1.1272995541377708,WNCentral,0
38097,ND,47.446215,-97.164754,2232.235426,8307.285714285714,174453.0,3.721509665838317,WNCentral,0
37077,NC,36.299884,-78.657634,1377.85021,52424.142857142855,1100907.0,38.04778086664649,SAtlantic,0
51590,VA,36.583334,-79.408071,110.844523,46303.47619047619,972373.0,417.73355089882244,SAtlantic,1
05083,AR,35.218654,-93.72091,1836.602033,22078.0,463638.0,12.021112687072803,WSCentral,0
42005,PA,40.81238,-79.464129,1692.093647,70681.0,1484301.0,41.77132874726762,MidAtlantic,0
37115,NC,35.864206,-82.712631,1164.498325,19991.190476190477,419815.0,17.167212736171585,SAtlantic,0
20013,KS,39.825931,-95.569905,1478.550072,10314.333333333334,216601.0,6.975978378183282,WNCentral,0
48205,TX,35.840244,-102.610047,3786.435508,5690.9047619047615,119508.99999999999,1.5029715282040297,WSCentral,0
27005,MN,46.937629,-95.741757,3405.986095,31415.85714285714,659733.0,9.223718555097959,WNCentral,0
47143,TN,35.60059,-84.949548,817.071273,30013.571428571428,630285.0,36.733113034768785,ESCentral,0
12001,FL,29.67574,-82.357221,2267.88314,230101.2857142857,4832127.0,101.46082117541812,SAtlantic,1
39165,OH,39.425663,-84.16994,1039.691291,186308.47619047618,3912478.0,179.1959573031339,ENCentral,1
22013,LA,32.340952,-93.041151,2101.370397,14919.714285714286,313314.0,7.099992608163826,WSCentral,0
31159,NE,40.871944,-97.140383,1479.995692,16605.95238095238,348725.0,11.220270755323511,WNCentral,1
40017,OK,35.543354,-97.979889,2322.112746,102806.52380952382,2158937.0,44.27283902843011,WSCentral,2
18065,IN,39.929591,-85.397363,1014.957932,48713.333333333336,1022980.0,47.99542108838195,ENCentral,0
01077,AL,34.904122,-87.650997,1730.148679,89142.04761904762,1871983.0,51.52276720551576,ESCentral,2
16017,ID,48.316796,-116.612362,4489.020248,38558.666666666664,809732.0,8.58955062273238,Mountain,2
20129,KS,37.185249,-101.809516,1889.993632,3286.6666666666665,69020.0,1.7389829314867589,WNCentral,0
24033,MD,38.829278,-76.848188,1250.057213,836548.0952380953,17567510.0,669.2078462796688,SAtlantic,3
29189,MO,38.640688,-90.446073,1315.391134,1003524.5238095238,21074015.0,762.9095999437715,WNCentral,0
36107,NY,42.178057,-76.297456,1343.600014,51442.71428571428,1080297.0,38.28722368985795,MidAtlantic,0
13253,GA,30.93396,-84.867685,615.23353,9056.52380952381,190187.0,14.720465267105663,SAtlantic,0
13315,GA,31.96272,-83.438259,978.525378,8564.238095238095,179849.0,8.752188024742363,SAtlantic,0
28001,MS,31.486224,-91.351797,1197.464268,33151.57142857143,696183.0,27.684810573881297,ESCentral,0
28023,MS,32.045374,-88.687976,1791.173034,17154.238095238095,360239.0,9.577097114358464,ESCentral,0
28033,MS,34.874922,-89.991211,1233.7302,133941.19047619047,2812765.0,108.56603046289251,ESCentral,0
46089,SD,45.784249,-99.211421,2943.956443,2633.2380952380954,55298.0,0.8944555214121065,WNCentral,0
28085,MS,31.535216,-90.453566,1518.269755,33594.80952380953,705491.0,22.127035998164587,ESCentral,0
53041,WA,46.580071,-122.377444,6223.175362,71760.66666666667,1506974.0,11.531197900167204,Pacific,7
28041,MS,31.212845,-88.634811,1845.983898,13399.333333333334,281386.0,7.258640418180579,ESCentral,0
05029,AR,35.265702,-92.689248,1429.45848,20588.380952380954,432356.00000000006,14.402923373039107,WSCentral,0
35037,NM,35.107018,-103.548071,7443.508559,9354.095238095239,196436.0,1.2566782403689365,Mountain,0
51173,VA,36.842318,-81.539786,1169.223435,32468.04761904762,681829.0,27.76889912324381,SAtlantic,0
33009,NH,43.926439,-71.842424,4425.249894,84929.28571428571,1783515.0,19.191975085844884,NewEngland,2
35041,NM,34.021207,-103.483004,6335.242832,18967.095238095237,398309.0,2.9939018505005643,Mountain,0
31165,NE,42.470668,-103.73217,5352.785007,1405.1904761904761,29509.0,0.26251576970733287,WNCentral,0
38063,ND,47.918667,-98.204428,2542.889235,3382.9523809523807,71042.0,1.3303577420478485,WNCentral,0
37023,NC,35.746182,-81.70618,1311.146879,87893.09523809524,1845755.0,67.03527777538586,SAtlantic,3
37111,NC,35.682271,-82.048044,1139.476689,42972.0,902412.0,37.71204835942019,SAtlantic,0
33013,NH,43.299579,-71.680041,2416.19773,140641.85714285713,2953478.9999999995,58.207925368283966,NewEngland,3
39087,OH,38.603866,-82.517186,1174.282178,62687.23809523809,1316432.0,53.38345354266127,ENCentral,0
05045,AR,35.146548,-92.336928,1676.360343,98714.61904761905,2073007.0,58.88627672434688,WSCentral,0
40009,OK,35.270601,-99.690057,2335.328724,20961.333333333332,440188.0,8.975752799987113,WSCentral,1
37141,NC,34.512556,-77.888106,2256.645359,46349.666666666664,973343.0,20.539189501714993,SAtlantic,1
20015,KS,37.773649,-96.83884,3702.922899,62974.57142857143,1322466.0,17.00671959591115,WNCentral,1
18129,IN,38.027614,-87.868653,1060.302147,26252.285714285714,551298.0,24.759249793621056,ENCentral,0
08029,CO,38.861595,-107.864892,2958.090989,28871.571428571428,606303.0,9.76020397477078,Mountain,0
29219,MO,38.761902,-91.159306,1110.098263,28714.904761904763,603013.0,25.866993687841454,WNCentral,0
08033,CO,37.733823,-108.506219,2763.958508,1904.3809523809523,39992.0,0.689004898904565,Mountain,0
48229,TX,31.450868,-105.377549,11837.605339,3345.8571428571427,70263.0,0.28264645146040906,WSCentral,0
01021,AL,32.854051,-86.726607,1794.438835,40978.0,860538.0,22.836108537519475,ESCentral,0
29183,MO,38.781102,-90.674915,1451.692101,323415.04761904763,6791716.0,222.78487800289244,WNCentral,6
20071,KS,38.480404,-101.80597,2016.057907,1416.2857142857142,29742.0,0.7025024972587329,WNCentral,0
17137,IL,39.717668,-90.205005,1473.567808,35759.04761904762,750940.0,24.266984813940518,ENCentral,1
19025,IA,42.38617,-94.643683,1475.894578,10485.095238095239,220187.0,7.104230474444659,WNCentral,0
12055,FL,27.34108,-81.342353,2635.726544,90805.04761904762,1906906.0,34.45161935548941,SAtlantic,3
29035,MO,36.944858,-90.945705,1314.05244,6152.809523809524,129209.0,4.682316577723126,WNCentral,0
37143,NC,36.180897,-76.403244,640.17398,12313.42857142857,258581.99999999997,19.234503363333463,SAtlantic,1
51650,VA,37.047961,-76.297293,133.282615,139194.19047619047,2923078.0,1044.3536876597932,SAtlantic,2
09001,CT,41.227413,-73.367061,1618.664029,892880.9047619047,18750499.0,551.6159553588898,NewEngland,10
36089,NY,44.488112,-75.074311,6939.914687,112167.57142857143,2355519.0,16.162672956007107,MidAtlantic,1
29093,MO,37.625971,-90.699587,1425.174278,10652.57142857143,223704.00000000003,7.474574578710878,WNCentral,0
30029,MT,48.295422,-114.052059,13175.844498,82959.57142857143,1742151.0000000002,6.296338078455928,Mountain,5
08031,CO,39.76185,-104.881105,396.463432,569362.5714285715,11956614.000000002,1436.1036238736174,Mountain,13
34027,NJ,40.858896,-74.547292,1193.911893,479356.04761904763,10066477.0,401.5003539453373,MidAtlantic,1
51740,VA,36.859339,-76.356973,86.248205,97831.47619047618,2054460.9999999998,1134.30159144154,SAtlantic,0
40031,OK,34.662625,-98.476586,2769.531008,116821.33333333333,2453248.0,42.180908246156505,WSCentral,1
27111,MN,46.405727,-95.714581,5106.508612,56675.80952380953,1190192.0,11.098739634086714,WNCentral,0
54109,WV,37.60366,-81.549032,1293.620955,24839.380952380954,521627.00000000006,19.201436755004448,SAtlantic,0
35049,NM,35.514531,-105.963972,4947.861287,135830.38095238095,2852438.0,27.45234214816438,Mountain,5
06111,CA,34.358748,-119.133145,4767.622152,786985.2380952381,16526690.0,165.06870993648283,Pacific,20
13103,GA,32.361688,-81.343355,1240.161595,45232.0,949872.0,36.472666289912,SAtlantic,0
21223,KY,38.62004,-85.351208,392.766463,8425.47619047619,176935.0,21.4516181603728,ESCentral,0
31135,NE,40.857646,-101.627468,2287.7688,3067.6666666666665,64421.0,1.3408988996906797,WNCentral,0
34005,NJ,39.875786,-74.663006,2070.157273,438605.7619047619,9210721.0,211.87074413392259,MidAtlantic,2
45013,SC,32.358112,-80.689422,1491.928837,140815.66666666666,2957129.0,94.38497545889761,SAtlantic,1
48337,TX,33.678356,-97.725014,2411.034611,19219.571428571428,403611.0,7.97150374402959,WSCentral,0
51099,VA,38.27718,-77.162636,465.234037,20600.714285714286,432615.0,44.28032484156847,SAtlantic,1
01079,AL,34.529776,-87.321865,1788.864348,33956.76190476191,713092.0000000001,18.982301225202743,ESCentral,1
26109,MI,45.535568,-87.501457,2704.053652,24386.95238095238,512126.0,9.01866439037371,ENCentral,0
39083,OH,40.40362,-82.422393,1361.036418,57583.666666666664,1209257.0,42.30868910273837,ENCentral,0
37191,NC,35.35419,-78.00867,1434.651139,117646.66666666667,2470580.0,82.00367564526547,SAtlantic,0
36081,NY,40.654658,-73.841209,281.59405,2171877.9523809524,45609437.0,7712.797739799376,MidAtlantic,2
42119,PA,40.962179,-77.055475,818.313044,43290.857142857145,909108.0,52.90256272984101,MidAtlantic,0
37045,NC,35.33463,-81.557114,1202.400603,96006.14285714286,2016129.0,79.84538814901347,SAtlantic,0
37071,NC,35.293344,-81.177256,921.392674,196477.61904761905,4126030.0,213.23983204105554,SAtlantic,3
47063,TN,36.218397,-83.266071,417.475125,59293.71428571428,1245168.0,142.02933476746497,ESCentral,0
48023,TX,33.618802,-99.208189,2246.764583,3883.190476190476,81547.0,1.7283477341473101,WSCentral,0
47071,TN,35.201893,-88.185696,1495.676918,25573.0,537033.0,17.097943875603757,ESCentral,1
47077,TN,35.653994,-88.387674,1346.816753,26381.04761904762,554002.0,19.587703791391448,ESCentral,0
46081,SD,44.348514,-103.806362,2072.127354,23086.333333333332,484813.0,11.141367970828558,WNCentral,1
42029,PA,39.974029,-75.749751,1943.905797,466327.3333333333,9792874.0,239.89194026429118,MidAtlantic,7
45033,SC,34.390172,-79.374964,1049.117525,30940.809523809523,649757.0,29.49222445198361,SAtlantic,2
13157,GA,34.130905,-83.562557,879.711015,50379.09523809524,1057961.0,57.2677781442753,SAtlantic,0
51840,VA,39.173869,-78.176356,23.8095,24996.380952380954,524924.0,1049.8490498490498,SAtlantic,2
05131,AR,35.196981,-94.274989,1375.754631,118465.19047619047,2487769.0,86.10924347031361,WSCentral,1
40039,OK,35.645601,-98.997386,2560.924936,26756.714285714286,561891.0,10.44806659874481,WSCentral,0
06087,CA,37.012347,-122.007789,1152.823584,254757.7619047619,5349913.0,220.985904036434,Pacific,5
37169,NC,36.393797,-80.269921,1163.797562,45405.47619047619,953515.0,39.01492636953659,SAtlantic,1
05135,AR,36.173399,-91.471069,1565.96986,17102.904761904763,359161.0,10.921605325088928,WSCentral,0
18141,IN,41.617723,-86.288048,1185.636242,264236.90476190473,5548974.999999999,222.8650705853716,ENCentral,1
48273,TX,27.438735,-97.66062,2282.572444,31243.285714285714,656109.0,13.687752078323834,WSCentral,0
20091,KS,38.883907,-94.82233,1226.69471,498445.14285714284,10467348.0,406.33185974784453,WNCentral,9
16031,ID,42.282313,-113.626328,6644.897877,22030.238095238095,462635.0,3.315361425115562,Mountain,0
51077,VA,36.652229,-81.215324,1144.218746,16068.57142857143,337440.0,14.043268810919681,SAtlantic,0
20041,KS,38.867735,-97.157943,2193.89536,19500.571428571428,409512.0,8.888560404526963,WNCentral,0
09011,CT,41.472652,-72.108634,1722.511318,264806.2380952381,5560931.0,153.73265494864987,NewEngland,4
40065,OK,34.594006,-99.412235,2078.860507,27252.904761904763,572311.0,13.109539899448754,WSCentral,0
29223,MO,37.111074,-90.453931,1966.281377,13290.57142857143,279102.0,6.759241878621236,WNCentral,0
22073,LA,32.480932,-92.151581,1580.795917,150626.09523809524,3163148.0,95.28497234731613,WSCentral,1
40075,OK,34.921489,-98.981617,2629.039886,9913.904761904761,208192.0,3.7709221585787542,WSCentral,1
48383,TX,31.375191,-101.514395,3044.04912,3546.6190476190477,74479.0,1.1650991517571332,WSCentral,0
29203,MO,37.152498,-91.391328,2599.881424,8289.857142857143,174087.0,3.1885520110001533,WNCentral,1
30047,MT,47.642901,-114.083687,3860.292622,27503.809523809523,577580.0,7.124799132341404,Mountain,2
48431,TX,31.835773,-101.054911,2391.72277,1272.8095238095239,26729.0,0.5321726831281218,WSCentral,0
29187,MO,37.810707,-90.473868,1170.380017,60655.28571428572,1273761.0,51.825291643103746,WNCentral,1
08055,CO,37.687815,-104.959928,4120.75629,6906.857142857143,145044.0,1.676113959861757,Mountain,0
08065,CO,39.205341,-106.350079,976.215864,7168.619047619048,150541.0,7.343272437968748,Mountain,0
36011,NY,43.008546,-76.574587,1791.190744,80840.23809523809,1697645.0,45.13212139244847,MidAtlantic,0
48253,TX,32.743709,-99.87443,2405.076785,19829.571428571428,416421.0,8.244880808897511,WSCentral,1
08117,CO,39.621023,-106.137555,1575.563237,24835.04761904762,521536.0,15.762647309755437,Mountain,2
04013,AZ,33.345176,-112.49893,23832.530727,3436145.1428571427,72159048.0,144.1787774121829,Mountain,72
08049,CO,40.113065,-106.110837,4782.255548,13003.52380952381,273074.0,2.7191193943958196,Mountain,0
16037,ID,44.273351,-114.252267,12748.378765,4214.857142857143,88512.0,0.3306190709071816,Mountain,1
17037,IL,41.894612,-88.768991,1635.1542,96540.23809523809,2027345.0,59.0404489651423,ENCentral,2
37183,NC,35.789846,-78.650624,2161.570492,762395.0,16010295.0,352.70420410605794,SAtlantic,9
24510,MD,39.300032,-76.610476,209.649327,633792.6666666666,13309646.0,3023.1085200033417,SAtlantic,4
27015,MN,44.246541,-94.733647,1582.765944,26332.666666666668,552986.0,16.637119825890483,WNCentral,0
19047,IA,42.043119,-95.38909,1849.765416,16896.380952380954,354824.00000000006,9.134337146879037,WNCentral,0
36093,NY,42.817552,-74.043559,529.862599,150447.80952380953,3159404.0,283.93740152210574,MidAtlantic,1
35051,NM,33.119468,-107.188161,10829.279105,11817.809523809523,248173.99999999997,1.0912831232092917,Mountain,0
42041,PA,40.164805,-77.263442,1412.785599,224491.85714285713,4714329.0,158.90015958667564,MidAtlantic,5
51049,VA,37.520189,-78.252836,770.454314,9172.857142857143,192630.0,11.905776859414333,SAtlantic,0
51023,VA,37.565482,-79.797546,1401.898974,31365.761904761905,658681.0,22.373767644088385,SAtlantic,0
42031,PA,41.198159,-79.420369,1556.156259,40672.71428571428,854126.9999999999,26.13665179861239,MidAtlantic,1
45037,SC,33.776498,-81.968245,1296.833562,24635.14285714286,517338.00000000006,18.996379781496476,SAtlantic,0
45043,SC,33.417531,-79.296333,2107.246447,57889.80952380953,1215686.0,27.471779395440368,SAtlantic,2
49001,UT,38.357535,-113.238948,6689.68185,6175.857142857143,129693.0,0.9231914583287908,Mountain,0
30009,MT,45.224468,-109.028554,5303.728455,9827.0,206367.0,1.8528474983925245,Mountain,0
51087,VA,37.43752,-77.300333,605.215393,282837.85714285716,5939595.0,467.3342092983699,SAtlantic,0
56035,WY,42.767928,-109.91617,12655.92903,7888.523809523809,165659.0,0.6233065775593883,Mountain,0
48245,TX,29.854,-94.149331,2270.802077,248927.47619047618,5227477.0,109.62094790724299,WSCentral,0
53005,WA,46.228125,-119.516659,4403.309851,159149.2857142857,3342135.0,36.14310396034079,Pacific,9
53077,WA,46.456558,-120.740145,11122.734368,230796.09523809524,4846718.0,20.749942199653116,Pacific,9
27083,MN,44.409195,-95.847268,1850.31511,25277.761904761905,530833.0,13.661328153322978,WNCentral,0
45049,SC,32.778334,-81.143822,1450.327687,20515.333333333332,430822.0,14.145309034104741,SAtlantic,0
18167,IN,39.429143,-87.390375,1045.344987,106503.33333333333,2236570.0,101.88343050171756,ENCentral,0
13025,GA,31.197334,-81.982978,1147.972258,16221.190476190477,340645.0,14.130298326591161,SAtlantic,0
17109,IL,40.455808,-90.678954,1526.339603,33251.619047619046,698284.0,21.78520362196161,ENCentral,0
12081,FL,27.475556,-82.393144,1923.744062,295120.61904761905,6197533.0,153.4095022706919,SAtlantic,5
18173,IN,38.097728,-87.272049,996.739079,55927.19047619047,1174471.0,56.11016127941993,ENCentral,1
17113,IL,40.494559,-88.844539,3064.597287,159345.42857142858,3346254.0,51.99555231852836,ENCentral,4
01041,AL,31.730311,-86.320038,1576.952763,13773.380952380952,289241.0,8.734174716925844,ESCentral,0
12099,FL,26.649126,-80.448354,5087.510105,1223411.3333333333,25691638.0,240.47349451570932,SAtlantic,20
20109,KS,38.91327,-101.157402,2779.039723,2890.7619047619046,60706.0,1.0402017217808242,WNCentral,0
06075,CA,37.727239,-123.032229,121.507089,784084.7142857143,16465779.0,6452.995629627127,Pacific,7
01081,AL,32.604064,-85.353048,1573.528082,125768.71428571429,2641143.0,79.92784858714347,ESCentral,0
13151,GA,33.452947,-84.154021,825.449018,161367.04761904763,3388708.0000000005,195.49002312708262,SAtlantic,1
17125,IL,40.236993,-89.913575,1396.914848,15436.619047619048,324169.0,11.050508246597898,ENCentral,0
08081,CO,40.610864,-108.217154,12284.943821,13023.666666666666,273497.0,1.0601323747532232,Mountain,0
08035,CO,39.325414,-104.925987,2176.225539,229573.09523809524,4821035.0,105.49140754206324,Mountain,8
48259,TX,29.943525,-98.709269,1715.747612,28532.333333333332,599179.0,16.62967975812828,WSCentral,1
40083,OK,35.914277,-97.450952,1926.268079,37155.23809523809,780259.9999999999,19.288716093206926,WSCentral,1
29213,MO,36.649827,-93.042819,1637.731194,44566.142857142855,935889.0,27.212123100796756,WNCentral,1
40051,OK,35.021058,-97.88689,2850.386659,49252.95238095238,1034312.0,17.279393385258047,WSCentral,0
40001,OK,35.898043,-94.651026,1486.337779,21592.904761904763,453451.0,14.527589264690798,WSCentral,0
42127,PA,41.646602,-75.292493,1879.73403,49571.666666666664,1041005.0,26.371638686919265,MidAtlantic,0
48379,TX,32.870457,-95.795613,594.281632,10058.095238095239,211220.0,16.9247957475072,WSCentral,1
42089,PA,41.05624,-75.329065,1575.636945,152319.66666666666,3198713.0,96.67180447248694,MidAtlantic,1
36041,NY,43.657879,-74.502456,4447.989312,5034.285714285715,105720.00000000001,1.1318115582481227,MidAtlantic,1
05087,AR,36.012545,-93.724053,2160.639839,14639.142857142857,307422.0,6.775373939193045,WSCentral,0
42103,PA,41.325949,-75.031514,1411.272636,50534.90476190476,1061233.0,35.80803841356757,MidAtlantic,0
36113,NY,43.555105,-73.838139,2246.082354,64067.142857142855,1345410.0,28.52395093307556,MidAtlantic,0
31067,NE,40.255234,-96.683453,2205.273758,22545.238095238095,473450.0,10.223328515768833,WNCentral,0
31073,NE,40.509095,-99.823206,1186.616217,2112.5714285714284,44364.0,1.780332510466127,WNCentral,0
48063,TX,32.974581,-94.979085,507.242364,11809.142857142857,247992.0,23.2810658084995,WSCentral,0
01119,AL,32.597481,-88.200057,2340.898913,14399.0,302379.0,6.151055870049011,ESCentral,0
51125,VA,37.789079,-78.88344,1219.224542,14558.809523809523,305735.0,11.941040409117292,SAtlantic,0
47033,TN,35.818795,-89.132494,687.71487,14366.142857142857,301689.0,20.889678969923764,ESCentral,1
36123,NY,42.638237,-77.104324,875.777224,24900.761904761905,522916.0,28.432758037518802,MidAtlantic,0
10005,DE,38.673227,-75.337024,2424.633517,174277.52380952382,3659828.0,71.8778828171762,SAtlantic,4
21163,KY,37.967476,-86.200863,791.09371,28763.52380952381,604034.0,36.35918658678731,ESCentral,0
31033,NE,41.214236,-103.011929,3097.646971,9907.714285714286,208062.0,3.198464634114139,WNCentral,0
40113,OK,36.624299,-96.408112,5818.687717,45695.47619047619,959605.0,7.853227121464403,WSCentral,0
05033,AR,35.583011,-94.236219,1541.738667,56863.76190476191,1194139.0,36.88287977845853,WSCentral,0
09003,CT,41.806053,-72.732916,1903.467948,870928.380952381,18289496.0,457.54822500030923,NewEngland,16
16027,ID,43.625796,-116.709058,1520.451453,160929.95238095237,3379528.9999999995,105.84353223736396,Mountain,0
18003,IN,41.091909,-85.071791,1702.400299,341042.4761904762,7161892.0,200.33036671269772,ENCentral,5
22035,LA,32.73017,-91.234141,1090.092484,8357.333333333334,175504.0,7.666627791677659,WSCentral,0
49017,UT,37.831664,-111.450908,13403.572593,4709.714285714285,98903.99999999999,0.3513775340892269,Mountain,0
48251,TX,32.379821,-97.364959,1877.175836,137828.04761904763,2894389.0000000005,73.42308854387343,WSCentral,3
30037,MT,46.380624,-109.174586,3041.740576,946.3809523809524,19874.0,0.31113138307984106,Mountain,0
30043,MT,46.124232,-112.059428,4291.603025,10671.904761904761,224110.0,2.486694295753219,Mountain,0
30059,MT,46.5857,-110.92174,6194.909925,1870.2380952380952,39275.0,0.3018991588062671,Mountain,0
29009,MO,36.699376,-93.834334,2015.326677,34518.666666666664,724892.0,17.128075096019117,WNCentral,0
51033,VA,38.028033,-77.353736,1365.863858,25400.04761904762,533401.0,18.596324567984592,SAtlantic,0
55099,WI,45.679072,-90.35965,3247.98787,14864.047619047618,312145.0,4.576386431839605,ENCentral,0
47171,TN,36.100129,-82.418218,481.902934,17828.04761904762,374389.0,36.99510079979637,ESCentral,1
56015,WY,42.089455,-104.35354,5764.31095,12890.047619047618,270691.0,2.236181866463609,Mountain,0
48043,TX,29.808997,-103.252458,16015.871248,9005.714285714286,189120.0,0.5622993683118479,WSCentral,0
55105,WI,42.66988,-89.075284,1860.044984,156106.57142857142,3278238.0,83.92623445744117,ENCentral,2
51057,VA,37.936389,-76.933747,666.494453,10329.952380952382,216929.0,15.49893226336031,SAtlantic,0
01101,AL,32.202881,-86.204461,2034.045843,224110.85714285713,4706328.0,110.17984570707492,ESCentral,0
17133,IL,38.277983,-90.179078,997.990371,30288.04761904762,636049.0,30.349037925785378,ENCentral,0
08097,CO,39.217541,-106.916162,2514.104905,15599.666666666666,327593.0,6.2048590874797505,Mountain,1
13045,GA,33.582237,-85.080527,1292.752874,99435.0,2088135.0,76.91725309596953,SAtlantic,1
06035,CA,40.715287,-120.621223,11762.017378,33391.142857142855,701214.0,2.8388958954948125,Pacific,2
17157,IL,38.056515,-89.82121,1490.194098,33562.04761904762,704803.0,22.521930306992545,ENCentral,1
51081,VA,36.680336,-77.560277,764.634552,11669.47619047619,245059.0,15.261507814358081,SAtlantic,0
13059,GA,33.952185,-83.367152,308.784927,107988.52380952382,2267759.0,349.7208392219346,SAtlantic,3
19149,IA,42.737585,-96.215864,2234.715257,24838.190476190477,521602.0,11.114700362109927,WNCentral,0
19157,IA,41.684642,-92.522934,1514.945164,18884.333333333332,396571.0,12.465357679001333,WNCentral,0
17179,IL,40.508074,-89.51626,1674.347384,131769.14285714287,2767152.0000000005,78.69880773627014,ENCentral,0
48391,TX,28.322116,-97.162472,1995.545557,7569.619047619048,158962.0,3.793257949469629,WSCentral,0
13091,GA,32.164369,-83.167866,1284.538002,20166.47619047619,423496.0,15.699400219438733,SAtlantic,0
48393,TX,35.838596,-100.836682,2393.298442,905.5714285714286,19017.0,0.3783779793942759,WSCentral,0
22095,LA,30.144068,-90.49096,555.484721,44262.52380952381,929513.0,79.68270257702336,WSCentral,1
22099,LA,30.121433,-91.611481,1910.038833,50187.380952380954,1053935.0,26.275581462160225,WSCentral,0
36033,NY,44.594376,-74.31067,4219.857155,50782.47619047619,1066432.0,12.034169481378143,MidAtlantic,1
36053,NY,42.910026,-75.663575,1696.054036,71667.38095238095,1505015.0,42.255364175425925,MidAtlantic,0
47127,TN,35.288888,-86.358684,334.68485,5903.428571428572,123972.0,17.638768445684267,ESCentral,0
48313,TX,30.966878,-95.930372,1207.103457,13048.761904761905,274024.0,10.809978075277689,WSCentral,0
40005,OK,34.392469,-96.036558,2526.392908,13841.809523809523,290678.0,5.478882354355281,WSCentral,0
48051,TX,30.493487,-96.622091,1707.015709,16663.238095238095,349928.0,9.761619654337988,WSCentral,0
48471,TX,30.743163,-95.569825,2031.126325,63415.09523809524,1331717.0,31.22164015972529,WSCentral,2
01073,AL,33.553444,-86.896536,2878.852142,658679.2857142857,13832265.0,228.7992759700007,ESCentral,11
40069,OK,34.313455,-96.654254,1665.488606,10638.0,223398.0,6.38731478658942,WSCentral,0
48185,TX,30.543231,-95.988082,2039.528342,25113.619047619046,527386.0,12.31344450109095,WSCentral,0
40099,OK,34.485766,-97.071557,1078.405801,12973.142857142857,272436.0,12.029926809660083,WSCentral,0
40121,OK,34.92554,-95.74813,3381.286065,44416.52380952381,932747.0,13.135985230378257,WSCentral,1
25023,MA,41.987196,-70.741942,1705.512311,484321.6666666667,10170755.0,283.97430117798,NewEngland,7
28055,MS,32.755539,-91.003535,1069.614257,1647.047619047619,34588.0,1.5398519683789322,ESCentral,0
35003,NM,33.901621,-108.391928,17933.561654,3376.714285714286,70911.0,0.18829022092001033,Mountain,0
40013,OK,33.964004,-96.265135,2342.004162,39112.76190476191,821368.0000000001,16.700551834784445,WSCentral,0
47183,TN,36.303596,-88.721194,1503.107797,34024.666666666664,714518.0,22.636211943398408,ESCentral,0
50007,VT,44.463329,-73.06941,1391.556759,151368.04761904763,3178729.0000000005,108.77605001740905,NewEngland,9
53063,WA,47.620375,-117.403371,4569.307859,443347.7619047619,9310303.0,97.02733446412807,Pacific,15
37199,NC,35.889326,-82.303954,809.610024,17440.380952380954,366248.00000000006,21.54170580326332,SAtlantic,0
12067,FL,29.990066,-83.17851,1407.256302,7742.714285714285,162597.0,5.501992973639769,SAtlantic,0
17173,IL,39.384926,-88.798862,1964.53271,22434.571428571428,471126.0,11.419800400560105,ENCentral,0
37041,NC,36.128979,-76.602752,447.179939,14532.666666666666,305186.0,32.49847633855209,SAtlantic,0
21113,KY,37.873291,-84.58396,445.910433,43487.57142857143,913239.0,97.52535085576575,ESCentral,2
55107,WI,45.472734,-91.136745,2366.092262,14927.380952380952,313475.0,6.308875267510998,ENCentral,0
56023,WY,42.229993,-110.682961,10555.073813,16151.714285714286,339186.0,1.5302322439300486,Mountain,0
55119,WI,45.211656,-90.504853,2525.374187,20055.380952380954,421163.00000000006,7.941548248818366,ENCentral,0
45071,SC,34.289881,-81.599676,1632.452022,36301.04761904762,762322.0,22.23712986956478,SAtlantic,0
45083,SC,34.932014,-81.991624,2093.676309,267917.5238095238,5626268.0,127.96511220852898,SAtlantic,2
45085,SC,33.91614,-80.382376,1722.544862,107651.90476190476,2260690.0,62.495849679591544,SAtlantic,0
30061,MT,47.129687,-115.085385,3158.799812,4012.5714285714284,84264.0,1.2702835467217726,Mountain,0
27101,MN,44.015594,-95.761581,1825.079943,8973.42857142857,188441.99999999997,4.916731788021502,WNCentral,0
45089,SC,33.626462,-79.716474,2419.477521,35376.76190476191,742912.0000000001,14.621653475887744,SAtlantic,0
30069,MT,47.141917,-108.226575,4288.047861,498.76190476190476,10474.0,0.11631444445808735,Mountain,0
30093,MT,45.896232,-112.660071,1859.568271,34114.52380952381,716405.0,18.345400027275367,Mountain,3
41003,OR,44.493882,-123.424664,1748.712468,81874.19047619047,1719358.0,46.819698477834876,Pacific,6
29201,MO,37.047793,-89.568098,1087.808789,39700.95238095238,833720.0,36.49625998834652,WNCentral,0
08039,CO,39.315157,-104.114076,4793.643992,21323.428571428572,447792.0,4.4482712122583035,Mountain,0
39145,OH,38.814889,-82.998675,1580.267231,79110.52380952382,1661321.0000000002,50.0614847018389,ENCentral,0
48403,TX,31.3433,-93.851913,1273.523415,10525.333333333334,221032.0,8.264734836723306,WSCentral,0
13099,GA,31.324191,-84.906723,1327.626625,11527.142857142857,242070.0,8.682518593767172,SAtlantic,0
48427,TX,26.530903,-98.740235,3168.019235,58059.0,1219239.0,18.32659327272045,WSCentral,0
13119,GA,34.375266,-83.227532,676.893233,20961.14285714286,440184.00000000006,30.96668992278559,SAtlantic,0
48451,TX,31.398823,-100.463788,3941.965406,107140.76190476191,2249956.0,27.17952870456061,WSCentral,3
06105,CA,40.647858,-123.114666,8234.26508,13330.619047619048,279943.0,1.6189203187054855,Pacific,0
08067,CO,37.287367,-107.839718,4376.255276,47260.619047619046,992473.0,10.799328665035365,Mountain,1
13145,GA,32.731549,-84.912432,1201.240346,27691.809523809523,581528.0,23.05268018679213,SAtlantic,0
17015,IL,42.0709,-89.924189,1153.597401,15936.238095238095,334661.0,13.814384534347694,ENCentral,0
17001,IL,39.986052,-91.194961,2214.826188,67270.47619047618,1412679.9999999998,30.372801511445818,ENCentral,0
48463,TX,29.350308,-99.768427,4019.455745,26162.714285714286,549417.0,6.5090191173915475,WSCentral,1
40061,OK,35.232431,-95.109642,1493.711222,12157.095238095239,255299.0,8.138852449550145,WSCentral,0
49047,UT,40.125887,-109.517748,11609.319393,29465.095238095237,618767.0,2.5380553536895216,Mountain,1
48323,TX,28.729787,-100.316678,3313.818748,50949.23809523809,1069934.0,15.374781172322008,WSCentral,0
12123,FL,29.967146,-83.639573,2702.224058,20720.428571428572,435129.0,7.66791654825411,SAtlantic,0
53009,WA,48.110903,-123.88986,4503.318282,68087.09523809524,1429829.0,15.119316684819488,Pacific,2
53019,WA,48.473256,-118.533589,5706.368585,7414.952380952381,155714.0,1.2994170058421455,Pacific,1
53051,WA,48.543825,-117.232191,3626.617235,12267.619047619048,257620.0,3.382661652083349,Pacific,0
53073,WA,48.842653,-121.836432,5459.483486,183207.38095238095,3847355.0,33.557639916337855,Pacific,7
13019,GA,31.288652,-83.22787,1174.239566,17641.761904761905,370477.0,15.023988643865799,SAtlantic,0
55009,WI,44.474024,-87.99613,1372.931376,236147.85714285713,4959105.0,172.00266617175564,ENCentral,1
13047,GA,34.900212,-85.139385,419.998923,58567.0,1229907.0,139.445595673587,SAtlantic,0
56041,WY,41.284726,-110.558947,5391.631765,20263.571428571428,425535.0,3.7583374220979326,Mountain,0
13065,GA,30.917653,-82.702614,2110.829175,6773.9047619047615,142252.0,3.209120303117263,SAtlantic,0
23021,ME,45.915639,-69.102231,10258.805117,17588.714285714286,369363.0,1.7144993091415488,NewEngland,0
28107,MS,34.365205,-89.963065,1774.595233,34196.52380952381,718127.0,19.270041513474418,ESCentral,0
31163,NE,41.218743,-98.972849,1465.552766,3248.6190476190477,68221.0,2.216651029553615,WNCentral,0
29019,MO,38.989861,-92.310202,1775.575888,149142.2857142857,3131988.0,83.99657075895463,WNCentral,5
38103,ND,47.580851,-99.682213,3290.664846,4614.238095238095,96899.0,1.4022206183795891,WNCentral,0
40123,OK,34.721415,-96.69178,1865.856327,36080.04761904762,757681.0,19.33699133044107,WSCentral,1
42091,PA,40.209999,-75.370201,1250.887844,770993.7619047619,16190869.0,616.357226271648,MidAtlantic,6
48263,TX,33.18478,-100.76972,2337.482031,812.0952380952381,17054.0,0.34742309345061145,WSCentral,0
49015,UT,39.009025,-110.7211,11557.242835,10713.857142857143,224991.0,0.9270253550796091,Mountain,0
55139,WI,44.085707,-88.668149,1125.85977,160607.61904761905,3372760.0,142.65330667923152,ENCentral,1
53001,WA,47.011238,-118.512861,4985.698856,17156.809523809523,360293.0,3.4412045370855675,Pacific,0
54025,WV,37.924418,-80.45059,2641.303514,35298.23809523809,741262.9999999999,13.363946213732289,SAtlantic,3
55075,WI,45.346899,-87.991198,3624.599046,42295.52380952381,888206.0,11.669021393193793,ENCentral,0
44007,RI,41.869768,-71.578625,1060.552463,617715.2380952381,12972020.0,582.446658365111,NewEngland,9
54029,WV,40.516958,-80.570164,213.957099,31902.04761904762,669943.0,149.10488022202816,SAtlantic,0
53059,WA,46.024785,-121.953232,4294.936873,10411.0,218631.0,2.4240170013786373,Pacific,0
30107,MT,46.496967,-109.857684,3684.208396,2183.7619047619046,45859.0,0.5927357168863866,Mountain,0
29041,MO,39.517968,-92.96162,1945.541996,8129.809523809524,170726.0,4.17868621727224,WNCentral,0
50011,VT,44.858964,-72.909402,1633.443915,46528.142857142855,977091.0,28.484689575119482,NewEngland,0
27049,MN,44.406178,-92.716,1959.853272,44916.57142857143,943248.0,22.91833377033106,WNCentral,1
53075,WA,46.905944,-117.53539,5592.463291,42655.619047619046,895768.0,7.627340016029271,Pacific,0
26021,MI,41.791382,-86.742543,1470.545747,158690.42857142858,3332499.0,107.91260924399423,ENCentral,1
41025,OR,43.064449,-118.987169,26248.072905,7285.476190476191,152995.0,0.27756232683613047,Pacific,0
27153,MN,46.066569,-94.900576,2447.791802,24472.095238095237,513914.0,9.997621210308814,WNCentral,0
30075,MT,45.408926,-105.555344,8542.288822,1800.904761904762,37819.0,0.21082227485292604,Mountain,0
01057,AL,33.716157,-87.764292,1625.693254,17690.52380952381,371501.0,10.881833805975681,ESCentral,0
48465,TX,29.875285,-101.143324,8144.863966,46485.666666666664,976199.0,5.707359491910103,WSCentral,1
13183,GA,31.749563,-81.74287,1037.006567,12156.761904761905,255292.0,11.722936277955032,SAtlantic,0
39047,OH,39.555246,-83.461893,1052.469885,28622.04761904762,601063.0,27.195122660490775,ENCentral,0
13215,GA,32.510197,-84.874946,560.718761,188584.19047619047,3960268.0,336.325808217768,SAtlantic,0
13225,GA,32.571324,-83.831978,389.234765,25669.666666666668,539063.0,65.94905947485618,SAtlantic,0
48493,TX,29.173883,-98.086734,2081.66265,37782.28571428572,793428.0000000001,18.15005217790006,WSCentral,0
13237,GA,33.32106,-83.37179,892.721731,19644.85714285714,412541.99999999994,22.005577394034717,SAtlantic,0
13239,GA,31.862938,-85.004798,391.703076,2470.4285714285716,51879.0,6.306890915067952,SAtlantic,0
13243,GA,31.762651,-84.752311,1109.126227,7689.0,161469.0,6.932484159893552,SAtlantic,0
48503,TX,33.158778,-98.67839,2368.539757,17974.714285714286,377469.0,7.588943454544802,WSCentral,0
16005,ID,42.692921,-112.228982,2881.339392,78616.71428571429,1650951.0,27.284780995946726,Mountain,0
19155,IA,41.340184,-95.544905,2463.771925,89789.90476190476,1885588.0,36.44408147150421,WNCentral,0
48239,TX,28.959802,-96.58908,2148.246693,14072.285714285714,295518.0,6.550591121652765,WSCentral,1
16073,ID,42.572851,-116.18969,19860.558063,10918.761904761905,229294.0,0.5497711529618816,Mountain,1
48355,TX,27.740032,-97.516214,2173.169293,329182.6666666667,6912836.0,151.475850375301,WSCentral,2
28069,MS,32.750136,-88.625631,1984.40315,10460.0,219660.0,5.2711063273609495,ESCentral,0
50023,VT,44.274969,-72.609444,1778.229393,58424.619047619046,1226917.0,32.855501814112145,NewEngland,2
55021,WI,43.471882,-89.330472,1982.756253,54344.142857142855,1141227.0,27.408383039981693,ENCentral,2
32001,NV,39.53771,-118.264166,12820.847811,23940.238095238095,502745.0,1.8672897805321351,Mountain,0
13069,GA,31.549245,-82.84494,1533.97203,39310.19047619047,825514.0,25.626406288640396,SAtlantic,0
32013,NV,41.407914,-118.127591,24969.535443,16254.619047619048,341347.0,0.6509780321994695,Mountain,0
32015,NV,39.90021,-117.04724,14294.783161,5859.571428571428,123051.0,0.40990978055252425,Mountain,0
35061,NM,34.71684,-106.806582,2762.854193,70118.61904761905,1472491.0,25.379051571115266,Mountain,0
30067,MT,45.463081,-110.53493,7258.388273,15765.666666666666,331079.0,2.1720616304465734,Mountain,2
13271,GA,31.913641,-82.931063,1132.621093,14285.190476190477,299989.0,12.612506128022885,SAtlantic,0
13105,GA,34.116413,-82.841909,909.352136,19970.761904761905,419386.0,21.961527459107334,SAtlantic,0
47157,TN,35.184553,-89.894612,1969.826793,907623.0952380953,19060085.0,460.7628947191883,ESCentral,6
48331,TX,30.791242,-96.984395,2632.349427,24513.0,514773.0,9.3122135490715,WSCentral,0
08087,CO,40.263159,-103.81221,3316.441488,27163.04761904762,570424.0,8.190419676431095,Mountain,1
10001,DE,39.097088,-75.502982,1517.891095,145408.14285714287,3053571.0000000005,95.79616306869688,SAtlantic,2
28139,MS,34.763618,-88.918819,1185.754676,21478.904761904763,451057.0,18.114121914628456,ESCentral,0
31121,NE,41.16979,-98.031057,1261.996225,7941.285714285715,166767.0,6.292638248015135,WNCentral,0
32031,NV,40.73132,-119.663269,16358.045234,378895.95238095237,7956815.0,23.162666868864118,Mountain,12
26057,MI,43.292326,-84.60469,1472.098896,41754.42857142857,876843.0,28.36387465875022,ENCentral,1
05041,AR,33.828752,-91.244103,1919.735549,13927.904761904761,292486.0,7.255116346186264,WSCentral,0
06001,CA,37.647139,-121.912488,1910.017353,1471181.0,30894801.0,770.2448345242861,Pacific,19
06061,CA,39.062032,-120.722718,3644.306224,300609.4761904762,6312799.0,82.48743593795103,Pacific,8
20021,KS,37.169392,-94.845698,1521.791029,21850.714285714286,458865.0,14.358551121222497,WNCentral,0
19071,IA,40.74259,-95.599182,1323.918215,7574.761904761905,159070.0,5.721472685351569,WNCentral,0
50027,VT,43.572448,-72.598813,2511.727722,56870.125,1194272.625,22.641835140759735,NewEngland,0
48157,TX,29.526602,-95.771015,2231.836834,478797.6666666667,10054751.0,214.5307664846375,WSCentral,4
31169,NE,40.173845,-97.596263,1486.153254,5613.333333333333,117880.0,3.7770891516234792,WNCentral,0
16039,ID,43.394698,-115.471205,7964.417374,26117.809523809523,548474.0,3.279312007061764,Mountain,1
28049,MS,32.267788,-90.466017,2252.888818,247263.2380952381,5192528.0,109.75385741172342,ESCentral,4
16043,ID,44.218091,-111.484429,4827.633116,12470.42857142857,261878.99999999997,2.5831351040530417,Mountain,0
21151,KY,37.725511,-84.278362,1132.745819,76878.90476190476,1614457.0,67.8695109462194,ESCentral,1
42061,PA,40.422311,-77.968595,2265.337347,45556.04761904762,956677.0,20.11005013420088,MidAtlantic,0
20135,KS,38.480437,-99.908745,2783.562234,3287.6666666666665,69041.0,1.181100471370552,WNCentral,0
51141,VA,36.667138,-80.286413,1250.846155,18565.619047619046,389877.99999999994,14.842448028805785,SAtlantic,1
24009,MD,38.522719,-76.529762,552.158542,82040.09523809524,1722842.0,148.58068651973375,SAtlantic,3
48303,TX,33.611469,-101.819944,2319.597749,259815.80952380953,5456132.0,112.00899364375505,WSCentral,3
13317,GA,33.779031,-82.747921,1216.001422,10463.238095238095,219728.0,8.604626529160502,SAtlantic,0
13281,GA,34.902529,-83.732264,431.17384,9783.0,205443.0,22.68922437409468,SAtlantic,0
40085,OK,33.957804,-97.245093,1331.030675,9089.57142857143,190881.00000000003,6.828972163674162,WSCentral,0
25015,MA,42.339459,-72.663694,1365.527344,155575.66666666666,3267089.0,113.93083218014758,NewEngland,4
16015,ID,43.987275,-115.71511,4919.826443,6482.047619047619,136123.0,1.3175358306125555,Mountain,1
19017,IA,42.780895,-92.327356,1127.885578,23892.095238095237,501734.0,21.183084263264902,WNCentral,0
17091,IL,41.13951,-87.861117,1752.101352,107971.0,2267391.0,61.623718215132115,ENCentral,3
19075,IA,42.403339,-92.790244,1299.799697,12361.142857142857,259584.0,9.510036727715022,WNCentral,0
05121,AR,36.341298,-91.028441,1688.44599,17894.85714285714,375791.99999999994,10.59841845628544,WSCentral,0
08107,CO,40.483664,-106.987702,6117.6028,21118.619047619046,443490.99999999994,3.4521069343728965,Mountain,2
13093,GA,32.151995,-83.807167,1016.908646,12828.761904761905,269404.0,12.61545169787248,SAtlantic,0
48413,TX,30.896233,-100.527216,3394.546068,3120.0476190476193,65521.00000000001,0.9191354474343281,WSCentral,0
36103,NY,40.943554,-72.692218,2359.930478,1450491.8095238095,30460328.0,614.6332796858812,MidAtlantic,27
37047,NC,34.261602,-78.639308,2429.722353,55299.19047619047,1161283.0,22.75946896068683,SAtlantic,1
45041,SC,34.028535,-79.710233,2073.299557,131191.47619047618,2755021.0,63.2766624328547,SAtlantic,1
42033,PA,41.006862,-78.477724,2966.379119,81670.57142857143,1715082.0000000002,27.53207467833832,MidAtlantic,0
37019,NC,34.038754,-78.227765,2201.703879,90323.0,1896783.0,41.024136288947325,SAtlantic,7
46093,SD,44.605282,-102.714169,8989.677128,24537.14285714286,515280.00000000006,2.7294798809533907,WNCentral,0
13075,GA,31.152516,-83.429445,591.684405,16190.761904761905,340006.0,27.36384763218815,SAtlantic,0
39171,OH,41.564959,-84.584324,1089.503875,38108.09523809524,800270.0,34.977475631369586,ENCentral,0
28015,MS,33.440795,-89.918887,1627.517127,10387.142857142857,218130.0,6.382201873530795,ESCentral,0
28027,MS,34.230316,-90.60401,1432.509882,28203.714285714286,592278.0,19.688320925463803,ESCentral,0
20005,KS,39.532544,-95.313397,1116.736555,16806.809523809523,352943.0,15.049932276829178,WNCentral,0
17195,IL,41.750673,-89.911005,1771.80892,59072.90476190476,1240531.0,33.34044890230306,ENCentral,1
24039,MD,38.07445,-75.853323,828.145301,25506.52380952381,535637.0,30.79957560433445,SAtlantic,0
30051,MT,48.559654,-111.036924,3703.651373,2282.190476190476,47926.0,0.6162001350418346,Mountain,0
36015,NY,42.148697,-76.752471,1054.988422,89950.71428571429,1888965.0,85.26227625815054,MidAtlantic,2
38095,ND,48.682183,-99.248158,2655.029704,2584.190476190476,54268.0,0.9733188567710563,WNCentral,0
45051,SC,33.909269,-78.976675,2935.248129,231228.2857142857,4855794.0,78.77640170511313,SAtlantic,13
13161,GA,31.811615,-82.636825,857.075892,13822.714285714286,290277.0,16.127759997377556,SAtlantic,0
05085,AR,34.755114,-91.894132,1998.042333,60191.90476190476,1264030.0,30.125440170993993,WSCentral,2
12019,FL,29.986584,-81.865036,1565.935901,166938.0,3505698.0,106.60589612473544,SAtlantic,2
21107,KY,37.31107,-87.542196,1403.991388,46535.57142857143,977247.0,33.1451972044229,ESCentral,1
27093,MN,45.123155,-94.527346,1574.633146,22773.238095238095,478238.0,14.462567457752536,WNCentral,0
31093,NE,41.216851,-98.513342,1474.578451,6391.809523809524,134228.0,4.334669016405912,WNCentral,0
35019,NM,34.869782,-104.784968,7847.072132,4526.952380952381,95066.0,0.5768970011747027,Mountain,0
46069,SD,44.537174,-99.472736,2229.019814,1524.904761904762,32023.0,0.6841144938807447,WNCentral,0
19019,IA,42.470328,-91.838666,1479.086713,21027.904761904763,441586.0,14.216816753937511,WNCentral,0
22119,LA,32.732152,-93.339825,1536.612362,41436.52380952381,870167.0,26.96615283999896,WSCentral,0
47111,TN,36.537757,-86.00096,795.498346,20824.809523809523,437321.0,26.17831907322347,ESCentral,0
20107,KS,38.216549,-94.844932,1538.662702,9547.285714285714,200493.0,6.204924381331831,WNCentral,0
26023,MI,41.918455,-85.066885,1311.597696,45000.90476190476,945019.0,34.30999070762683,ENCentral,0
47119,TN,35.615696,-87.077763,1588.022045,75433.95238095238,1584113.0,47.50182947299852,ESCentral,1
22019,LA,30.229559,-93.358015,2755.963714,186928.85714285713,3925505.9999999995,67.82703857575432,WSCentral,3
47133,TN,36.34485,-85.283076,1122.721524,20830.285714285714,437436.0,18.553385918951808,ESCentral,0
47137,TN,36.559364,-85.075741,422.113138,4952.714285714285,104006.99999999999,11.733144126194635,ESCentral,0
24041,MD,38.748349,-76.178476,695.561637,35707.52380952381,749858.0,51.336246725067454,SAtlantic,1
24047,MD,38.222133,-75.309931,1213.156434,48393.90476190476,1016272.0,39.89090228235542,SAtlantic,1
20001,KS,37.884228,-95.300945,1295.764235,13794.52380952381,289685.0,10.645859359996773,WNCentral,0
23023,ME,43.916845,-69.844227,657.782142,35437.28571428572,744183.0000000001,53.873894488132386,NewEngland,0
48089,TX,29.596296,-96.508935,2487.142713,20180.428571428572,423789.0,8.113900527680967,WSCentral,0
06079,CA,35.388189,-120.448897,8549.172832,256481.0,5386101.0,30.000680187442022,Pacific,4
39005,OH,40.843273,-82.270127,1095.530837,52640.380952380954,1105448.0,48.05011340121771,ENCentral,0
48409,TX,28.011794,-97.517157,1795.990941,66963.23809523809,1406228.0,37.284841792104615,WSCentral,1
39081,OH,40.399384,-80.763527,1057.0371,71674.76190476191,1505170.0,67.80723392278465,ENCentral,0
27109,MN,43.999499,-92.410098,1692.589218,133608.2380952381,2805773.0,78.93719082832897,WNCentral,1
37117,NC,35.847301,-77.119602,1182.102539,24859.95238095238,522059.0,21.030284227274112,SAtlantic,0
13291,GA,34.833333,-83.989257,834.197317,19236.333333333332,403963.0,23.059692163135228,SAtlantic,1
34009,NJ,39.085841,-74.846354,651.437935,98251.66666666667,2063285.0,150.82275898880016,MidAtlantic,3
29159,MO,38.727367,-93.285207,1766.966004,40107.47619047619,842257.0,22.69849906545015,WNCentral,0
06023,CA,40.706655,-123.926176,9241.565229,129792.80952380953,2725649.0,14.044461766770864,Pacific,4
48359,TX,35.401921,-102.59762,3886.337114,2094.714285714286,43989.0,0.5389944887097835,WSCentral,0
13297,GA,33.783887,-83.731829,846.461373,71591.14285714286,1503414.0,84.57697556051723,SAtlantic,3
13303,GA,32.971843,-82.798112,1757.373959,20699.95238095238,434699.0,11.778911525883366,SAtlantic,0
20009,KS,38.481239,-98.767837,2318.705423,27892.95238095238,585752.0,12.029536871856612,WNCentral,0
27037,MN,44.670893,-93.062481,1456.967786,376212.2380952381,7900457.0,258.21589311051395,WNCentral,3
27001,MN,46.602446,-93.41976,4718.370819,15481.666666666666,325115.0,3.2811466628110026,WNCentral,0
20185,KS,38.03563,-98.719889,2051.389756,4610.0952380952385,96812.00000000001,2.247303431545087,WNCentral,0
26031,MI,45.476022,-84.495431,1852.564001,25769.52380952381,541160.0,13.910193545601457,ENCentral,0
40135,OK,35.502435,-94.750757,1744.515638,40146.09523809524,843068.0,23.01274598152684,WSCentral,0
38071,ND,48.266163,-98.739031,3070.086477,11718.952380952382,246098.0,3.8171408097936723,WNCentral,0
18001,IN,40.745733,-84.93613,877.815496,33814.380952380954,710102.0,38.52105722269108,ENCentral,0
18017,IN,40.753799,-86.355168,1067.448391,39227.666666666664,823781.0,36.74900538274985,ENCentral,0
48181,TX,33.624524,-96.675693,2416.033533,114100.52380952382,2396111.0,47.22638251955248,WSCentral,1
01029,AL,33.671964,-85.516126,1450.666453,14499.142857142857,304482.0,9.99481502254251,ESCentral,0
22033,LA,30.54393,-91.093131,1179.744893,421278.4761904762,8846848.0,357.0928585409661,WSCentral,3
22063,LA,30.440419,-90.727474,1678.641293,110179.33333333333,2313766.0,65.63601991252418,WSCentral,1
01005,AL,31.870253,-85.405104,2292.160149,27538.904761904763,578317.0,12.014389471834747,ESCentral,0
29155,MO,36.209916,-89.785942,1275.841039,19397.0,407337.0,15.203304649302789,WNCentral,1
40133,OK,35.158366,-96.602857,1639.028938,25038.0,525798.0,15.276118328058464,WSCentral,0
45017,SC,33.67478,-80.780347,987.179024,14817.047619047618,311158.0,15.009483851277231,SAtlantic,0
51155,VA,37.063385,-80.713444,828.378951,34696.42857142857,728625.0,41.884729844407374,SAtlantic,0
54003,WV,39.447938,-78.037754,831.767529,90275.95238095238,1895795.0,108.53507648884474,SAtlantic,1
55029,WI,45.093417,-87.048683,1248.277424,27673.619047619046,581146.0,22.169446082699515,ENCentral,0
46099,SD,43.667472,-96.795726,2089.701439,158745.09523809524,3333647.0,75.96544285008517,WNCentral,0
08023,CO,37.277547,-105.42894,3179.4523,3580.190476190476,75184.0,1.1260400026100332,Mountain,0
12089,FL,30.605963,-81.765087,1680.075562,65355.04761904762,1372456.0,38.90006443593971,SAtlantic,0
29097,MO,37.205197,-94.337259,1653.723325,109357.04761904762,2296498.0,66.12777721995765,WNCentral,1
31137,NE,40.516365,-99.406557,1398.048636,9491.095238095239,199313.0,6.788816206888555,WNCentral,0
48497,TX,33.219095,-97.653997,2342.36911,53582.47619047619,1125232.0,22.87533419123521,WSCentral,0
48105,TX,30.717532,-101.404211,7270.935061,3939.285714285714,82725.0,0.5417852973842856,WSCentral,0
17139,IL,39.636896,-88.625726,870.127369,14582.52380952381,306233.0,16.759068073313077,ENCentral,0
47145,TN,35.84725,-84.523929,934.370822,52440.90476190476,1101259.0,56.12429618645001,ESCentral,0
17023,IL,39.332334,-87.791683,1298.554904,16483.190476190477,346147.0,12.693487526339107,ENCentral,0
47149,TN,35.843369,-86.417213,1603.892832,222405.7142857143,4670520.0,138.66619380571825,ESCentral,3
47153,TN,35.372336,-85.410082,688.550848,12590.809523809523,264407.0,18.285954567308185,ESCentral,0
26059,MI,41.927461,-84.637479,1549.207166,46659.857142857145,979857.0,30.11853944836268,ENCentral,1
21125,KY,37.113268,-84.119395,1124.025614,55623.0,1168083.0,49.485527115398995,ESCentral,0
19183,IA,41.329401,-91.725052,1473.258536,21374.095238095237,448856.0,14.508040996068077,WNCentral,1
26061,MI,46.998427,-88.651903,2613.558396,36115.90476190476,758434.0,13.818671439360012,ENCentral,0
21129,KY,37.608116,-83.719248,540.94212,7764.571428571428,163056.0,14.353793393961313,ESCentral,0
20125,KS,37.189537,-95.742403,1666.900085,35590.95238095238,747410.0,21.351581118284233,WNCentral,0
21133,KY,37.118536,-82.861251,875.2356,24862.52380952381,522113.0,28.406664227921954,ESCentral,0
21135,KY,38.535047,-83.370143,1250.548676,13780.142857142857,289383.0,11.01927747524388,ESCentral,0
34013,NJ,40.7874,-74.246292,326.557433,778900.3333333334,16356907.0,2385.1863550548346,MidAtlantic,3
13309,GA,32.105258,-82.733849,765.314383,6635.333333333333,139342.0,8.670075305945652,SAtlantic,0
13125,GA,33.227491,-82.606913,372.299245,2792.190476190476,58636.0,7.499855327910955,SAtlantic,0
06065,CA,33.729828,-116.002239,18671.921166,1888110.8095238095,39650327.0,101.12032890123275,Pacific,27
13175,GA,32.39322,-82.926317,2090.990042,46197.619047619046,970150.0,22.09365808525407,SAtlantic,1
41061,OR,45.304081,-117.999149,5275.65149,25108.333333333332,527275.0,4.759285821083176,Pacific,1
41063,OR,45.593753,-117.18558,8147.835333,7042.761904761905,147898.0,0.8643721451067652,Pacific,0
51810,VA,36.779525,-76.029142,633.828628,436123.7619047619,9158599.0,688.0783584687846,SAtlantic,3
13021,GA,32.808845,-83.694194,645.898113,154805.7142857143,3250920.0,239.67513013265963,SAtlantic,4
01097,AL,30.684572,-88.196568,3184.064139,404569.1904761905,8495953.0,127.06062843421587,ESCentral,2
56043,WY,43.878831,-107.669052,5798.152471,8305.142857142857,174408.0,1.4323774510383787,Mountain,0
48113,TX,32.766987,-96.778424,2261.201323,2264899.8571428573,47562897.0,1001.6356500879588,WSCentral,13
26111,MI,43.648203,-84.379414,1340.188403,83031.66666666667,1743665.0,61.95521949063356,ENCentral,0
20141,KS,39.348261,-98.767942,2311.604929,4152.9047619047615,87210.99999999999,1.7965460748958115,WNCentral,0
20163,KS,39.346006,-99.324492,2306.454194,5420.333333333333,113827.0,2.3500719621632915,WNCentral,0
20183,KS,39.78466,-98.785429,2319.241778,4167.047619047619,87508.0,1.7967284215796924,WNCentral,0
26017,MI,43.699711,-83.978701,1145.830342,108722.85714285714,2283180.0,94.88565030760648,ENCentral,1
26115,MI,41.916097,-83.487106,1422.818204,148634.61904761905,3121327.0,104.46494051717872,ENCentral,2
26157,MI,43.487902,-83.436618,2084.554697,56805.857142857145,1192923.0,27.250835501994576,ENCentral,2
40079,OK,34.897356,-94.695074,4116.554962,48680.80952380953,1022297.0,11.825618745087345,WSCentral,1
06097,CA,38.525182,-122.92611,4080.862341,464951.3333333333,9763978.0,113.9345791358889,Pacific,18
10003,DE,39.575915,-75.644132,1104.206946,517876.90476190473,10875415.0,469.0034840279883,SAtlantic,4
19059,IA,43.389611,-95.196057,985.574547,16500.428571428572,346509.0,16.741938620122028,WNCentral,0
19085,IA,41.688584,-95.827149,1804.896271,15067.714285714286,316422.0,8.348243900668065,WNCentral,0
28157,MS,31.161091,-91.324617,1756.287539,9748.666666666666,204722.0,5.550723586080552,ESCentral,0
32007,NV,41.141133,-115.351424,44479.01931,46889.333333333336,984676.0,1.0541899093263378,Mountain,2
34033,NJ,39.573828,-75.357356,859.519174,65071.47619047619,1366501.0,75.70683488961491,MidAtlantic,0
17059,IL,37.768677,-88.227964,836.413648,6001.0,126021.0,7.174679674763031,ENCentral,1
24037,MD,38.223077,-76.534487,928.809939,96676.95238095238,2030216.0,104.08690553531252,SAtlantic,0
26033,MI,46.321819,-84.52063,4036.515583,38490.19047619047,808294.0,9.535499042365638,ENCentral,0
31105,NE,41.199274,-103.703153,2465.517096,3909.9523809523807,82109.0,1.5858549053648017,WNCentral,0
26075,MI,42.248474,-84.420868,1817.904856,159488.2857142857,3349254.0,87.7319212762396,ENCentral,3
20197,KS,38.955154,-96.201262,2057.320864,6855.666666666667,143969.0,3.332327390749034,WNCentral,0
48125,TX,33.615363,-100.787617,2335.454676,2423.904761904762,50902.0,1.0378727477838505,WSCentral,1
49011,UT,41.037559,-112.201943,774.579558,273626.95238095237,5746166.0,353.25868021545745,Mountain,0
27033,MN,44.010639,-95.183152,1657.522317,11893.761904761905,249769.0,7.175627008322148,WNCentral,0
21165,KY,37.935485,-83.589355,527.283209,6272.714285714285,131727.0,11.89629060559424,ESCentral,0
21173,KY,38.038109,-83.912416,511.135381,24305.333333333332,510412.0,47.55165507381171,ESCentral,0
26107,MI,43.635295,-85.332751,1437.843578,41772.04761904762,877213.0,29.05187202432087,ENCentral,0
37193,NC,36.208883,-81.166095,1952.020337,66815.80952380953,1403132.0,34.229053999763494,SAtlantic,0
55027,WI,43.429628,-88.701939,2268.049732,86554.80952380953,1817651.0,38.16265944375223,ENCentral,0
21177,KY,37.213816,-87.134092,1210.451479,31627.0,664167.0,26.128267467712348,ESCentral,0
21183,KY,37.477859,-86.844871,1521.062996,23232.47619047619,487882.0,15.273842208752404,ESCentral,1
21189,KY,37.423622,-83.691637,511.288845,4882.428571428572,102531.0,9.549256979053732,ESCentral,0
21193,KY,37.241282,-83.217772,879.824451,29209.52380952381,613400.0,33.19926353072428,ESCentral,0
27053,MN,45.006121,-93.475228,1434.949241,1127157.0,23670297.0,785.5030462363233,WNCentral,12
05077,AR,34.779505,-90.779717,1553.493435,11375.619047619048,238888.0,7.322605162872186,WSCentral,0
05117,AR,34.831116,-91.55362,1677.069898,8983.47619047619,188653.0,5.356649833849794,WSCentral,0
55051,WI,46.32655,-90.261298,1963.751254,6261.857142857143,131499.0,3.188722161272847,ENCentral,0
05017,AR,33.267139,-91.297158,1649.764677,13006.42857142857,273135.0,7.883808371433917,WSCentral,0
01071,AL,34.764114,-85.980056,2792.044654,52744.42857142857,1107633.0,18.890968844593765,ESCentral,0
01089,AL,34.764238,-86.55108,2076.1366,307245.95238095237,6452165.0,147.98927603364461,ESCentral,6
18053,IN,40.515758,-85.654946,1072.484471,71048.38095238095,1492016.0,66.24653584600102,ENCentral,1
38053,ND,47.742475,-103.403215,7148.712746,6698.952380952381,140678.0,0.9370851255284696,WNCentral,0
32005,NV,38.905129,-119.609019,1840.147662,43636.0,916356.0,23.713314372050647,Mountain,1
19031,IA,41.77236,-91.132611,1500.798731,18192.285714285714,382038.0,12.121735805416078,WNCentral,0
45057,SC,34.686818,-80.703688,1422.080346,68628.0,1441188.0,48.258876647184884,SAtlantic,0
49037,UT,37.602633,-109.791574,20253.174602,14155.285714285714,297261.0,0.6989168854984285,Mountain,0
51131,VA,37.302775,-75.924018,548.331037,12597.285714285714,264543.0,22.97386955005743,SAtlantic,0
53047,WA,48.548453,-119.742235,13639.398051,39569.47619047619,830959.0,2.9011160201146176,Pacific,3
34007,NJ,39.802407,-74.961249,573.315345,509187.0,10692927.0,888.1447260058948,MidAtlantic,6
40095,OK,34.027007,-96.770533,962.153982,14329.952380952382,300929.0,14.893616457487552,WSCentral,0
48387,TX,33.619625,-95.048429,2703.677245,13319.809523809523,279716.0,4.926553104088992,WSCentral,0
37055,NC,35.606269,-75.767536,992.558307,32063.571428571428,673335.0,32.30396763841847,SAtlantic,2
13037,GA,31.521279,-84.62629,726.191502,6091.523809523809,127922.0,8.388316019599758,SAtlantic,0
08121,CO,39.96579,-103.209744,6521.806795,4782.809523809524,100439.0,0.7333565182391337,Mountain,0
18117,IN,38.547381,-86.489257,1031.795759,19625.0,412125.0,19.020237124273738,ENCentral,0
18059,IN,39.822529,-85.77315,792.425161,62699.04761904762,1316680.0,79.12298940624832,ENCentral,1
20193,KS,39.357713,-101.083386,2783.425129,7969.666666666667,167363.0,2.8632588617642916,WNCentral,0
22047,LA,30.270653,-91.365872,1602.476038,32765.380952380954,688073.0,20.44672130840371,WSCentral,0
23009,ME,44.564906,-68.370703,4110.6428,52774.09523809524,1108256.0,12.838404552712593,NewEngland,4
31041,NE,41.393893,-99.726866,6670.757181,11352.238095238095,238397.0,1.7017915338864582,WNCentral,0
31113,NE,41.542155,-100.443665,1478.101945,791.6190476190476,16624.0,0.5355645801677419,WNCentral,0
46087,SD,43.680416,-97.358048,1487.184881,5672.047619047619,119113.0,3.8139492214536705,WNCentral,0
37153,NC,35.004636,-79.755695,1226.849523,46195.19047619047,970099.0,37.653509750103616,SAtlantic,0
27065,MN,45.94776,-93.297788,1350.962864,15520.0,325920.0,11.488102607089871,WNCentral,0
27051,MN,45.930743,-96.010699,1418.795389,6103.380952380952,128171.0,4.301804897098487,WNCentral,0
21225,KY,37.658029,-87.95165,887.813999,15522.142857142857,325965.0,17.48355272008147,ESCentral,0
17043,IL,41.852058,-88.086039,848.995066,906483.5714285715,19036155.0,1067.7135919051047,ENCentral,7
17065,IL,38.085227,-88.539009,1125.731578,8471.380952380952,177899.0,7.525222813267261,ENCentral,0
17067,IL,40.401318,-91.168801,2055.798688,19703.333333333332,413770.0,9.584271771523445,ENCentral,0
21233,KY,37.51946,-87.68479,860.132087,13653.42857142857,286722.0,15.873641708972277,ESCentral,1
06009,CA,38.191068,-120.554107,2641.837359,43198.95238095238,907178.0,16.351859145978707,Pacific,3
23017,ME,44.4945,-70.734421,5379.294384,56254.95238095238,1181354.0,10.45768243289962,NewEngland,0
23005,ME,43.808348,-70.330375,2165.803498,272412.2380952381,5720657.0,125.77883374313309,NewEngland,3
21017,KY,38.202562,-84.20986,750.439787,19715.333333333332,414022.0,26.27170583818383,ESCentral,2
06103,CA,40.126157,-122.232274,7638.22934,59363.04761904762,1246624.0,7.771833624865684,Pacific,0
18133,IN,39.665548,-86.853373,1244.585887,36626.333333333336,769153.0,29.428530176908023,ENCentral,0
18159,IN,40.310229,-86.056207,674.797598,16188.142857142857,339951.0,23.989627267675687,ENCentral,0
19057,IA,40.915339,-91.186925,1077.768376,40962.47619047619,860212.0,38.00675275192542,WNCentral,0
51161,VA,37.330792,-80.191237,648.915079,88202.38095238095,1852250.0,135.92284076416252,SAtlantic,0
19173,IA,40.737949,-94.697108,1377.618877,6642.190476190476,139486.0,4.821500769977091,WNCentral,0
55077,WI,43.826053,-89.409095,1180.288171,15066.380952380952,316394.0,12.765002075396511,ENCentral,1
20039,KS,39.783542,-100.459708,2314.199333,3190.0476190476193,66991.0,1.3784670894845596,WNCentral,0
20065,KS,39.354972,-99.879894,2327.173854,2832.5714285714284,59484.0,1.217172246801733,WNCentral,0
16011,ID,43.216357,-112.399206,5422.741967,43405.23809523809,911509.9999999999,8.004297154351045,Mountain,0
16069,ID,46.333791,-116.760909,2197.139835,38180.28571428572,801786.0000000001,17.377267075168074,Mountain,1
31021,NE,41.854179,-96.337746,1273.201338,7261.333333333333,152488.0,5.703209002858692,WNCentral,0
55001,WI,43.973757,-89.767228,1672.216054,20057.85714285714,421214.99999999994,11.994776090612238,ENCentral,1
30011,MT,45.516825,-104.515324,8651.796246,1283.7142857142858,26958.0,0.14837546437917878,Mountain,0
04007,AZ,33.789618,-110.81187,12321.426494,51421.619047619046,1079854.0,4.173349495909354,Mountain,1
17035,IL,39.273121,-88.240619,895.989975,11076.809523809523,232612.99999999997,12.362648950184429,ENCentral,0
18015,IN,40.58498,-86.565141,964.057413,20067.285714285714,421413.0,20.815446718924523,ENCentral,0
22061,LA,32.601823,-92.662303,1221.532395,44468.0,933828.0,36.40345535003188,WSCentral,0
28083,MS,33.54979,-90.294934,1538.645698,34301.42857142857,720330.0,22.293259985723218,ESCentral,0
29195,MO,39.13584,-93.204164,1956.761965,23140.904761904763,485959.0,11.826121508808438,WNCentral,0
29179,MO,37.366464,-90.972282,2093.94639,6624.0952380952385,139106.0,3.163450253420881,WNCentral,0
37137,NC,35.147575,-76.665268,871.570771,12785.904761904761,268504.0,14.669955885779425,SAtlantic,1
45067,SC,34.08362,-79.354001,1267.466476,33868.23809523809,711232.9999999999,26.72121017521736,SAtlantic,0
48407,TX,30.574388,-95.163136,1474.332269,24352.904761904763,511411.0,16.517921552665115,WSCentral,0
53061,WA,48.054913,-121.765038,5404.075989,658108.6666666666,13820282.0,121.78005416767773,Pacific,19
55067,WI,45.254863,-89.06707,2255.098142,20232.14285714286,424875.00000000006,8.971734968128434,ENCentral,0
50001,VT,44.031248,-73.141581,1984.20952,36259.47619047619,761449.0,18.27401583602733,NewEngland,0
47177,TN,35.67825,-85.777343,1120.619165,38492.380952380954,808340.0,34.349208147248625,ESCentral,1
48207,TX,33.175964,-99.730774,2339.103809,5948.666666666667,124922.0,2.5431392329739335,WSCentral,0
48371,TX,30.773298,-102.718153,12338.274936,15824.047619047618,332305.0,1.2825170213120316,WSCentral,0
47067,TN,36.521353,-83.227493,575.81601,6750.619047619048,141763.0,11.723569561080888,ESCentral,0
01039,AL,31.243987,-86.448721,2669.165738,37455.42857142857,786564.0,14.032635005832887,ESCentral,0
04005,AZ,35.829692,-111.773728,48216.135399,125682.80952380953,2639339.0,2.606654566645675,Mountain,12
48443,TX,30.232343,-102.072513,6107.081791,1010.1904761904761,21214.0,0.16541296002932085,WSCentral,0
31179,NE,42.210746,-97.126243,1147.147,9533.285714285714,200199.0,8.310430759340969,WNCentral,2
48167,TX,29.233453,-94.888456,982.346326,274145.28571428574,5757051.000000001,279.0719305996425,WSCentral,3
48175,TX,28.6607,-97.430415,2206.698612,7094.571428571428,148986.0,3.2150160379814605,WSCentral,0
05051,AR,34.578852,-93.146932,1755.088398,91311.47619047618,1917540.9999999998,52.02671061727124,WSCentral,1
26131,MI,46.835325,-89.276912,3395.416183,7277.333333333333,152824.0,2.143281689522811,ENCentral,0
23031,ME,43.426019,-70.668425,2567.159622,191322.2857142857,4017768.0,74.52683661533754,NewEngland,9
25009,MA,42.642708,-70.864909,1275.623186,730839.1428571428,15347622.0,572.9271393606848,NewEngland,6
21027,KY,37.777988,-86.432919,1475.798321,19065.190476190477,400369.0,12.91856089338272,ESCentral,0
47053,TN,35.991632,-88.933812,1561.102696,48556.95238095238,1019696.0,31.104265276954198,ESCentral,1
46125,SD,43.30867,-97.150185,1598.188442,8474.761904761905,177970.0,5.302730067398338,WNCentral,0
21033,KY,37.148642,-87.870509,893.00203,12988.952380952382,272768.0,14.545266353932456,ESCentral,0
42011,PA,40.413957,-75.92686,2218.072312,389668.61904761905,8183041.0,175.67895191670337,MidAtlantic,5
46103,SD,44.002349,-102.823801,7191.788472,95257.42857142857,2000405.9999999998,13.245304550084738,WNCentral,0
45011,SC,33.260552,-81.434228,1420.294945,22483.428571428572,472152.0,15.830112365448551,SAtlantic,0
47021,TN,36.255169,-87.100808,783.480108,37266.80952380953,782603.0,47.56573797251982,ESCentral,1
55081,WI,43.945175,-90.619969,2333.329707,42492.380952380954,892340.0,18.21104871073454,ENCentral,1
30111,MT,45.936987,-108.276656,6820.650783,138876.04761904763,2916397.0000000005,20.361113922616674,Mountain,1
27135,MN,48.761068,-95.821504,4329.730563,15943.857142857143,334821.0,3.6824132381599983,WNCentral,0
55013,WI,45.866897,-92.37573,2127.832847,15409.190476190477,323593.0,7.2417297711686635,ENCentral,0
42125,PA,40.200005,-80.252132,2219.644652,206045.2380952381,4326950.0,92.8280289863434,MidAtlantic,4
37039,NC,35.13715,-84.061449,1179.845613,25458.14285714286,534621.0,21.57752046253772,SAtlantic,1
37099,NC,35.285454,-83.123966,1271.961081,36161.71428571428,759395.9999999999,28.429890525647526,SAtlantic,1
01105,AL,32.639005,-87.293827,1863.9362,11196.52380952381,235127.0,6.006924383744362,ESCentral,0
01131,AL,31.990082,-87.304935,2299.540559,12347.47619047619,259297.0,5.369540511973284,ESCentral,0
39105,OH,39.089807,-82.028397,1113.957873,23581.428571428572,495210.0,21.169048797080112,ENCentral,1
39111,OH,39.726253,-81.090983,1180.317743,14912.380952380952,313160.0,12.634208916048593,ENCentral,0
54099,WV,38.143642,-82.422666,1310.547891,42394.04761904762,890275.0,32.348339126088156,SAtlantic,1
01075,AL,33.787085,-88.087431,1566.544684,15074.619047619048,316567.0,9.622846511551565,ESCentral,0
39167,OH,39.450676,-81.490636,1636.805226,62447.142857142855,1311390.0,38.151847186943705,ENCentral,0
12075,FL,29.271854,-82.831233,2896.183121,36842.333333333336,773689.0,12.720995805200445,SAtlantic,1
20045,KS,38.896417,-95.290947,1180.428103,105344.90476190476,2212243.0,89.24296574622026,WNCentral,1
13223,GA,33.92103,-84.867169,808.983871,111531.66666666667,2342165.0,137.86636627106088,SAtlantic,1
21159,KY,37.796774,-82.506623,594.708782,12743.238095238095,267608.0,21.427694496763113,ESCentral,0
31109,NE,40.783547,-96.688658,2169.27297,267349.4285714286,5614338.0,123.24379285997769,WNCentral,3
26141,MI,45.252397,-83.432283,1706.069655,13858.095238095239,291020.0,8.122819134307408,ENCentral,0
01003,AL,30.659218,-87.746067,4117.656199,161849.90476190476,3398848.0,39.306318191696306,ESCentral,2
51005,VA,37.787905,-80.008669,1156.616591,15397.666666666666,323351.0,13.312680093369563,SAtlantic,0
51071,VA,37.318072,-80.698321,925.207102,16811.904761904763,353050.0,18.170963804279967,SAtlantic,0
12023,FL,30.221651,-82.623371,2065.648312,61271.333333333336,1286698.0,29.662035389755804,SAtlantic,2
54015,WV,38.459826,-81.081866,885.617417,9822.857142857143,206280.0,11.091535638641513,SAtlantic,0
22085,LA,31.560402,-93.559579,2244.547678,23878.904761904763,501457.0,10.638626657813756,WSCentral,0
04012,AZ,33.72761,-114.038806,11646.04927,18924.04761904762,397405.0,1.6249328145807869,Mountain,1
04015,AZ,35.717705,-113.749689,34530.024782,175222.14285714287,3679665.0000000005,5.074486449499556,Mountain,10
04027,AZ,32.773942,-113.910905,14280.774789,172487.52380952382,3622238.0,12.078302918297203,Mountain,3
47117,TN,35.468343,-86.765865,972.442319,28495.190476190477,598399.0,29.3027050750868,ESCentral,2
55061,WI,44.605677,-87.448008,886.95179,20300.904761904763,426319.0,22.88839708176784,ENCentral,0
46021,SD,45.785575,-100.002107,1900.214169,1624.047619047619,34105.0,0.854665566409435,WNCentral,0
16013,ID,43.394192,-113.955371,6831.709646,19987.285714285714,419733.0,2.9256638162291293,Mountain,2
48369,TX,34.532163,-102.784853,2281.312149,10117.285714285714,212463.0,4.43485373920468,WSCentral,0
54013,WV,38.844159,-81.115478,723.253605,7635.571428571428,160347.0,10.557253190008543,SAtlantic,0
54057,WV,39.404781,-78.95669,849.209714,27443.714285714286,576318.0,32.31676914816154,SAtlantic,0
01127,AL,33.791558,-87.301094,2048.7577,68404.80952380953,1436501.0,33.388433158205835,ESCentral,1
51171,VA,38.856204,-78.573987,1315.919346,38747.142857142855,813690.0,29.44492227044351,SAtlantic,1
28163,MS,32.765675,-90.387928,2388.847327,27442.0,576282.0,11.487548697581543,ESCentral,0
28143,MS,34.652201,-90.37177,1176.191638,9796.619047619048,205729.0,8.329101084477399,ESCentral,0
29129,MO,40.421413,-93.567631,1175.427717,3784.904761904762,79483.0,3.2200234069389073,WNCentral,0
29197,MO,40.469361,-92.519016,795.916404,4351.333333333333,91378.0,5.467073315068064,WNCentral,0
51063,VA,36.931433,-80.350266,986.585628,14423.095238095239,302885.0,14.619202660932375,SAtlantic,0
30091,MT,48.705523,-104.533913,4343.256743,3774.8571428571427,79272.0,0.8691305548402259,Mountain,0
54047,WV,37.38276,-81.658204,1381.648569,24888.14285714286,522651.00000000006,18.013367085927086,SAtlantic,0
54031,WV,39.011361,-78.841729,1508.19015,13142.0,275982.0,8.71375535770473,SAtlantic,0
54091,WV,39.332478,-80.046554,447.475053,16297.761904761905,342253.0,36.42161008864533,SAtlantic,0
54105,WV,39.020034,-81.382975,602.201078,5758.142857142857,120921.0,9.561827548144736,SAtlantic,0
